user_id,auction_id,cat_id,cat1,property,buy_mount,day,trade_year,trade_month,weekday,buy_mount_winsor,<property object at 0x000002C1C74567F0>,birthday,gender,birth,birth_year,birth_month
513441334,19909384116,50010557,50008168,25935:21991;1628665:29784;22019:34731;22019:2026;22019:50793479;22019:3287412;22019:3377924;32047:93471;1627368:3218565;1627349:11462;1628432:106664;13394971:3269223;3988915:104912;2904342:30905,1,2012-12-12,2012,12,2,1,25935:21991;1628665:29784;22019:34731;22019:2026;22019:50793479;22019:3287412;22019:3377924;32047:93471;1627368:3218565;1627349:11462;1628432:106664;13394971:3269223;3988915:104912;2904342:30905,20110105.0,1.0,2011-01-05,2011,1
377550424,15771663914,50015841,28,1628665:3233941;1628665:3233942;3914866:11580;11684888:104528258,1,2012-11-23,2012,11,4,1,1628665:3233941;1628665:3233942;3914866:11580;11684888:104528258,20110620.0,1.0,2011-06-20,2011,6
47342027,14066344263,50013636,50008168,21458:21599;13585028:3416646;1628665:3233942;1628665:29790;1628665:3233938;25935:21990;32047:93471;22019:3265977;22019:3340598;22019:3284610;22019:34731;22135:31412;1628366:30916;8151548:29800;13529746:21983;13529646:117906617;13394971:30993;22022:110150624;13539026:117942785,1,2012-09-11,2012,9,1,1,21458:21599;13585028:3416646;1628665:3233942;1628665:29790;1628665:3233938;25935:21990;32047:93471;22019:3265977;22019:3340598;22019:3284610;22019:34731;22135:31412;1628366:30916;8151548:29800;13529746:21983;13529646:117906617;13394971:30993;22022:110150624;13539026:117942785,20101008.0,1.0,2010-10-08,2010,10
119784861,20796936076,50140021,50008168,21458:120325094;22019:2026;22019:34731;22019:3265977;22019:3287412;22019:3340598;22019:50793479;22185:21991;22334:30916;30640:93470;1628385:114518;1628665:23420;1628665:23423;1628665:23424;1628665:29784;1628665:3233938;8151548:29806;13395135:109080;1633959:3757818,1,2012-11-29,2012,11,3,1,21458:120325094;22019:2026;22019:34731;22019:3265977;22019:3287412;22019:3340598;22019:50793479;22185:21991;22334:30916;30640:93470;1628385:114518;1628665:23420;1628665:23423;1628665:23424;1628665:29784;1628665:3233938;8151548:29806;13395135:109080;1633959:3757818,20120327.0,0.0,2012-03-27,2012,3
159129426,15198386301,50013711,50008168,21458:11580;1628665:29778;22019:3340598;22019:34731;22019:2026;22019:50793479;22019:3287412;23181:131777;35779:131776;1628366:30915;25935:21991;8151548:29800;13394971:31377;13395135:30910,2,2012-08-08,2012,8,2,2,21458:11580;1628665:29778;22019:3340598;22019:34731;22019:2026;22019:50793479;22019:3287412;23181:131777;35779:131776;1628366:30915;25935:21991;8151548:29800;13394971:31377;13395135:30910,20100825.0,0.0,2010-08-25,2010,8
645596397,20115324762,50010549,50008168,21458:11580;25935:31381;1628665:3233942;1628665:31614;1628665:3233938;1628665:82340;1628665:29784;22019:31001;22019:3261251;32047:93471;1628348:11468;1627349:114518;3988915:104912;13394971:31379;8151548:29800;13395135:114477;2919054:55366;1633959:183819713,1,2012-11-30,2012,11,4,1,21458:11580;25935:31381;1628665:3233942;1628665:31614;1628665:3233938;1628665:82340;1628665:29784;22019:31001;22019:3261251;32047:93471;1628348:11468;1627349:114518;3988915:104912;13394971:31379;8151548:29800;13395135:114477;2919054:55366;1633959:183819713,20130220.0,0.0,2013-02-20,2013,2
757254614,35900705534,50013711,50008168,1628665:29798;1628665:29785;22019:3284610;22019:125938;22019:3238422;22019:3251926;22019:3263874;23181:31426;35779:131771;1628366:30916;25935:21991;8151548:29800;13394971:31377;13395135:30912;21458:97198646;1633959:43714,1,2013-12-20,2013,12,4,1,1628665:29798;1628665:29785;22019:3284610;22019:125938;22019:3238422;22019:3251926;22019:3263874;23181:31426;35779:131771;1628366:30916;25935:21991;8151548:29800;13394971:31377;13395135:30912;21458:97198646;1633959:43714,,0.0,2009-05-28,2009,5
275261625,23062392785,50010558,50008168,25935:21991;1628665:3233941;22019:3284610;22019:125938;22019:3238422;22019:3251926;22019:3263874;32047:93470;1628348:11468;3079382:29641137;8151548:29800;1627349:3227750;1628366:32799;13394971:3086;3988915:7197959;13395135:30910;13399649:3315982,1,2013-06-10,2013,6,0,1,25935:21991;1628665:3233941;22019:3284610;22019:125938;22019:3238422;22019:3251926;22019:3263874;32047:93470;1628348:11468;3079382:29641137;8151548:29800;1627349:3227750;1628366:32799;13394971:3086;3988915:7197959;13395135:30910;13399649:3315982,20100525.0,0.0,2010-05-25,2010,5
35832151,19178578964,50012451,50008168,1628665:3233942;1628665:3233939;1628665:92012;1628665:29790;1628665:31614;1628665:3233940;1628665:3233936;1628665:29778;1628665:3233938;1628665:82340;1628665:29787;1628665:29784;1628665:29793;1628665:131622;1628665:29796;1628665:133527;1628665:108579;1628665:29785;1628665:29799;122217801:31001;122217801:3275004;122217801:3261251;122217801:3238327;122217801:3228688;122217801:3265977;122217801:3248884;122217801:50793479;22009:29800;122217803:3290137;21477:4069612;25935:31381;21458:54607597,1,2014-02-28,2014,2,4,1,1628665:3233942;1628665:3233939;1628665:92012;1628665:29790;1628665:31614;1628665:3233940;1628665:3233936;1628665:29778;1628665:3233938;1628665:82340;1628665:29787;1628665:29784;1628665:29793;1628665:131622;1628665:29796;1628665:133527;1628665:108579;1628665:29785;1628665:29799;122217801:31001;122217801:3275004;122217801:3261251;122217801:3238327;122217801:3228688;122217801:3265977;122217801:3248884;122217801:50793479;22009:29800;122217803:3290137;21477:4069612;25935:31381;21458:54607597,,1.0,2009-04-01,2009,4
1834895775,43246645145,50010544,50008168,21458:159383086;13023209:125784;25935:31381;1628665:29784;1628665:92012;1628665:29798;1628665:3233942;1628665:3233938;1628665:3233936;122217801:3265977;122217801:3340598;122217801:34731;32047:93471;1628348:3229645;122218020:46055;33069:29447291;22121:31004;22066:29563;22009:29813;22061:14033338;13510285:3450338;6863019:3269152,1,2015-01-02,2015,1,4,1,21458:159383086;13023209:125784;25935:31381;1628665:29784;1628665:92012;1628665:29798;1628665:3233942;1628665:3233938;1628665:3233936;122217801:3265977;122217801:3340598;122217801:34731;32047:93471;1628348:3229645;122218020:46055;33069:29447291;22121:31004;22066:29563;22009:29813;22061:14033338;13510285:3450338;6863019:3269152,,0.0,2009-05-15,2009,5
131021484,15647837835,50006602,50008168,30497:46155;30498:46160;1628665:3233941;1628665:3233942;1628665:3233939;1628665:92012;1628324:3473865;1628366:32799;25935:31381,1,2012-09-10,2012,9,0,1,30497:46155;30498:46160;1628665:3233941;1628665:3233942;1628665:3233939;1628665:92012;1628324:3473865;1628366:32799;25935:31381,,0.0,2009-10-08,2009,10
373726419,24033632962,50008727,50014815,21458:226235510;1633959:13105580;1628665:3233942;1628665:3233938;21479:110556,1,2013-08-02,2013,8,4,1,21458:226235510;1633959:13105580;1628665:3233942;1628665:3233938;21479:110556,20130828.0,0.0,2013-08-28,2013,8
31795068,20749016489,121394024,50008168,21458:108838;1628665:3233941;1628665:3233942;1628665:3233939;1628665:92012;1628665:29790;1628665:31614;1628665:61550;1628665:3233940;1628665:3233936;1628665:3233937;1628665:29798;1628665:29778;1628665:3233938;1628665:82340;1628665:29787;1628665:29784;1628665:29793;1628665:131622;1628665:29796;1628665:133527;1628665:108579;1628665:29785;1628665:29782;1628665:29799;122217801:3340598;122217801:34731;122217801:2026;122217801:50793479;122217801:3287412;122217801:3377924;122217801:2375;122217801:28232;22009:21671;122217803:30916;21477:4195556;25935:31381;13512069:117821971;21475:493281615;21475:20145005;21475:234713719;21475:493281617;21475:493281618;21475:493281619;13023209:193961752,1,2014-12-12,2014,12,4,1,21458:108838;1628665:3233941;1628665:3233942;1628665:3233939;1628665:92012;1628665:29790;1628665:31614;1628665:61550;1628665:3233940;1628665:3233936;1628665:3233937;1628665:29798;1628665:29778;1628665:3233938;1628665:82340;1628665:29787;1628665:29784;1628665:29793;1628665:131622;1628665:29796;1628665:133527;1628665:108579;1628665:29785;1628665:29782;1628665:29799;122217801:3340598;122217801:34731;122217801:2026;122217801:50793479;122217801:3287412;122217801:3377924;122217801:2375;122217801:28232;22009:21671;122217803:30916;21477:4195556;25935:31381;13512069:117821971;21475:493281615;21475:20145005;21475:234713719;21475:493281617;21475:493281618;21475:493281619;13023209:193961752,,0.0,2007-11-24,2007,11
20995405,36818435772,50013636,50008168,1628665:29778;25935:31381;122217801:34731;122217801:2026;122217801:50793479;122217801:3287412;122217801:3377924;22135:31410;122217803:30914;22009:29800;122277569:21983;22066:29563;21458:3251020;13597904:3234271,1,2014-07-31,2014,7,3,1,1628665:29778;25935:31381;122217801:34731;122217801:2026;122217801:50793479;122217801:3287412;122217801:3377924;22135:31410;122217803:30914;22009:29800;122277569:21983;22066:29563;21458:3251020;13597904:3234271,20111114.0,0.0,2011-11-14,2011,11
504804896,36740523560,50012361,122650008,21458:30992;1628665:3233941;1628665:3233942;1628665:3233939;1628665:92012;1628665:29790;1628665:31614;1628665:61550;22007:30384;22007:30385;22007:30386;22007:30387;22007:30388;22007:30389;22007:30390;22007:30391;22007:30392;22007:30393;22007:30394;22007:30395;22007:30396;22007:30397;22007:30398;22007:30399;22007:30400;22007:30338;22007:30401;22007:78118851;22007:78118763;122217803:30914;122217981:104866;21948:3228727;35730:117233;122218021:21828;22061:30912;25935:21991;25935:21990;25935:31381;122277820:29859;2397831:40203,1,2014-11-18,2014,11,1,1,21458:30992;1628665:3233941;1628665:3233942;1628665:3233939;1628665:92012;1628665:29790;1628665:31614;1628665:61550;22007:30384;22007:30385;22007:30386;22007:30387;22007:30388;22007:30389;22007:30390;22007:30391;22007:30392;22007:30393;22007:30394;22007:30395;22007:30396;22007:30397;22007:30398;22007:30399;22007:30400;22007:30338;22007:30401;22007:78118851;22007:78118763;122217803:30914;122217981:104866;21948:3228727;35730:117233;122218021:21828;22061:30912;25935:21991;25935:21990;25935:31381;122277820:29859;2397831:40203,20100220.0,0.0,2010-02-20,2010,2
669302326,8945822711,211122,38,21458:21786;33482:12586385;2804159:9362580;6933553:3313377;5393572:75369399;33595:29230;21475:137319;6933666:96059;14814533:28471,6,2013-05-26,2013,5,6,6,21458:21786;33482:12586385;2804159:9362580;6933553:3313377;5393572:75369399;33595:29230;21475:137319;6933666:96059;14814533:28471,20100406.0,0.0,2010-04-06,2010,4
1027969540,37554024452,50012442,50008168,21458:30992;1628665:29799;22009:29800;122217965:3227750;122217803:3230095;122218066:44012;122217801:3265977;122217801:3340598;122217801:34731;122217801:2026;122217801:112997257;122217801:112997258;122217801:112997259;122217801:112997260;122217801:112997261;25935:31381;22066:30993;31368:82129;22061:14033338;23378:287243516,1,2014-03-26,2014,3,2,1,21458:30992;1628665:29799;22009:29800;122217965:3227750;122217803:3230095;122218066:44012;122217801:3265977;122217801:3340598;122217801:34731;122217801:2026;122217801:112997257;122217801:112997258;122217801:112997259;122217801:112997260;122217801:112997261;25935:31381;22066:30993;31368:82129;22061:14033338;23378:287243516,20130228.0,0.0,2013-02-28,2013,2
369616040,37089344763,50023732,28,21458:32270;15665219:95851700;11666049:40203;11684888:11468;11666049:62519847;33969:43417;21475:135183931;1628665:29798,1,2014-08-21,2014,8,3,1,21458:32270;15665219:95851700;11666049:40203;11684888:11468;11666049:62519847;33969:43417;21475:135183931;1628665:29798,20141005.0,0.0,2014-10-05,2014,10
419554296,37829194505,50024153,28,29609:21671;1628665:3233941;1628665:3233942;1628665:3233939;20191801:21671;23011:44062;21479:28492;21475:135183931;122218092:43179;21458:3871791,1,2014-12-31,2014,12,2,1,29609:21671;1628665:3233941;1628665:3233942;1628665:3233939;20191801:21671;23011:44062;21479:28492;21475:135183931;122218092:43179;21458:3871791,20120709.0,1.0,2012-07-09,2012,7
717297456,18852684292,50008727,50014815,21458:46880;1633959:3744705;1628665:31614;1628665:29787;1628665:29796;1628665:133527;1628665:108579;1628665:29785;1628665:29782;1628665:29799;21479:21671,1,2013-10-18,2013,10,4,1,21458:46880;1633959:3744705;1628665:31614;1628665:29787;1628665:29796;1628665:133527;1628665:108579;1628665:29785;1628665:29782;1628665:29799;21479:21671,20130612.0,1.0,2013-06-12,2013,6
874621830,26692404101,50012359,122650008,21458:3303351;1633959:204433913;1628366:3230095;8185022:31540;8185016:31619;23654:46082;7222700:4528057;25935:21990;1628665:29784;1628665:29796;1628665:29782;22007:30390;22007:30391;22007:30392;22007:30393;22007:30394;22007:30395;39124336:18340619,1,2013-11-25,2013,11,0,1,21458:3303351;1633959:204433913;1628366:3230095;8185022:31540;8185016:31619;23654:46082;7222700:4528057;25935:21990;1628665:29784;1628665:29796;1628665:29782;22007:30390;22007:30391;22007:30392;22007:30393;22007:30394;22007:30395;39124336:18340619,20101220.0,1.0,2010-12-20,2010,12
711528325,15799901720,50012451,50008168,21458:122635653;1628665:3233942;1628665:29790;1628665:61550;1628665:29778;1628665:3233938;13023209:137594062;122217801:31001;122217801:3265977;122217801:3340598;122217801:125938;122217801:3238422;122217801:3287412;122217801:3377924;122217801:2375;22009:29800;122217803:3290137;21477:30731631;21477:106779;21477:3979320;21477:24927057;21477:28695579;21477:4069612;25935:31381;13512069:31494,1,2014-02-28,2014,2,4,1,21458:122635653;1628665:3233942;1628665:29790;1628665:61550;1628665:29778;1628665:3233938;13023209:137594062;122217801:31001;122217801:3265977;122217801:3340598;122217801:125938;122217801:3238422;122217801:3287412;122217801:3377924;122217801:2375;22009:29800;122217803:3290137;21477:30731631;21477:106779;21477:3979320;21477:24927057;21477:28695579;21477:4069612;25935:31381;13512069:31494,20101114.0,1.0,2010-11-14,2010,11
2067426839,39215703623,50023591,50022520,21458:81321799;1628665:3233941;21967:29774;21967:29773;21967:29775;21967:29776;122277773:138305;122277569:21982;21477:22516235;122217803:3290137;122217803:30915;122217803:30914;11761801:119491;22009:106665,1,2014-09-16,2014,9,1,1,21458:81321799;1628665:3233941;21967:29774;21967:29773;21967:29775;21967:29776;122277773:138305;122277569:21982;21477:22516235;122217803:3290137;122217803:30915;122217803:30914;11761801:119491;22009:106665,20150301.0,1.0,2015-03-01,2015,3
56736746,13725195879,50008817,28,1628665:3233941;1628665:3233942;1628665:3233939;1628665:92012;1628665:29790;1628665:31614;1628665:61550;32767:102541;11684888:104528258,10,2013-01-05,2013,1,5,10,1628665:3233941;1628665:3233942;1628665:3233939;1628665:92012;1628665:29790;1628665:31614;1628665:61550;32767:102541;11684888:104528258,20121105.0,1.0,2012-11-05,2012,11
91177545,38600977799,121466023,50008168,1628665:3233941;1628665:3233942;1628665:3233939;1628665:92012;1628665:29790;1628665:31614;1628665:3233940;1628665:3233936;1628665:3233937;1628665:29798;1628665:29778;1628665:3233938;1628665:82340;1628665:29787;1628665:29784;1628665:29793;1628665:131622;1628665:29796;1628665:133527;1628665:108579;1628665:29782;1628665:29799;25935:21991;13023209:4483371,1,2014-10-29,2014,10,2,1,1628665:3233941;1628665:3233942;1628665:3233939;1628665:92012;1628665:29790;1628665:31614;1628665:3233940;1628665:3233936;1628665:3233937;1628665:29798;1628665:29778;1628665:3233938;1628665:82340;1628665:29787;1628665:29784;1628665:29793;1628665:131622;1628665:29796;1628665:133527;1628665:108579;1628665:29782;1628665:29799;25935:21991;13023209:4483371,20100203.0,0.0,2010-02-03,2010,2
136997100,35447551022,50013636,50008168,21458:29756143;1633959:345171494;13583179:345171494;25935:31381;32047:93471;22135:31412;1628366:30916;8151548:3228791;13529746:21983;13529646:117906617;22022:110150624;1628665:3233942;1628665:29778;1628665:3233938;1628665:29782;22019:3238327;22019:3228688;22019:3265977;22019:3248884;22019:3340598;22019:34731;22019:2026,1,2013-11-11,2013,11,0,1,21458:29756143;1633959:345171494;13583179:345171494;25935:31381;32047:93471;22135:31412;1628366:30916;8151548:3228791;13529746:21983;13529646:117906617;22022:110150624;1628665:3233942;1628665:29778;1628665:3233938;1628665:29782;22019:3238327;22019:3228688;22019:3265977;22019:3248884;22019:3340598;22019:34731;22019:2026,20130113.0,1.0,2013-01-13,2013,1
707774847,35505954971,121472022,50008168,1628665:3233941;1628665:3233942;1628665:3233939;1628665:29790;1628665:31614;1628665:61550;1628665:3233936;1628665:3233937;1628665:29798;1628665:29778;1628665:3233938;1628665:82340;1628665:29787;1628665:29784;1628665:29793;1628665:131622;1628665:133527;1628665:108579;1628665:29785,1,2014-12-30,2014,12,1,1,1628665:3233941;1628665:3233942;1628665:3233939;1628665:29790;1628665:31614;1628665:61550;1628665:3233936;1628665:3233937;1628665:29798;1628665:29778;1628665:3233938;1628665:82340;1628665:29787;1628665:29784;1628665:29793;1628665:131622;1628665:133527;1628665:108579;1628665:29785,20110331.0,0.0,2011-03-31,2011,3
161512438,36797644528,50012564,50014815,21458:3253031;1986623:3784952;30145742:531899774;122217774:114590721;1628149:137593;15054114:21671;8456532:47756298,1,2014-04-09,2014,4,2,1,21458:3253031;1986623:3784952;30145742:531899774;122217774:114590721;1628149:137593;15054114:21671;8456532:47756298,20130304.0,0.0,2013-03-04,2013,3
2104818212,40553447811,121540027,28,21458:57737100;125499563:19689726;11945782:7813537;11684888:11468;21479:28619;12082847:107548441;21475:275708185;1628665:11453;1628665:11516251;1628665:6074618;1628665:3233941;1628665:29789;1628665:131277;1628665:3344677;1628665:3233942;1628665:4514833;1628665:174145480;1628665:3233939;1628665:11451;1628665:8245720;1628665:16385579;1628665:15783706;1628665:3709248;1628665:92012;1628665:29790,1,2014-11-11,2014,11,1,1,21458:57737100;125499563:19689726;11945782:7813537;11684888:11468;21479:28619;12082847:107548441;21475:275708185;1628665:11453;1628665:11516251;1628665:6074618;1628665:3233941;1628665:29789;1628665:131277;1628665:3344677;1628665:3233942;1628665:4514833;1628665:174145480;1628665:3233939;1628665:11451;1628665:8245720;1628665:16385579;1628665:15783706;1628665:3709248;1628665:92012;1628665:29790,20140327.0,0.0,2014-03-27,2014,3
87659835,4600695918,50023732,28,21458:4011457;16044520:5556004;11666049:62519847;11684888:104528257;33969:43419;21475:11488282,1,2013-04-24,2013,4,2,1,21458:4011457;16044520:5556004;11666049:62519847;11684888:104528257;33969:43419;21475:11488282,20110930.0,1.0,2011-09-30,2011,9
188799366,23990428301,50012451,50008168,21458:30992;1628665:3233941;1628665:29790;1628665:3233936;1628665:3233938;1628665:29793;122217801:3265977;122217801:34731;122217801:2026;122217801:50793479;22009:29800;122217803:3290137;21477:30731631;25935:21991;13512069:31494;21475:20145005;21475:234713719;21475:493281617;21475:493281618,1,2014-03-19,2014,3,2,1,21458:30992;1628665:3233941;1628665:29790;1628665:3233936;1628665:3233938;1628665:29793;122217801:3265977;122217801:34731;122217801:2026;122217801:50793479;22009:29800;122217803:3290137;21477:30731631;25935:21991;13512069:31494;21475:20145005;21475:234713719;21475:493281617;21475:493281618,20111130.0,1.0,2011-11-30,2011,11
51587524,22752544214,50010558,50008168,25935:31381;1628665:3233941;1628665:3233942;1628665:29793;22019:3251926;22019:3263874;22019:3385599;22019:3226274;32047:93470;1628305:117133366;1628306:3229402;1628348:3229644;3079382:29641138;8151548:44428977;1627349:11462;1628366:32799;13394971:30993;3988915:7197959;13395135:30910;13399649:3306112,1,2013-04-13,2013,4,5,1,25935:31381;1628665:3233941;1628665:3233942;1628665:29793;22019:3251926;22019:3263874;22019:3385599;22019:3226274;32047:93470;1628305:117133366;1628306:3229402;1628348:3229644;3079382:29641138;8151548:44428977;1627349:11462;1628366:32799;13394971:30993;3988915:7197959;13395135:30910;13399649:3306112,,1.0,2009-02-02,2009,2
274099870,36271556114,50012564,50014815,21458:41269706;1628149:137593;8456532:4244397;15054114:74941652;122217774:2199;18050421:5521079;50613519:31966505,1,2014-08-09,2014,8,5,1,21458:41269706;1628149:137593;8456532:4244397;15054114:74941652;122217774:2199;18050421:5521079;50613519:31966505,20140831.0,0.0,2014-08-31,2014,8
51150884,41074778874,50007011,50008168,1628665:29793;1628665:29782;21475:38370767;21475:7662460;21475:38370940;21967:29772;21967:29773;21967:29774,1,2014-09-12,2014,9,4,1,1628665:29793;1628665:29782;21475:38370767;21475:7662460;21475:38370940;21967:29772;21967:29773;21967:29774,,1.0,2008-11-29,2008,11
286307391,12277146635,50004457,50014815,21458:8535341,1,2012-11-25,2012,11,6,1,21458:8535341,20111009.0,0.0,2011-10-09,2011,10
283250293,20261713153,50006602,50008168,21458:3375978;30497:46155;1633959:3366870;30498:46160;1628665:3233941;1628665:29784;1628324:9319927;1628324:3473865;1628324:3229496;1628324:56082775;1628366:30916;25935:31381,1,2013-10-07,2013,10,0,1,21458:3375978;30497:46155;1633959:3366870;30498:46160;1628665:3233941;1628665:29784;1628324:9319927;1628324:3473865;1628324:3229496;1628324:56082775;1628366:30916;25935:31381,20130613.0,1.0,2013-06-13,2013,6
14905422,40739265133,50234023,50014815,13023209:680187509;21458:120745246;2815901:680187509;33969:54103884,1,2015-02-05,2015,2,3,1,13023209:680187509;21458:120745246;2815901:680187509;33969:54103884,20110429.0,1.0,2011-04-29,2011,4
410823343,10682626256,50009541,50014815,1628665:3233941;1628665:92012;21458:137453544;16578751:8592908;33604:110563;33602:110556;33603:110560;33605:110567;33606:110569;2815901:103739731;5168900:6474327;6478880:29772;6478880:29773;6478880:29774;6478880:11580,1,2012-11-07,2012,11,2,1,1628665:3233941;1628665:92012;21458:137453544;16578751:8592908;33604:110563;33602:110556;33603:110560;33605:110567;33606:110569;2815901:103739731;5168900:6474327;6478880:29772;6478880:29773;6478880:29774;6478880:11580,20110326.0,1.0,2011-03-26,2011,3
211057395,17690851568,50010557,50008168,25935:21991;1628665:3233942;1628665:3233939;1628665:92012;1628665:29790;1628665:31614;22019:3340598;22019:34731;22019:2026;22019:50793479;22019:3287412;32047:93471;1627368:3218566;1627349:11462;1628432:3230662,1,2012-12-22,2012,12,5,1,25935:21991;1628665:3233942;1628665:3233939;1628665:92012;1628665:29790;1628665:31614;22019:3340598;22019:34731;22019:2026;22019:50793479;22019:3287412;32047:93471;1627368:3218566;1627349:11462;1628432:3230662,,0.0,2008-03-11,2008,3
573822792,37065042003,50010236,50014815,21458:117002569;13380393:75371776;3091143:29821535;21475:32572474;5434423:6480840;1628665:3233942;1628665:3233939;1628665:31614;1628665:61550;1628665:3233937;1628665:3233938;1628665:29784;1628665:29793;1628665:131622;1628665:133527;1628665:29782;1628665:29799,1,2014-11-11,2014,11,1,1,21458:117002569;13380393:75371776;3091143:29821535;21475:32572474;5434423:6480840;1628665:3233942;1628665:3233939;1628665:31614;1628665:61550;1628665:3233937;1628665:3233938;1628665:29784;1628665:29793;1628665:131622;1628665:133527;1628665:29782;1628665:29799,20141226.0,0.0,2014-12-26,2014,12
826835722,24111248561,50013207,50008168,21458:30992;1628665:29793;1628665:29799;2904342:30905;22019:3265977;22019:3340598;22019:34731;25935:31381;1633959:71079179;32047:93470;13394971:30993;13395135:33213;13512632:44718,1,2013-09-06,2013,9,4,1,21458:30992;1628665:29793;1628665:29799;2904342:30905;22019:3265977;22019:3340598;22019:34731;25935:31381;1633959:71079179;32047:93470;13394971:30993;13395135:33213;13512632:44718,20140702.0,0.0,2014-07-02,2014,7
160688669,20803560636,50007012,50008168,1628665:3233941;1628665:3233942;1628665:3233939;1628665:92012;1628665:29790;1628665:31614;1628665:61550;1628665:3233940;1628665:3233936;1628665:3233937;1628665:29798;1628665:29778;1628665:3233938;1628665:82340;1628665:29787;1628324:3229494;23670:47726,1,2012-12-29,2012,12,5,1,1628665:3233941;1628665:3233942;1628665:3233939;1628665:92012;1628665:29790;1628665:31614;1628665:61550;1628665:3233940;1628665:3233936;1628665:3233937;1628665:29798;1628665:29778;1628665:3233938;1628665:82340;1628665:29787;1628324:3229494;23670:47726,20110915.0,1.0,2011-09-15,2011,9
325249615,18350150733,50016706,50022520,1628665:61550;1628665:3233938;1628665:82340;1628665:29782;31332:29774;31332:29775;31332:29776;5316791:10915994;5316896:3559330;5316831:7106884;5339670:31410;5339781:52915534;33026:29800;1629342:30912;6632620:22516235;1629344:3271316;21458:3955444;17743268:3670431,1,2013-09-27,2013,9,4,1,1628665:61550;1628665:3233938;1628665:82340;1628665:29782;31332:29774;31332:29775;31332:29776;5316791:10915994;5316896:3559330;5316831:7106884;5339670:31410;5339781:52915534;33026:29800;1629342:30912;6632620:22516235;1629344:3271316;21458:3955444;17743268:3670431,20110103.0,0.0,2011-01-03,2011,1
412025994,37347696228,50023670,28,11684888:11468;33969:184475658;21475:135183931;21458:3464138;29114389:6799244,1,2014-06-21,2014,6,5,1,11684888:11468;33969:184475658;21475:135183931;21458:3464138;29114389:6799244,20130402.0,1.0,2013-04-02,2013,4
116466705,16949927732,50010549,50008168,21458:46906;1633959:126113577;25935:21991;1628348:3229644;1627349:11462;3988915:104911;2904342:11580;13394971:30993;8151548:106665;13395135:30912;2919054:11337999;1628665:29787;1628665:29799;22019:2026;22019:50793479;22019:3287412;22019:3377924;22019:2375;22019:28232;22019:138748;32047:93470;6863019:148660028,1,2013-11-11,2013,11,0,1,21458:46906;1633959:126113577;25935:21991;1628348:3229644;1627349:11462;3988915:104911;2904342:11580;13394971:30993;8151548:106665;13395135:30912;2919054:11337999;1628665:29787;1628665:29799;22019:2026;22019:50793479;22019:3287412;22019:3377924;22019:2375;22019:28232;22019:138748;32047:93470;6863019:148660028,20130101.0,0.0,2013-01-01,2013,1
711496874,15079145376,50016704,50022520,21458:141242919;17309802:152632586;13023209:152632586;21948:52657772;5261480:114541;21479:29800;122277773:114414;122217941:10911715;1629333:3271268;122218045:106713;1629341:3272628;122218049:3271277;1629337:117245;22061:104171491;122218046:3271316;21477:114412;122217803:3230095;22066:65007541;122509742:17632913;1628665:3233941;1628665:3233942;1628665:3233939;1628665:92012;1628665:29790;1628665:29778;1628665:3233938;1628665:29793;21967:31457;21967:31458;21967:31461;21967:31462;21967:31465;21967:31466;21967:31469;21967:31470;21967:31473,1,2014-03-26,2014,3,2,1,21458:141242919;17309802:152632586;13023209:152632586;21948:52657772;5261480:114541;21479:29800;122277773:114414;122217941:10911715;1629333:3271268;122218045:106713;1629341:3272628;122218049:3271277;1629337:117245;22061:104171491;122218046:3271316;21477:114412;122217803:3230095;22066:65007541;122509742:17632913;1628665:3233941;1628665:3233942;1628665:3233939;1628665:92012;1628665:29790;1628665:29778;1628665:3233938;1628665:29793;21967:31457;21967:31458;21967:31461;21967:31462;21967:31465;21967:31466;21967:31469;21967:31470;21967:31473,20111025.0,0.0,2011-10-25,2011,10
693449541,35676960895,50010544,50008168,21458:233035500;1633959:7519780;25935:21991;1628348:3229644;1628021:46055;3988915:29447291;2904342:30907;13394971:29563;8151548:29800;13395135:30912;13510285:3450338;2919706:127327598;1628665:3233941;22019:2026;22019:50793479;22019:3287412;22019:3377924;22019:2375,1,2013-11-11,2013,11,0,1,21458:233035500;1633959:7519780;25935:21991;1628348:3229644;1628021:46055;3988915:29447291;2904342:30907;13394971:29563;8151548:29800;13395135:30912;13510285:3450338;2919706:127327598;1628665:3233941;22019:2026;22019:50793479;22019:3287412;22019:3377924;22019:2375,,1.0,2007-01-13,2007,1
848302497,42258876583,50013636,50008168,21458:30992;13658074:15481914;1628665:29790;1628665:133527;25935:31381;13023209:15481914;32047:93470;122217801:3228688;122217801:3265977;122217801:3248884;122217801:3340598;122217801:3284610;22135:31412;122217803:30916;22009:27417714;122277569:21983;2049128:117906617;22066:30993;22022:110150624;122277668:23751657,1,2014-12-12,2014,12,4,1,21458:30992;13658074:15481914;1628665:29790;1628665:133527;25935:31381;13023209:15481914;32047:93470;122217801:3228688;122217801:3265977;122217801:3248884;122217801:3340598;122217801:3284610;22135:31412;122217803:30916;22009:27417714;122277569:21983;2049128:117906617;22066:30993;22022:110150624;122277668:23751657,20140218.0,1.0,2014-02-18,2014,2
197066280,14829521668,50015841,28,21458:3440761;1628665:3233941;1628665:3233942;1628665:3233939;1628665:29790;1628665:31614;1628665:61550;1628665:3233940;1628665:3233937;1628665:29798;3914866:11580,2,2012-11-25,2012,11,6,2,21458:3440761;1628665:3233941;1628665:3233942;1628665:3233939;1628665:29790;1628665:31614;1628665:61550;1628665:3233940;1628665:3233937;1628665:29798;3914866:11580,,0.0,2008-05-10,2008,5
13802003,26680928161,121408024,50008168,21458:32270;1628665:3233941;1628665:3233942;1628665:3233939;1628665:92012;1628665:29790;1628665:31614;1628665:61550;1628665:3233940;1628665:3233936;1628665:3233937;1628665:29798;13023209:3235337;122217801:3340598;122217801:34731;122217801:2026;122217801:50793479;22009:29800;122217803:3290137;21477:4195556;21477:30731631;21477:106779;21477:4069612;25935:31381;21475:20145005;21475:234713719;21475:493281617,2,2014-09-12,2014,9,4,2,21458:32270;1628665:3233941;1628665:3233942;1628665:3233939;1628665:92012;1628665:29790;1628665:31614;1628665:61550;1628665:3233940;1628665:3233936;1628665:3233937;1628665:29798;13023209:3235337;122217801:3340598;122217801:34731;122217801:2026;122217801:50793479;22009:29800;122217803:3290137;21477:4195556;21477:30731631;21477:106779;21477:4069612;25935:31381;21475:20145005;21475:234713719;21475:493281617,20111022.0,1.0,2011-10-22,2011,10
300031861,15556186232,50023632,50022520,21458:36557171;1633959:11499;11746018:21978;11802954:105416591;2397831:16561164;22334:33553046;2055177:104585;2049586:3349669;1628665:61550;1628665:3233938;21967:29774;21967:29773;21967:29775,1,2014-02-18,2014,2,1,1,21458:36557171;1633959:11499;11746018:21978;11802954:105416591;2397831:16561164;22334:33553046;2055177:104585;2049586:3349669;1628665:61550;1628665:3233938;21967:29774;21967:29773;21967:29775,20140105.0,0.0,2014-01-05,2014,1
650723936,38200162608,50012564,50014815,21458:30992;1628149:4300532;15054114:9609256;2815901:6736120;122217774:34731;21956:102526;37478245:9609256,5,2014-08-14,2014,8,3,5,21458:30992;1628149:4300532;15054114:9609256;2815901:6736120;122217774:34731;21956:102526;37478245:9609256,20141006.0,0.0,2014-10-06,2014,10
200491949,8680970096,50016704,50022520,21458:79565215;9133241:86045645;1633959:86045645;5261493:52657772;5261480:37474085;34394:29800;33017:114414;33016:104551;1629333:3271269;1629323:106664;1629341:3272628;1629335:3271277;1629337:117245;1629342:101277;1629344:109126;1629348:114412;1628366:3230095;6619922:65007541;16646653:52928015;1628665:3233939;1628665:92012;1628665:29790;1628665:31614;1628665:3233936;1628665:29778;1628665:3233938;1628665:82340;22142:31456;22142:31457;22142:31458;22142:31460;22142:31461;22142:31462;22142:31465;22142:31466;22142:31469;22142:31470;22142:31473;22142:31474;22142:82020;22142:82021;22142:82023;22142:82024;22142:82026;22142:82027;22142:82030;22142:82029;22142:82032;22142:82033,1,2013-07-15,2013,7,0,1,21458:79565215;9133241:86045645;1633959:86045645;5261493:52657772;5261480:37474085;34394:29800;33017:114414;33016:104551;1629333:3271269;1629323:106664;1629341:3272628;1629335:3271277;1629337:117245;1629342:101277;1629344:109126;1629348:114412;1628366:3230095;6619922:65007541;16646653:52928015;1628665:3233939;1628665:92012;1628665:29790;1628665:31614;1628665:3233936;1628665:29778;1628665:3233938;1628665:82340;22142:31456;22142:31457;22142:31458;22142:31460;22142:31461;22142:31462;22142:31465;22142:31466;22142:31469;22142:31470;22142:31473;22142:31474;22142:82020;22142:82021;22142:82023;22142:82024;22142:82026;22142:82027;22142:82030;22142:82029;22142:82032;22142:82033,20131106.0,1.0,2013-11-06,2013,11
139924698,37310042870,50012361,122650008,1628665:3233942;1628665:29796;22007:30384;22007:30385;22007:30386;22007:30387;22007:30388;22007:30389;22007:30390;22007:30391;22007:30392;122217803:30914;122217981:104866;21948:3228727;35730:125116;122218021:21828;22061:30912;25935:21991;25935:21990;122277820:29859;21458:3716749;2397831:16560881,1,2014-05-26,2014,5,0,1,1628665:3233942;1628665:29796;22007:30384;22007:30385;22007:30386;22007:30387;22007:30388;22007:30389;22007:30390;22007:30391;22007:30392;122217803:30914;122217981:104866;21948:3228727;35730:125116;122218021:21828;22061:30912;25935:21991;25935:21990;122277820:29859;21458:3716749;2397831:16560881,20120117.0,1.0,2012-01-17,2012,1
2230873305,36078196999,50009540,50014815,21458:87053095;9176982:641252401;2191928:3632786;2191842:13613107;2815901:59118284;122451853:6474327;22277:3818789;21479:44208;1628665:3233941;1628665:3233942;1628665:3233939;1628665:92012;1628665:29790;1628665:31614;1628665:61550;1628665:3233940;1628665:3233936;1628665:3233937,1,2014-11-05,2014,11,2,1,21458:87053095;9176982:641252401;2191928:3632786;2191842:13613107;2815901:59118284;122451853:6474327;22277:3818789;21479:44208;1628665:3233941;1628665:3233942;1628665:3233939;1628665:92012;1628665:29790;1628665:31614;1628665:61550;1628665:3233940;1628665:3233936;1628665:3233937,20120201.0,0.0,2012-02-01,2012,2
426768576,13569192180,121540027,28,21458:215485914;125501489:4330167;11945782:7813537;11684888:11468;21479:28619;12082847:107548441;21475:275708185;1628665:3233941;1628665:3233942;1628665:3233939;1628665:15783706;1628665:92012;1628665:29790;1628665:31614;1628665:61550;1628665:3233940;1628665:3233936;1628665:3233937;1628665:29798;1628665:29792;1628665:11452;1628665:29778;1628665:29784;1628665:29793;1628665:131622;1628665:122776281;1628665:21419489;1628665:29796;1628665:133527;1628665:108579;1628665:29785;1628665:29782;1628665:29799,1,2014-03-26,2014,3,2,1,21458:215485914;125501489:4330167;11945782:7813537;11684888:11468;21479:28619;12082847:107548441;21475:275708185;1628665:3233941;1628665:3233942;1628665:3233939;1628665:15783706;1628665:92012;1628665:29790;1628665:31614;1628665:61550;1628665:3233940;1628665:3233936;1628665:3233937;1628665:29798;1628665:29792;1628665:11452;1628665:29778;1628665:29784;1628665:29793;1628665:131622;1628665:122776281;1628665:21419489;1628665:29796;1628665:133527;1628665:108579;1628665:29785;1628665:29782;1628665:29799,20130401.0,1.0,2013-04-01,2013,4
72875105,14151218336,50009549,50014815,6943574:86358;21458:140249390;17187071:140510790;1633959:3701194,1,2012-09-17,2012,9,0,1,6943574:86358;21458:140249390;17187071:140510790;1633959:3701194,20120802.0,0.0,2012-08-02,2012,8
821089219,12611605545,50006032,50022520,21458:113310662;8633271:171376407;122277773:3397761;2815901:171107725;13023209:6331292,1,2014-04-10,2014,4,3,1,21458:113310662;8633271:171376407;122277773:3397761;2815901:171107725;13023209:6331292,20140615.0,0.0,2014-06-15,2014,6
106828323,19622521690,50012835,50014815,21458:119533678;50137560:298504407;1628665:29796;1628665:29784;1628665:29782;122451853:6474327;1628149:110568,1,2014-06-15,2014,6,6,1,21458:119533678;50137560:298504407;1628665:29796;1628665:29784;1628665:29782;122451853:6474327;1628149:110568,20140201.0,0.0,2014-02-01,2014,2
775276242,37469217502,50012364,122650008,21458:25179157;6625596:536189784;1628665:3233938;1628665:29796;13023209:536189784;22007:30384;22007:30385;22007:30387;22007:30388;22007:30389;22007:30390;22007:30392;22007:186457463;122217803:30915;2397831:16561212;122217809:47570;21948:3228727;122218021:135739;35730:3227759;25935:21991,1,2014-04-16,2014,4,2,1,21458:25179157;6625596:536189784;1628665:3233938;1628665:29796;13023209:536189784;22007:30384;22007:30385;22007:30387;22007:30388;22007:30389;22007:30390;22007:30392;22007:186457463;122217803:30915;2397831:16561212;122217809:47570;21948:3228727;122218021:135739;35730:3227759;25935:21991,20110201.0,0.0,2011-02-01,2011,2
761730076,27216992100,50024842,50008168,25935:21991;13545112:43704;1628665:3233941;1628665:3233942;1628665:3233939;21458:3286858;2246106:3527646,4,2013-09-17,2013,9,1,4,25935:21991;13545112:43704;1628665:3233941;1628665:3233942;1628665:3233939;21458:3286858;2246106:3527646,,0.0,2008-02-09,2008,2
76076096,19139083728,50016704,50022520,21458:216913781;35565685:217096257;1633959:3402434;5261493:52657772;5261480:37474085;34394:31279;33017:114414;33016:104551;1629333:3271268;1629323:106664;1629341:3272628;1629335:3271277;1629337:117245;1629342:101277;1629344:3271317;1629348:114412;1628366:3230095;6619922:65007541;16646653:17632913;1628665:31614;1628665:133527;22142:31457;22142:31458;22142:31461;22142:31462;22142:31465;22142:31466;22142:31469;22142:31470;22142:31473;22142:31474,1,2014-01-10,2014,1,4,1,21458:216913781;35565685:217096257;1633959:3402434;5261493:52657772;5261480:37474085;34394:31279;33017:114414;33016:104551;1629333:3271268;1629323:106664;1629341:3272628;1629335:3271277;1629337:117245;1629342:101277;1629344:3271317;1629348:114412;1628366:3230095;6619922:65007541;16646653:17632913;1628665:31614;1628665:133527;22142:31457;22142:31458;22142:31461;22142:31462;22142:31465;22142:31466;22142:31469;22142:31470;22142:31473;22142:31474,20140428.0,1.0,2014-04-28,2014,4
50839954,19707779331,211122,38,21458:4100827;1827998:137330;1930634:54488748;6933553:3313377;33595:28870;21475:137322;6933666:68145978;5393572:75369987;14814533:28870,6,2013-10-27,2013,10,6,6,21458:4100827;1827998:137330;1930634:54488748;6933553:3313377;33595:28870;21475:137322;6933666:68145978;5393572:75369987;14814533:28870,20110811.0,0.0,2011-08-11,2011,8
759253421,35139641534,121394024,50008168,21458:3300858;13023209:336631957;22009:29800;122217803:3290137;21477:30731631;21477:3979320;21477:28695579;25935:31381;13512069:40366865;21475:61944851;21475:20145005;1628665:3233941;1628665:3233942;1628665:3233939;1628665:92012;1628665:29790;1628665:31614;1628665:61550;1628665:3233940;1628665:3233936;122217801:3238327;122217801:3228688;122217801:3265977;122217801:3340598,1,2014-07-13,2014,7,6,1,21458:3300858;13023209:336631957;22009:29800;122217803:3290137;21477:30731631;21477:3979320;21477:28695579;25935:31381;13512069:40366865;21475:61944851;21475:20145005;1628665:3233941;1628665:3233942;1628665:3233939;1628665:92012;1628665:29790;1628665:31614;1628665:61550;1628665:3233940;1628665:3233936;122217801:3238327;122217801:3228688;122217801:3265977;122217801:3340598,20140227.0,0.0,2014-02-27,2014,2
31036295,35401823936,50006602,50008168,30497:30035;30498:30690;5426651:29841;1628366:30916;21458:3548430,1,2013-10-17,2013,10,3,1,30497:30035;30498:30690;5426651:29841;1628366:30916;21458:3548430,20120205.0,1.0,2012-02-05,2012,2
229463294,15226482483,50018831,50014815,21458:22582169;1629567:530726120;115175913:17828254;123923464:29774;25935:51746;7250727:21892;33337:46475170;22757:29230;122217774:34713,1,2014-08-12,2014,8,1,1,21458:22582169;1629567:530726120;115175913:17828254;123923464:29774;25935:51746;7250727:21892;33337:46475170;22757:29230;122217774:34713,20130707.0,0.0,2013-07-07,2013,7
255635397,21825255344,50018831,50014815,21458:16311407;29259819:117989883;29323648:71038106;123923464:29775;25935:51746;7250727:3218944;33337:293329956,1,2014-10-18,2014,10,5,1,21458:16311407;29259819:117989883;29323648:71038106;123923464:29775;25935:51746;7250727:3218944;33337:293329956,20130607.0,1.0,2013-06-07,2013,6
67170281,13973014432,50013711,50008168,1628665:3233938;22019:2026;22019:3251926;22019:3263874;22019:3385599;23181:31427;35779:131770;1628366:3230095;25935:21991;13394971:31377;21458:135695892;1633959:3359531,1,2012-09-19,2012,9,2,1,1628665:3233938;22019:2026;22019:3251926;22019:3263874;22019:3385599;23181:31427;35779:131770;1628366:3230095;25935:21991;13394971:31377;21458:135695892;1633959:3359531,20120612.0,1.0,2012-06-12,2012,6
753852498,26301384761,50012451,50008168,21458:87662128;1633959:287679910;33030:29800;33162:30914;3156768:4195556;3156768:30731631;3156768:3979320;3156768:3232480;3156768:28695579;3156768:4069612;25935:31381;13512069:8087049;1628324:3229558;1628324:3229496;1628324:38368874;1628324:19811010;1628324:104936;1628665:3233941;1628665:3233942;1628665:3233939;1628665:92012;1628665:29790;1628665:31614;1628665:61550;1628665:3233940;1628665:3233936;1628665:3233937;1628665:29798;1628665:29778;1628665:3233938;1628665:82340;1628665:29787;1628665:29784;1628665:29793;1628665:131622;1628665:29796;1628665:133527;1628665:108579;1628665:29785;1628665:29782;1628665:29799;22019:34731;22019:2026;22019:50793479;22019:3287412;22019:3377924;22019:2375;22019:28232,1,2013-10-09,2013,10,2,1,21458:87662128;1633959:287679910;33030:29800;33162:30914;3156768:4195556;3156768:30731631;3156768:3979320;3156768:3232480;3156768:28695579;3156768:4069612;25935:31381;13512069:8087049;1628324:3229558;1628324:3229496;1628324:38368874;1628324:19811010;1628324:104936;1628665:3233941;1628665:3233942;1628665:3233939;1628665:92012;1628665:29790;1628665:31614;1628665:61550;1628665:3233940;1628665:3233936;1628665:3233937;1628665:29798;1628665:29778;1628665:3233938;1628665:82340;1628665:29787;1628665:29784;1628665:29793;1628665:131622;1628665:29796;1628665:133527;1628665:108579;1628665:29785;1628665:29782;1628665:29799;22019:34731;22019:2026;22019:50793479;22019:3287412;22019:3377924;22019:2375;22019:28232,20131011.0,0.0,2013-10-11,2013,10
204505282,17968651336,50146022,50008168,1628665:29796;1628665:82340;1628665:108579;1628665:3233938;1628665:3233942;33245:23416;8151548:29802;22019:3340598;22019:3284610;22019:34731,1,2012-12-11,2012,12,1,1,1628665:29796;1628665:82340;1628665:108579;1628665:3233938;1628665:3233942;33245:23416;8151548:29802;22019:3340598;22019:3284610;22019:34731,20101006.0,0.0,2010-10-06,2010,10
756621534,40519345896,121394024,50008168,21458:108838;13023209:614728055;22009:29800;122217803:30914;21477:4195556;21477:30731631;21477:106779;21477:3979320;21477:3232480;21477:3232478;21477:30731632;21477:28695579;21477:4069612;25935:31381;13512069:48867;21475:61944851;21475:20145005;21475:234713719;13512069:40366865;1628665:3233941;1628665:3233942;1628665:3233939;1628665:92012;1628665:29790;1628665:31614;1628665:61550;1628665:3233940;1628665:3233936;1628665:3233937;1628665:29798;1628665:29778;1628665:3233938;1628665:82340;1628665:29787;1628665:29784;1628665:29793;1628665:131622;1628665:29796;1628665:133527;1628665:108579;1628665:29785;1628665:29782;1628665:29799;122217801:3238327;122217801:3228688;122217801:3265977;122217801:3340598;122217801:34731;122217801:2026;122217801:50793479,1,2014-12-03,2014,12,2,1,21458:108838;13023209:614728055;22009:29800;122217803:30914;21477:4195556;21477:30731631;21477:106779;21477:3979320;21477:3232480;21477:3232478;21477:30731632;21477:28695579;21477:4069612;25935:31381;13512069:48867;21475:61944851;21475:20145005;21475:234713719;13512069:40366865;1628665:3233941;1628665:3233942;1628665:3233939;1628665:92012;1628665:29790;1628665:31614;1628665:61550;1628665:3233940;1628665:3233936;1628665:3233937;1628665:29798;1628665:29778;1628665:3233938;1628665:82340;1628665:29787;1628665:29784;1628665:29793;1628665:131622;1628665:29796;1628665:133527;1628665:108579;1628665:29785;1628665:29782;1628665:29799;122217801:3238327;122217801:3228688;122217801:3265977;122217801:3340598;122217801:34731;122217801:2026;122217801:50793479,20141016.0,1.0,2014-10-16,2014,10
66738967,19533837621,50013711,50008168,21458:213448139;1628665:29787;1628665:29784;1628665:29796;22019:3238327;22019:3265977;22019:3248884;22019:3340598;23181:31426;35779:131778;1628366:32799;25935:21991;8151548:3228791;13394971:3381725;13395135:30912,1,2013-09-29,2013,9,6,1,21458:213448139;1628665:29787;1628665:29784;1628665:29796;22019:3238327;22019:3265977;22019:3248884;22019:3340598;23181:31426;35779:131778;1628366:32799;25935:21991;8151548:3228791;13394971:3381725;13395135:30912,,0.0,2004-11-09,2004,11
132383393,35463214346,50010410,50022520,21458:21779;6323543:152327241;19295270:13636525;35781:131819;122517771:3312418;22757:44902;6933553:21789;1628149:112911;33018:96030;122277714:44902,1,2014-11-11,2014,11,1,1,21458:21779;6323543:152327241;19295270:13636525;35781:131819;122517771:3312418;22757:44902;6933553:21789;1628149:112911;33018:96030;122277714:44902,20150315.0,0.0,2015-03-15,2015,3
1017989581,35886834108,50006235,50008168,1628665:3233941;1628665:3233942;1628665:3233939;2397831:40203;21475:17106236,1,2014-12-01,2014,12,0,1,1628665:3233941;1628665:3233942;1628665:3233939;2397831:40203;21475:17106236,20140804.0,1.0,2014-08-04,2014,8
13735440,18163455793,211122,38,21458:138742;36816:141627536;6933553:3313377;17427297:3329357;33595:44902;21475:137319;6933666:68145978;5393572:75369289,6,2013-12-19,2013,12,3,6,21458:138742;36816:141627536;6933553:3313377;17427297:3329357;33595:44902;21475:137319;6933666:68145978;5393572:75369289,20120323.0,0.0,2012-03-23,2012,3
2114469016,38650644752,50023797,28,11666049:40203;21479:28619;21475:135183931,1,2014-08-09,2014,8,5,1,11666049:40203;21479:28619;21475:135183931,20140416.0,0.0,2014-04-16,2014,4
321329368,16663600865,50013207,50008168,21458:11468;1633959:11468;2397831:16560881;2904342:30905;25935:31381;1628665:29778;22019:34731;22019:125938;22019:2026;22019:3238422;22019:50793479;22019:3251926;32047:93470;8151548:106665;13394971:30993;13395135:33213;13512632:44718,1,2012-08-25,2012,8,5,1,21458:11468;1633959:11468;2397831:16560881;2904342:30905;25935:31381;1628665:29778;22019:34731;22019:125938;22019:2026;22019:3238422;22019:50793479;22019:3251926;32047:93470;8151548:106665;13394971:30993;13395135:33213;13512632:44718,,0.0,2007-04-28,2007,4
842436337,19152924798,50013636,50008168,21458:134439308;1633959:13257694;16459793:13257694;25935:21990;32047:93470;22135:31412;1628366:32799;13529746:21983;13529646:117906619;13394971:30993;13539026:21984;1628665:3233942;1628665:29790;1628665:3233936;1628665:29798;1628665:29796;22019:3238327;22019:3265977;22019:3248884;22019:3284610;22019:34731,1,2013-10-15,2013,10,1,1,21458:134439308;1633959:13257694;16459793:13257694;25935:21990;32047:93470;22135:31412;1628366:32799;13529746:21983;13529646:117906619;13394971:30993;13539026:21984;1628665:3233942;1628665:29790;1628665:3233936;1628665:29798;1628665:29796;22019:3238327;22019:3265977;22019:3248884;22019:3284610;22019:34731,20111016.0,1.0,2011-10-16,2011,10
807555311,40558883295,50010555,50008168,25935:31381;1628665:3233941;1628665:3233942;1628665:3233939;1628665:92012;1628665:29790;1628665:31614;1628665:61550;122217801:3265977;122217801:3340598;122217801:34731;122277773:38363838;32047:93470;22066:3225204;122217803:30916;22009:109279;1628348:3229644;122217806:30902;13023209:23506;21458:215546265;133784314:117880969,1,2014-11-11,2014,11,1,1,25935:31381;1628665:3233941;1628665:3233942;1628665:3233939;1628665:92012;1628665:29790;1628665:31614;1628665:61550;122217801:3265977;122217801:3340598;122217801:34731;122277773:38363838;32047:93470;22066:3225204;122217803:30916;22009:109279;1628348:3229644;122217806:30902;13023209:23506;21458:215546265;133784314:117880969,20140213.0,1.0,2014-02-13,2014,2
12519465,18981655392,50018831,50014815,1556:43332;21458:21896;7255170:116596259;27133808:74615995;21487:29773;6798969:51746;7250727:21892;33337:17911787;33595:28477,1,2013-09-10,2013,9,1,1,1556:43332;21458:21896;7255170:116596259;27133808:74615995;21487:29773;6798969:51746;7250727:21892;33337:17911787;33595:28477,20130705.0,1.0,2013-07-05,2013,7
112842020,40114158465,50006097,28,21458:374948251;121547787:30440;13023209:30440;5112993:106835;11684888:22986;21475:135183931;1628665:3233942;1628665:3233937;1628665:29798;1628665:3233938;1628665:82340;1628665:29784;1628665:29796;1628665:29785,1,2014-09-10,2014,9,2,1,21458:374948251;121547787:30440;13023209:30440;5112993:106835;11684888:22986;21475:135183931;1628665:3233942;1628665:3233937;1628665:29798;1628665:3233938;1628665:82340;1628665:29784;1628665:29796;1628665:29785,20101125.0,0.0,2010-11-25,2010,11
51880578,25498040503,50023709,28,11666049:62519847;21458:4011457;11780055:37796960;21475:137325,1,2013-08-07,2013,8,2,1,11666049:62519847;21458:4011457;11780055:37796960;21475:137325,20110107.0,0.0,2011-01-07,2011,1
191156136,22333639799,50012373,50022520,21458:137236118;1633959:3373462;2397831:16561212;22131:53561459;22123:30912;22122:29563;22334:30914;2918838:27925973;22130:30902;1628665:61550;1628665:29798;1628665:29784;1628665:29782;21967:29841,1,2013-10-16,2013,10,2,1,21458:137236118;1633959:3373462;2397831:16561212;22131:53561459;22123:30912;22122:29563;22334:30914;2918838:27925973;22130:30902;1628665:61550;1628665:29798;1628665:29784;1628665:29782;21967:29841,20130415.0,0.0,2013-04-15,2013,4
124613323,15186722756,50006095,28,21458:62526705;22999:43884;1628665:29790;1628665:31614;1628665:3233941;1628665:3233942;1633959:3366738;5107128:50789519;11684888:104528258,1,2012-07-02,2012,7,0,1,21458:62526705;22999:43884;1628665:29790;1628665:31614;1628665:3233941;1628665:3233942;1633959:3366738;5107128:50789519;11684888:104528258,20110420.0,1.0,2011-04-20,2011,4
250900287,22915764719,50018202,38,21458:132340;6933553:3313377;7069933:3253542;7106723:3329357;3346378:75369289;22757:29230;21475:20145005;1628149:112911,6,2014-04-26,2014,4,5,6,21458:132340;6933553:3313377;7069933:3253542;7106723:3329357;3346378:75369289;22757:29230;21475:20145005;1628149:112911,20130708.0,1.0,2013-07-08,2013,7
72231900,18192190705,251725,28,21458:33263293;13023209:191770068;29185731:191770068;22061:21671;14215263:52992;21479:3262142;2397831:16561212;11684888:11468;1628665:3233941;1628665:3233942;1628665:3233939;1628665:92012;1628665:29790;1628665:31614;1628665:61550;1628665:3233940;21475:135183931,1,2014-04-26,2014,4,5,1,21458:33263293;13023209:191770068;29185731:191770068;22061:21671;14215263:52992;21479:3262142;2397831:16561212;11684888:11468;1628665:3233941;1628665:3233942;1628665:3233939;1628665:92012;1628665:29790;1628665:31614;1628665:61550;1628665:3233940;21475:135183931,20110221.0,0.0,2011-02-21,2011,2
49983255,42802840988,50010536,50008168,1628665:3233942;1628665:3233936;25935:31381;122217801:3265977;122217801:3340598;122217801:34731;122217801:2026;21458:617198087,1,2014-12-09,2014,12,1,1,1628665:3233942;1628665:3233936;25935:31381;122217801:3265977;122217801:3340598;122217801:34731;122217801:2026;21458:617198087,20140206.0,,2014-02-06,2014,2
1630379975,35548389067,50023612,50022520,21458:105159551;1633959:355120034;22131:138763;22130:30902;2918838:27338206;33069:116939;22123:30912;22122:29563;1628665:3233941;1628665:29778;1628665:29799;21967:29841,1,2013-11-16,2013,11,5,1,21458:105159551;1633959:355120034;22131:138763;22130:30902;2918838:27338206;33069:116939;22123:30912;22122:29563;1628665:3233941;1628665:29778;1628665:29799;21967:29841,20140402.0,0.0,2014-04-02,2014,4
305489040,41627297374,50013636,50008168,21458:4720574;13023209:3992804;18077269:3992804;25935:31381;32047:93472;22135:31412;122217803:30916;22009:106665;122277569:21983;2049128:117906617;22066:29563;22022:110150624;122277668:21984;1628665:3233938;1628665:29796;1628665:29799;122217801:3228688;122217801:3265977;122217801:3340598;122217801:34731;122217801:2026;122217801:50793479;122217801:3287412,1,2014-10-13,2014,10,0,1,21458:4720574;13023209:3992804;18077269:3992804;25935:31381;32047:93472;22135:31412;122217803:30916;22009:106665;122277569:21983;2049128:117906617;22066:29563;22022:110150624;122277668:21984;1628665:3233938;1628665:29796;1628665:29799;122217801:3228688;122217801:3265977;122217801:3340598;122217801:34731;122217801:2026;122217801:50793479;122217801:3287412,20130811.0,1.0,2013-08-11,2013,8
360647838,38913401898,50010555,50008168,21458:3344116;8497885:3361249;13023209:3361249;25935:31381;122277773:38363839;22066:3412566;122217803:30915;22009:29800;33069:104912;1628348:11468;122217806:30903;1628665:3233942;1628665:3233938;122217801:3238327;122217801:3228688;122217801:3265977;122217801:3340598;122217801:34731,1,2014-06-15,2014,6,6,1,21458:3344116;8497885:3361249;13023209:3361249;25935:31381;122277773:38363839;22066:3412566;122217803:30915;22009:29800;33069:104912;1628348:11468;122217806:30903;1628665:3233942;1628665:3233938;122217801:3238327;122217801:3228688;122217801:3265977;122217801:3340598;122217801:34731,20140120.0,0.0,2014-01-20,2014,1
306544399,14952161226,50006032,50022520,21458:150320520;3731429:3397761;5086642:55733;1633959:4069875,10,2012-10-07,2012,10,6,10,21458:150320520;3731429:3397761;5086642:55733;1633959:4069875,20121104.0,1.0,2012-11-04,2012,11
243205895,13462585454,50026461,50022520,21458:119256;13023209:3645846;122277538:97699,1,2014-03-08,2014,3,5,1,21458:119256;13023209:3645846;122277538:97699,20140702.0,0.0,2014-07-02,2014,7
347068613,39875144532,121406040,50022520,21458:30992;13023209:678972402;1628665:3233941;1628665:3233942;1628665:3233939;1628665:92012;1628665:29790;1628665:31614;1628665:61550;1628665:3233940;21967:29774;21967:29773;21967:29775,1,2014-10-02,2014,10,3,1,21458:30992;13023209:678972402;1628665:3233941;1628665:3233942;1628665:3233939;1628665:92012;1628665:29790;1628665:31614;1628665:61550;1628665:3233940;21967:29774;21967:29773;21967:29775,20141120.0,0.0,2014-11-20,2014,11
877873688,20119951378,50156020,50008168,1628665:23424;1628665:29784;1628665:29796;1628665:61550;1628665:3233942;22185:31381;13395135:33213;27707896:30904;22019:3340598;22019:34731;22019:2026;22019:50793479;22019:3287412;30640:93470;22334:30915;8151548:29800;13394971:31379;27692354:30905;1628348:11468;21458:64450589;1633959:4150981,1,2013-06-06,2013,6,3,1,1628665:23424;1628665:29784;1628665:29796;1628665:61550;1628665:3233942;22185:31381;13395135:33213;27707896:30904;22019:3340598;22019:34731;22019:2026;22019:50793479;22019:3287412;30640:93470;22334:30915;8151548:29800;13394971:31379;27692354:30905;1628348:11468;21458:64450589;1633959:4150981,20130610.0,0.0,2013-06-10,2013,6
13503298,19381961259,50023886,50008168,1628665:3233938;1628665:82340;22019:3265977;21458:3648660;1633959:142717613,1,2013-08-01,2013,8,3,1,1628665:3233938;1628665:82340;22019:3265977;21458:3648660;1633959:142717613,20120928.0,0.0,2012-09-28,2012,9
628367479,38794320798,50013177,28,21458:21816;9217087:3366904;2397831:33557;21479:28619;11684888:11468;1628665:3233942;1628665:3233939;1628665:92012;1628665:29790;1628665:31614;1628665:61550;1628665:3233940;1628665:3233936;1628665:108579;21475:275708185,1,2014-11-06,2014,11,3,1,21458:21816;9217087:3366904;2397831:33557;21479:28619;11684888:11468;1628665:3233942;1628665:3233939;1628665:92012;1628665:29790;1628665:31614;1628665:61550;1628665:3233940;1628665:3233936;1628665:108579;21475:275708185,20120126.0,1.0,2012-01-26,2012,1
818864954,38028790160,50006602,50008168,21458:216724052;10984217:30035;21479:106713;1628665:3233941;1628665:3233942;1628665:3233939;1628665:92012;1628665:29790;1628665:31614;1628665:61550;1628665:29798;1628665:29778;1628665:3233938;1628665:82340;1628665:29787;1628665:29784;1628665:29793;1628665:131622;1628665:29796;1628665:133527;1628665:108579;1628665:29785;1628665:29782;1628665:29799;21475:9319927;21475:7202757;21475:3472605;21475:3473865;21475:3229496;21475:38368874;21475:19811010;21967:29841;122217803:3230095;25935:31381,4,2014-07-22,2014,7,1,4,21458:216724052;10984217:30035;21479:106713;1628665:3233941;1628665:3233942;1628665:3233939;1628665:92012;1628665:29790;1628665:31614;1628665:61550;1628665:29798;1628665:29778;1628665:3233938;1628665:82340;1628665:29787;1628665:29784;1628665:29793;1628665:131622;1628665:29796;1628665:133527;1628665:108579;1628665:29785;1628665:29782;1628665:29799;21475:9319927;21475:7202757;21475:3472605;21475:3473865;21475:3229496;21475:38368874;21475:19811010;21967:29841;122217803:3230095;25935:31381,20140713.0,1.0,2014-07-13,2014,7
675579268,41428238718,50011993,28,21458:30992;122218042:21671;21475:135183931;1628861:21671;32959:104026;1628665:3233941;1628665:3233942;1628665:3233939;1628665:92012;1628665:29790;1628665:31614;1628665:61550;1628665:3233940;1628665:3233936;1628665:3233937;122217889:82125;21479:31542;6863019:3726638;6864839:65569917;13023209:3498470;23378:3498470,1,2015-01-18,2015,1,6,1,21458:30992;122218042:21671;21475:135183931;1628861:21671;32959:104026;1628665:3233941;1628665:3233942;1628665:3233939;1628665:92012;1628665:29790;1628665:31614;1628665:61550;1628665:3233940;1628665:3233936;1628665:3233937;122217889:82125;21479:31542;6863019:3726638;6864839:65569917;13023209:3498470;23378:3498470,20130916.0,0.0,2013-09-16,2013,9
1081311286,41329247014,50013636,50008168,21458:3229646;13023209:705523983;13870063:705523983;25935:21990;32047:93470;22135:31412;122217803:3230095;22009:106665;122277569:21983;2049128:117906617;22066:30993;22022:102274034;122277668:21984;1628665:29798;1628665:29796;122217801:2026;122217801:50793479;122217801:3287412;122217801:3377924;122217801:2375;122217801:28232,1,2014-11-03,2014,11,0,1,21458:3229646;13023209:705523983;13870063:705523983;25935:21990;32047:93470;22135:31412;122217803:3230095;22009:106665;122277569:21983;2049128:117906617;22066:30993;22022:102274034;122277668:21984;1628665:29798;1628665:29796;122217801:2026;122217801:50793479;122217801:3287412;122217801:3377924;122217801:2375;122217801:28232,20131031.0,0.0,2013-10-31,2013,10
17289460,17210154076,50012361,122650008,21458:3228749;22007:30338;22007:30390;22007:30391;22007:30392;22007:30393;22007:30394;22007:30395;22007:30396;22007:30397;22007:30398;22007:30399;22007:30400;22007:30401;22007:78118763;22007:78118851;22007:186432455;22007:186446171;22007:186457463;25935:21990;25935:21991;25935:31381;1628366:32799;1628665:29784;1628665:29796;1628665:108579;1628665:133527;2236228:33213;2397831:16560944;3071908:104866;8185014:3228727;8185016:31619;8185021:125116;1633959:217661917,1,2013-03-07,2013,3,3,1,21458:3228749;22007:30338;22007:30390;22007:30391;22007:30392;22007:30393;22007:30394;22007:30395;22007:30396;22007:30397;22007:30398;22007:30399;22007:30400;22007:30401;22007:78118763;22007:78118851;22007:186432455;22007:186446171;22007:186457463;25935:21990;25935:21991;25935:31381;1628366:32799;1628665:29784;1628665:29796;1628665:108579;1628665:133527;2236228:33213;2397831:16560944;3071908:104866;8185014:3228727;8185016:31619;8185021:125116;1633959:217661917,20101211.0,1.0,2010-12-11,2010,12
904942807,41366623825,50013636,50008168,21458:19970906;13023209:4401661;20234519:4401661;25935:21991;32047:93470;22135:31412;122217803:30916;22009:21671;122277569:21983;2049128:117906617;22066:31379;22022:110150624;122277668:119686;22009:3297582;1628665:31614;1628665:3233936;1628665:3233937;1628665:29798;1628665:29778;1628665:29787;1628665:131622;1628665:29796;1628665:108579;1628665:29785;1628665:29799;122217801:3228688;122217801:3265977;122217801:3340598;122217801:34731;122217801:2026;122217801:50793479;122217801:3287412,1,2014-11-03,2014,11,0,1,21458:19970906;13023209:4401661;20234519:4401661;25935:21991;32047:93470;22135:31412;122217803:30916;22009:21671;122277569:21983;2049128:117906617;22066:31379;22022:110150624;122277668:119686;22009:3297582;1628665:31614;1628665:3233936;1628665:3233937;1628665:29798;1628665:29778;1628665:29787;1628665:131622;1628665:29796;1628665:108579;1628665:29785;1628665:29799;122217801:3228688;122217801:3265977;122217801:3340598;122217801:34731;122217801:2026;122217801:50793479;122217801:3287412,20101105.0,0.0,2010-11-05,2010,11
144253378,38888510070,50008807,28,122218066:102531;1628665:29799;122277833:21671;7252119:71012468;7252119:71013639;7252119:71013641;21458:339185701,2,2014-06-13,2014,6,4,2,122218066:102531;1628665:29799;122277833:21671;7252119:71012468;7252119:71013639;7252119:71013641;21458:339185701,20131021.0,,2013-10-21,2013,10
779743331,36418774349,50012363,122650008,21458:4029986;13023209:3587271;122217803:30914;2397831:16561212;21948:3228727;124129949:18340619;122218021:135739;35730:125116;22061:114477;25935:21991;25935:21990;25935:31381;122217744:4027090;27759919:6218776;1628665:3233942;1628665:92012;1628665:3233938;22007:30377;22007:30378;22007:30379;22007:30380;22007:30381;22007:30382,1,2014-10-21,2014,10,1,1,21458:4029986;13023209:3587271;122217803:30914;2397831:16561212;21948:3228727;124129949:18340619;122218021:135739;35730:125116;22061:114477;25935:21991;25935:21990;25935:31381;122217744:4027090;27759919:6218776;1628665:3233942;1628665:92012;1628665:3233938;22007:30377;22007:30378;22007:30379;22007:30380;22007:30381;22007:30382,20130912.0,1.0,2013-09-12,2013,9
114558810,12254334853,50010236,50014815,21458:132623648;15824052:63600462;2815901:138661661;3091143:29821535,1,2014-05-08,2014,5,3,1,21458:132623648;15824052:63600462;2815901:138661661;3091143:29821535,,0.0,2008-09-14,2008,9
722440556,43511676953,50013207,50008168,1628665:3233941;1628665:3233942;1628665:3233939;1628665:92012;1628665:29790;1628665:31614;1628665:61550;1628665:3233940;1628665:3233936;1628665:3233937;1628665:29798;1628665:29778;1628665:3233938;1628665:82340;1628665:29787;1628665:29784;1628665:29793;1628665:131622;1628665:29796;1628665:133527;1628665:108579;1628665:29785;1628665:29782;1628665:29799;122217801:3340598;122217801:3284610;122217801:34731;122217801:2026;122217801:50793479;25935:31381,1,2015-01-20,2015,1,1,1,1628665:3233941;1628665:3233942;1628665:3233939;1628665:92012;1628665:29790;1628665:31614;1628665:61550;1628665:3233940;1628665:3233936;1628665:3233937;1628665:29798;1628665:29778;1628665:3233938;1628665:82340;1628665:29787;1628665:29784;1628665:29793;1628665:131622;1628665:29796;1628665:133527;1628665:108579;1628665:29785;1628665:29782;1628665:29799;122217801:3340598;122217801:3284610;122217801:34731;122217801:2026;122217801:50793479;25935:31381,20141003.0,1.0,2014-10-03,2014,10
357851268,22174892020,50023670,28,21458:3432251;29111587:135032779;1628665:3233941;1628665:3233942;1628665:3233939;33969:104270896;21475:137325,1,2013-08-02,2013,8,4,1,21458:3432251;29111587:135032779;1628665:3233941;1628665:3233942;1628665:3233939;33969:104270896;21475:137325,20120621.0,1.0,2012-06-21,2012,6
172453374,17551736567,50013175,28,1628665:3233937;1628665:82340;21475:11488282;2397831:16560944,1,2013-04-05,2013,4,4,1,1628665:3233937;1628665:82340;21475:11488282;2397831:16560944,20130206.0,1.0,2013-02-06,2013,2
703730908,15453877039,50012451,50008168,21458:91586564;1628665:3233939;1628665:92012;22019:3238327;22019:3228688;22019:3265977;22019:3340598;22019:34731;22019:2026;22019:50793479;22019:3287412;22019:3263874;22019:3377924;22019:3385599;22019:2375;22019:3226274;22019:28232;33030:29800;33162:30914;3156768:4195556;3156768:4069612;25935:31381;13512069:48867;1628324:3229493;1628324:3473865;1628324:3229496;1628324:38368874,1,2012-08-20,2012,8,0,1,21458:91586564;1628665:3233939;1628665:92012;22019:3238327;22019:3228688;22019:3265977;22019:3340598;22019:34731;22019:2026;22019:50793479;22019:3287412;22019:3263874;22019:3377924;22019:3385599;22019:2375;22019:3226274;22019:28232;33030:29800;33162:30914;3156768:4195556;3156768:4069612;25935:31381;13512069:48867;1628324:3229493;1628324:3473865;1628324:3229496;1628324:38368874,20100502.0,0.0,2010-05-02,2010,5
793020597,20239214726,50013636,50008168,21458:126494361;1633959:3631012;15280602:3631012;25935:21991;32047:93470;22135:31412;1628366:30916;8151548:29800;13529746:21983;13529646:117906617;13394971:31379;22022:110150624;13539026:117942785;1628665:3233938;1628665:82340;22019:3265977;22019:3340598;22019:34731;22019:2026;22019:50793479;22019:3287412,1,2013-12-04,2013,12,2,1,21458:126494361;1633959:3631012;15280602:3631012;25935:21991;32047:93470;22135:31412;1628366:30916;8151548:29800;13529746:21983;13529646:117906617;13394971:31379;22022:110150624;13539026:117942785;1628665:3233938;1628665:82340;22019:3265977;22019:3340598;22019:34731;22019:2026;22019:50793479;22019:3287412,20120427.0,0.0,2012-04-27,2012,4
726045779,20083542325,50013636,50008168,21458:9545523;14370907:28896;1628665:131622;25935:21990;32047:93471;22019:3265977;22019:3248884;22019:3284610;22019:125938;22135:31412;1628366:32799;8151548:3309760;13529746:21983;13529646:117906617;13394971:30993;13539026:21984,1,2013-10-05,2013,10,5,1,21458:9545523;14370907:28896;1628665:131622;25935:21990;32047:93471;22019:3265977;22019:3248884;22019:3284610;22019:125938;22135:31412;1628366:32799;8151548:3309760;13529746:21983;13529646:117906617;13394971:30993;13539026:21984,20120904.0,0.0,2012-09-04,2012,9
752822677,24555520405,50013187,28,21458:91904101;21475:137325;2397831:40203;11684888:104528258;11988132:7534777;11988555:59661751;1628665:29799;1628665:29782;1628665:29796;1628665:29793;1628665:29784;1628665:3233940;1628665:61550;1628665:31614;1628665:29790;1628665:3233942;11988438:89549981;11988438:57328981;11988438:106862030;11988438:106862020;11988438:75115862;11988438:106862034;11988438:81435684;20566017:300130287,2,2014-01-23,2014,1,3,2,21458:91904101;21475:137325;2397831:40203;11684888:104528258;11988132:7534777;11988555:59661751;1628665:29799;1628665:29782;1628665:29796;1628665:29793;1628665:29784;1628665:3233940;1628665:61550;1628665:31614;1628665:29790;1628665:3233942;11988438:89549981;11988438:57328981;11988438:106862030;11988438:106862020;11988438:75115862;11988438:106862034;11988438:81435684;20566017:300130287,20130226.0,1.0,2013-02-26,2013,2
377473718,37907720818,121452056,50008168,1628665:3233941;1628665:3233942;1628665:3233939;1628665:92012;1628665:31614;1628665:108579;122217801:34731;122217801:2026;122217801:50793479;122217801:3287412;122217801:3377924;122217801:2375;122217801:28232;122217801:138749;122277773:31429;18553309:131775;122217803:30915;25935:21991;22009:29800;22066:29563;22061:30910;13023209:97353179;21458:148874745,1,2014-07-18,2014,7,4,1,1628665:3233941;1628665:3233942;1628665:3233939;1628665:92012;1628665:31614;1628665:108579;122217801:34731;122217801:2026;122217801:50793479;122217801:3287412;122217801:3377924;122217801:2375;122217801:28232;122217801:138749;122277773:31429;18553309:131775;122217803:30915;25935:21991;22009:29800;22066:29563;22061:30910;13023209:97353179;21458:148874745,20111226.0,1.0,2011-12-26,2011,12
40216027,13777585537,50008895,28,1628665:3233941;1628665:3233942;1628665:3233939;1628665:92012;1627584:3230139;21475:137325;21458:3961150;29449672:28839957;2397831:40203,1,2013-10-13,2013,10,6,1,1628665:3233941;1628665:3233942;1628665:3233939;1628665:92012;1627584:3230139;21475:137325;21458:3961150;29449672:28839957;2397831:40203,20110124.0,0.0,2011-01-24,2011,1
118942006,19583152851,50023663,28,11760865:38327843;1628665:3233941;1628665:3233942;1628665:3233939;122277597:4023751;11684888:11468;21475:135183931;21458:183447722;11666049:40203,1,2014-12-26,2014,12,4,1,11760865:38327843;1628665:3233941;1628665:3233942;1628665:3233939;122277597:4023751;11684888:11468;21475:135183931;21458:183447722;11666049:40203,20120929.0,1.0,2012-09-29,2012,9
620090085,35560674162,50016706,50022520,21458:159281809;26128418:355604411;122218232:7137359;122218233:3559330;5316831:7106884;22135:31410;122218237:109756589;21479:104582;22061:114477;21477:22516235;122218046:109126;1628665:3233938;21967:29773;21967:29774;21967:29775;21967:29776;21967:85955,1,2014-04-10,2014,4,3,1,21458:159281809;26128418:355604411;122218232:7137359;122218233:3559330;5316831:7106884;22135:31410;122218237:109756589;21479:104582;22061:114477;21477:22516235;122218046:109126;1628665:3233938;21967:29773;21967:29774;21967:29775;21967:29776;21967:85955,20140908.0,1.0,2014-09-08,2014,9
604714141,74056119,50012485,50014815,21458:21906;5133095:4362479;6966305:3604118;35451:75369014;1628149:4341732;2815901:26192145,1,2014-06-08,2014,6,6,1,21458:21906;5133095:4362479;6966305:3604118;35451:75369014;1628149:4341732;2815901:26192145,20140805.0,1.0,2014-08-05,2014,8
1684502624,43540340971,50006235,50008168,2397831:40203,1,2015-01-15,2015,1,3,1,2397831:40203,20110525.0,1.0,2011-05-25,2011,5
445949008,36155077547,50012363,122650008,1628665:3233941;1628665:3233942;1628665:3233939;1628665:92012;1628665:29790;1628665:31614;1628665:61550;1628665:3233940;1628665:3233936;1628665:3233937;1628665:29798;1628665:29778;1628665:3233938;1628665:82340;1628665:29787;1628665:29793;1628665:131622;1628665:29796;1628665:108579;1628665:29782;22007:30377;22007:30378;22007:30379;22007:30380;25935:31381;122217744:4027090;21458:3466286;2397831:16560881,1,2014-08-02,2014,8,5,1,1628665:3233941;1628665:3233942;1628665:3233939;1628665:92012;1628665:29790;1628665:31614;1628665:61550;1628665:3233940;1628665:3233936;1628665:3233937;1628665:29798;1628665:29778;1628665:3233938;1628665:82340;1628665:29787;1628665:29793;1628665:131622;1628665:29796;1628665:108579;1628665:29782;22007:30377;22007:30378;22007:30379;22007:30380;25935:31381;122217744:4027090;21458:3466286;2397831:16560881,20141009.0,1.0,2014-10-09,2014,10
61588159,9680854286,211122,38,21458:3270818;1661547:135340247;6933553:4099393;13026190:3329357;22757:28869;21475:39835993;1628149:112911;6940834:29865;3346378:75369289;122277714:28869,2,2014-08-02,2014,8,5,2,21458:3270818;1661547:135340247;6933553:4099393;13026190:3329357;22757:28869;21475:39835993;1628149:112911;6940834:29865;3346378:75369289;122277714:28869,20130813.0,0.0,2013-08-13,2013,8
2262837380,42999336100,50010549,50008168,115931637:36783070;21458:105515851;25935:21990;1628665:3233942;1628665:29796;1628665:29799;122217801:3287412;122217801:3377924;122217801:2375;122217801:28232;122217801:138749;32047:93470;1628348:3229645;122217965:114518;33069:29447291;22121:30999;22066:29563;22009:29807;22061:30912;122218045:11337999;6863019:148660021;13023209:762272358,1,2015-01-06,2015,1,1,1,115931637:36783070;21458:105515851;25935:21990;1628665:3233942;1628665:29796;1628665:29799;122217801:3287412;122217801:3377924;122217801:2375;122217801:28232;122217801:138749;32047:93470;1628348:3229645;122217965:114518;33069:29447291;22121:30999;22066:29563;22009:29807;22061:30912;122218045:11337999;6863019:148660021;13023209:762272358,20110914.0,0.0,2011-09-14,2011,9
1033466085,19526078410,50012364,122650008,21458:30992;1628665:92012;22007:30383;22007:30385;22007:30387;22007:30389;1628366:30915;1629216:114475;8185014:3228727;8185016:135739;8185021:117233;8185015:29855;25935:21990;25935:31381;39124336:29857;23378:4014476;2397831:16560972,1,2013-10-04,2013,10,4,1,21458:30992;1628665:92012;22007:30383;22007:30385;22007:30387;22007:30389;1628366:30915;1629216:114475;8185014:3228727;8185016:135739;8185021:117233;8185015:29855;25935:21990;25935:31381;39124336:29857;23378:4014476;2397831:16560972,20120411.0,0.0,2012-04-11,2012,4
24079156,36661272201,50013636,50008168,21458:30992;1628665:29798;25935:31381;32047:93470;122217801:34731;122217801:125938;122217801:2026;122217801:3238422;122217801:3251926;122217803:30914;22009:29801;22066:125202070;122277668:21984;13658074:3794176,1,2014-03-18,2014,3,1,1,21458:30992;1628665:29798;25935:31381;32047:93470;122217801:34731;122217801:125938;122217801:2026;122217801:3238422;122217801:3251926;122217803:30914;22009:29801;22066:125202070;122277668:21984;13658074:3794176,20101231.0,1.0,2010-12-31,2010,12
67555313,16150518596,50013636,50008168,21458:11580;1628665:31614;1628665:3233936;1628665:29787;1628665:29784;1628665:108579;1628665:29782;25935:21991;32047:93470;22019:3340598;22019:34731;22019:2026;22019:50793479;22019:3287412;1628366:30916;13529746:21983;13394971:31379;13539026:117942783,1,2012-11-06,2012,11,1,1,21458:11580;1628665:31614;1628665:3233936;1628665:29787;1628665:29784;1628665:108579;1628665:29782;25935:21991;32047:93470;22019:3340598;22019:34731;22019:2026;22019:50793479;22019:3287412;1628366:30916;13529746:21983;13394971:31379;13539026:117942783,,0.0,2007-06-01,2007,6
154492646,25458044289,50012449,50008168,21458:91069640;9853480:269499522;25935:31381;33030:29800;1628665:3233938;1628665:29796;22019:3265977,1,2013-06-06,2013,6,3,1,21458:91069640;9853480:269499522;25935:31381;33030:29800;1628665:3233938;1628665:29796;22019:3265977,20111113.0,1.0,2011-11-13,2011,11
1609674769,22603379802,50012245,50014815,21458:33514;1628665:82340;1628665:29784;33337:56299775;21967:29772;21967:29773;21967:29774;1955853:3256715,2,2014-09-01,2014,9,0,2,21458:33514;1628665:82340;1628665:29784;33337:56299775;21967:29772;21967:29773;21967:29774;1955853:3256715,20140703.0,,2014-07-03,2014,7
173329093,35673961051,50013711,50008168,21458:233035500;13023209:7185216;122277773:30902;18553309:131770;122217803:30914;25935:21991;22009:106665;22066:29563;22061:30912;1628665:29790;1628665:3233940;1628665:3233936;1628665:29778;122217801:34731;122217801:2026;122217801:50793479;122217801:3287412;122217801:3377924;122217801:2375,2,2014-04-09,2014,4,2,2,21458:233035500;13023209:7185216;122277773:30902;18553309:131770;122217803:30914;25935:21991;22009:106665;22066:29563;22061:30912;1628665:29790;1628665:3233940;1628665:3233936;1628665:29778;122217801:34731;122217801:2026;122217801:50793479;122217801:3287412;122217801:3377924;122217801:2375,20130615.0,0.0,2013-06-15,2013,6
690267186,10633931857,50018831,50014815,21458:21897;7255172:3218943;7255195:97149340;21487:107056168;6798969:51746;7250727:21892;33337:71287675;1556:29849;33595:29230;34311491:148004347,3,2013-10-06,2013,10,6,3,21458:21897;7255172:3218943;7255195:97149340;21487:107056168;6798969:51746;7250727:21892;33337:71287675;1556:29849;33595:29230;34311491:148004347,20140104.0,,2014-01-04,2014,1
257521582,17363277712,50006023,50022520,21458:114788475;15440392:95836;15453602:3512418;122549717:3512418;46490031:3452670;122549744:8679787,1,2014-03-07,2014,3,4,1,21458:114788475;15440392:95836;15453602:3512418;122549717:3512418;46490031:3452670;122549744:8679787,20140505.0,1.0,2014-05-05,2014,5
416284711,18527612360,50012449,50008168,21458:30992;23378:3251529;1628665:3233942;1628665:31614;1628665:3233937;1628665:82340;1633959:3251529;25935:31381;22019:3238327;33030:31160,1,2013-07-23,2013,7,1,1,21458:30992;23378:3251529;1628665:3233942;1628665:31614;1628665:3233937;1628665:82340;1633959:3251529;25935:31381;22019:3238327;33030:31160,20130324.0,0.0,2013-03-24,2013,3
223475170,35816820172,50008859,28,21458:19845327;8862677:3331788;2397831:16561212;11964518:106663664;11684888:22986;1628665:29790;1628665:29799;21475:135183931,1,2014-03-08,2014,3,5,1,21458:19845327;8862677:3331788;2397831:16561212;11964518:106663664;11684888:22986;1628665:29790;1628665:29799;21475:135183931,,1.0,2005-12-18,2005,12
723397857,16718273674,50012359,122650008,21458:30391011;13023209:360205893;122217803:30916;124129949:31540;122218021:21828;23654:46082;21477:4195556;25935:21991;1628665:3233939;1628665:92012;1628665:31614;22007:30387;22007:30388;22007:30389;22007:30390;22007:30391;22007:30392,1,2014-10-08,2014,10,2,1,21458:30391011;13023209:360205893;122217803:30916;124129949:31540;122218021:21828;23654:46082;21477:4195556;25935:21991;1628665:3233939;1628665:92012;1628665:31614;22007:30387;22007:30388;22007:30389;22007:30390;22007:30391;22007:30392,20110917.0,0.0,2011-09-17,2011,9
1055473418,20945084205,50013636,50008168,1628665:3233941;1628665:3233942;1628665:3233939;1628665:92012;1628665:29790;25935:21991;32047:93470;22019:3340598;22019:34731;22019:2026;22019:50793479;22135:31412;1628366:30916;8151548:29800;13529746:21983;13529646:117906617;13394971:31379;22022:102274034;13539026:117942783;21458:28911;13583135:3346501,2,2012-12-01,2012,12,5,2,1628665:3233941;1628665:3233942;1628665:3233939;1628665:92012;1628665:29790;25935:21991;32047:93470;22019:3340598;22019:34731;22019:2026;22019:50793479;22135:31412;1628366:30916;8151548:29800;13529746:21983;13529646:117906617;13394971:31379;22022:102274034;13539026:117942783;21458:28911;13583135:3346501,20101103.0,1.0,2010-11-03,2010,11
32802731,25934548148,50012359,122650008,21458:111939570;1633959:4045308;1628366:32799;8185022:3704329;8185016:135738;23654:46082;7222700:139386;25935:21991;25935:21990;25935:31381;1628665:3233941;1628665:3233942;1628665:3233938;1628665:29784;1628665:29793;1628665:131622;1628665:29796;1628665:29799;22007:30391;22007:30392;22007:30393;22007:30394;22007:30395;22007:30396;22007:30397;22007:30398;22007:30399;22007:30400;22007:30338;22007:30401;39124336:29862,1,2013-08-27,2013,8,1,1,21458:111939570;1633959:4045308;1628366:32799;8185022:3704329;8185016:135738;23654:46082;7222700:139386;25935:21991;25935:21990;25935:31381;1628665:3233941;1628665:3233942;1628665:3233938;1628665:29784;1628665:29793;1628665:131622;1628665:29796;1628665:29799;22007:30391;22007:30392;22007:30393;22007:30394;22007:30395;22007:30396;22007:30397;22007:30398;22007:30399;22007:30400;22007:30338;22007:30401;39124336:29862,,0.0,2005-11-30,2005,11
201402855,16743740350,50156020,50008168,1628665:3233939;1628665:3233941;1628665:3233942;122277773:21953;122217801:50793479;122217801:3287412;122217801:3377924;122217801:2375;122217801:28232;21458:3646883;13023209:143835337,1,2014-03-25,2014,3,1,1,1628665:3233939;1628665:3233941;1628665:3233942;122277773:21953;122217801:50793479;122217801:3287412;122217801:3377924;122217801:2375;122217801:28232;21458:3646883;13023209:143835337,,0.0,2008-12-18,2008,12
60290489,40710151232,50023670,28,21458:92670865;21475:275708185;33969:30689;11684888:11468;29120168:641406435,1,2014-12-19,2014,12,4,1,21458:92670865;21475:275708185;33969:30689;11684888:11468;29120168:641406435,,0.0,2009-11-01,2009,11
389377821,40477412693,50010555,50008168,25935:31381;1628665:3233941;1628665:3233942;1628665:3233939;1628665:29790;1628665:31614;1628665:61550;1628665:3233936;1628665:3233937;1628665:29798;1628665:3233938;1628665:29782;1628665:29799;122217801:3238327;122217801:3228688;122217801:3265977;122277773:38363838;32047:93470;22066:30993;122217803:30914;22009:3676630;33069:104912;1628348:11468;122217806:30902;13023209:666052063;21458:666075977;139311571:17764393,1,2014-09-02,2014,9,1,1,25935:31381;1628665:3233941;1628665:3233942;1628665:3233939;1628665:29790;1628665:31614;1628665:61550;1628665:3233936;1628665:3233937;1628665:29798;1628665:3233938;1628665:29782;1628665:29799;122217801:3238327;122217801:3228688;122217801:3265977;122277773:38363838;32047:93470;22066:30993;122217803:30914;22009:3676630;33069:104912;1628348:11468;122217806:30902;13023209:666052063;21458:666075977;139311571:17764393,20140520.0,0.0,2014-05-20,2014,5
387079260,20993659220,50012564,50014815,1628149:48509498;15054114:5517310;8456532:47756298;2815901:556158389;122217774:3265977;21458:141234550;45765865:14780773;118439485:25782539,4,2014-05-02,2014,5,4,4,1628149:48509498;15054114:5517310;8456532:47756298;2815901:556158389;122217774:3265977;21458:141234550;45765865:14780773;118439485:25782539,20131018.0,1.0,2013-10-18,2013,10
71850476,18905956218,50014275,50014815,21458:3305139;7125419:11468;20363749:75374411;3730821:21992;2815901:11468;5260764:28871,1,2013-01-27,2013,1,6,1,21458:3305139;7125419:11468;20363749:75374411;3730821:21992;2815901:11468;5260764:28871,20120513.0,1.0,2012-05-13,2012,5
169596502,36183649683,50013207,50008168,21458:84730579;1633959:353713938;2904342:31004;25935:21990;8151548:29800;13394971:30993;13395135:21671;13512632:45026;1628665:29796;1628665:29782;1628665:29799;22019:2026;22019:50793479;22019:3287412;22019:3377924;22019:2375;22019:28232;32047:93470;1628348:11468,1,2013-11-27,2013,11,2,1,21458:84730579;1633959:353713938;2904342:31004;25935:21990;8151548:29800;13394971:30993;13395135:21671;13512632:45026;1628665:29796;1628665:29782;1628665:29799;22019:2026;22019:50793479;22019:3287412;22019:3377924;22019:2375;22019:28232;32047:93470;1628348:11468,20150218.0,1.0,2015-02-18,2015,2
150096824,37821813629,50013207,50008168,21458:21599;1628665:3233941;1628665:3233942;1628665:92012;1628665:29778;1628665:3233938;1628665:29787;1628665:29784;1628665:29796;1628665:29785;1628665:29782;22121:30905;122217801:3265977;122217801:3340598;122217801:34731;122217801:125938;122217801:2026;25935:31381;32047:93471;22009:29800;22066:29563;122217806:30903;13023209:61369,1,2014-04-24,2014,4,3,1,21458:21599;1628665:3233941;1628665:3233942;1628665:92012;1628665:29778;1628665:3233938;1628665:29787;1628665:29784;1628665:29796;1628665:29785;1628665:29782;22121:30905;122217801:3265977;122217801:3340598;122217801:34731;122217801:125938;122217801:2026;25935:31381;32047:93471;22009:29800;22066:29563;122217806:30903;13023209:61369,20140928.0,0.0,2014-09-28,2014,9
21647086,13688663523,50013207,50008168,21458:46908;1628665:29799;2904342:30905;22019:50793479;25935:21991;13394971:31379;13395135:30912;13512632:45026;1633959:130300271,1,2012-10-27,2012,10,5,1,21458:46908;1628665:29799;2904342:30905;22019:50793479;25935:21991;13394971:31379;13395135:30912;13512632:45026;1633959:130300271,,0.0,2009-03-14,2009,3
49167150,74054275,50009550,50014815,21458:21915;5131469:21883744;2815901:27916391;1633959:3736784;5127936:26286750;21479:21671,1,2013-10-31,2013,10,3,1,21458:21915;5131469:21883744;2815901:27916391;1633959:3736784;5127936:26286750;21479:21671,20130818.0,,2013-08-18,2013,8
638926978,18864429485,122474019,50022520,21458:223749980;13023209:493602225;122277538:97699;3365614:21671;3365614:3246947;3365614:3512029;3365614:4456048;3365614:6116324;3365614:6605582;3365614:7094743;3365614:7095769;3365614:14054582;3365614:14865453,1,2014-09-24,2014,9,2,1,21458:223749980;13023209:493602225;122277538:97699;3365614:21671;3365614:3246947;3365614:3512029;3365614:4456048;3365614:6116324;3365614:6605582;3365614:7094743;3365614:7095769;3365614:14054582;3365614:14865453,20150108.0,1.0,2015-01-08,2015,1
76472818,40392733996,121424027,50008168,21458:116294762;1628665:29787;1628665:29784;1628665:29793;122217801:34731;122217801:2026;122217801:50793479;122217801:3287412,1,2014-09-24,2014,9,2,1,21458:116294762;1628665:29787;1628665:29784;1628665:29793;122217801:34731;122217801:2026;122217801:50793479;122217801:3287412,20120425.0,1.0,2012-04-25,2012,4
38060393,14027224169,50018436,50014815,1628665:3233941;1628665:3233942;1628665:3233939;1628665:92012;1628665:29790;1628665:31614;1628665:61550;1628665:3233940;1628665:3233936;1628665:3233937;1628665:29798;1628665:29778;1628665:3233938;1628665:82340;1628665:29787;1628665:29784;21458:127150716,1,2012-07-07,2012,7,5,1,1628665:3233941;1628665:3233942;1628665:3233939;1628665:92012;1628665:29790;1628665:31614;1628665:61550;1628665:3233940;1628665:3233936;1628665:3233937;1628665:29798;1628665:29778;1628665:3233938;1628665:82340;1628665:29787;1628665:29784;21458:127150716,20110801.0,1.0,2011-08-01,2011,8
69203525,35212424255,50013636,50008168,21458:30992;13658074:210716183;1628665:92012;1628665:29790;1628665:29784;1628665:29796;1628665:29782;1628665:29799;25935:21991;1633959:340060125;32047:93471;22019:34731;22019:2026;22019:50793479;22019:3287412;22019:3377924;22135:31412;1628366:30916;8151548:44428977;13529746:21983;13529646:117906617;13394971:30993;22022:102274034;13539026:3548306,1,2013-12-12,2013,12,3,1,21458:30992;13658074:210716183;1628665:92012;1628665:29790;1628665:29784;1628665:29796;1628665:29782;1628665:29799;25935:21991;1633959:340060125;32047:93471;22019:34731;22019:2026;22019:50793479;22019:3287412;22019:3377924;22135:31412;1628366:30916;8151548:44428977;13529746:21983;13529646:117906617;13394971:30993;22022:102274034;13539026:3548306,20100123.0,1.0,2010-01-23,2010,1
688809898,22210716281,50023531,28,1628665:3233941;1628665:3233942;1628665:3233939;1628665:92012;1628665:29790;1628665:31614;1628665:61550;1628665:3233940;1628665:3233936;1628665:3233937;1628665:29798;1628665:29778;1628665:3233938;1628665:82340;1628665:29787;1628665:29784;1628665:108579;1628665:29785;1628665:29782;1628665:29799;21475:137325;11666049:40203,1,2013-04-10,2013,4,2,1,1628665:3233941;1628665:3233942;1628665:3233939;1628665:92012;1628665:29790;1628665:31614;1628665:61550;1628665:3233940;1628665:3233936;1628665:3233937;1628665:29798;1628665:29778;1628665:3233938;1628665:82340;1628665:29787;1628665:29784;1628665:108579;1628665:29785;1628665:29782;1628665:29799;21475:137325;11666049:40203,20120804.0,0.0,2012-08-04,2012,8
771449207,20922028936,50005982,50014815,21458:8697333;10982339:279009563;13023209:279009563;122277773:3256438;21479:3262142;21475:108284;1628665:3233941;1628665:3233942;1628665:3233939;1628665:92012;1628665:31614;1628665:61550;1628665:3233940;1628665:3233936;1628665:3233937;1628665:29798;1628665:29778;1628665:3233938;1628665:82340;1628665:29787;1628665:29784;1628665:29793;1628665:131622;1628665:29796;1628665:133527;1628665:29785;1628665:29782;2815901:137978648,1,2014-12-08,2014,12,0,1,21458:8697333;10982339:279009563;13023209:279009563;122277773:3256438;21479:3262142;21475:108284;1628665:3233941;1628665:3233942;1628665:3233939;1628665:92012;1628665:31614;1628665:61550;1628665:3233940;1628665:3233936;1628665:3233937;1628665:29798;1628665:29778;1628665:3233938;1628665:82340;1628665:29787;1628665:29784;1628665:29793;1628665:131622;1628665:29796;1628665:133527;1628665:29785;1628665:29782;2815901:137978648,20140622.0,0.0,2014-06-22,2014,6
1683328510,38275805698,121394024,50008168,21458:108838;13023209:584342345;22009:29800;122217803:3290137;21477:30731631;21477:3979320;21477:4069612;25935:31381;13512069:40366865;21475:61944851;21475:20145005;1628665:3233941;1628665:3233942;1628665:3233939;1628665:92012;1628665:29790;1628665:31614;1628665:61550;1628665:3233940;122217801:3238327;122217801:3228688;122217801:3265977;122217801:3340598;122217801:34731;122217801:2026,1,2014-07-11,2014,7,4,1,21458:108838;13023209:584342345;22009:29800;122217803:3290137;21477:30731631;21477:3979320;21477:4069612;25935:31381;13512069:40366865;21475:61944851;21475:20145005;1628665:3233941;1628665:3233942;1628665:3233939;1628665:92012;1628665:29790;1628665:31614;1628665:61550;1628665:3233940;122217801:3238327;122217801:3228688;122217801:3265977;122217801:3340598;122217801:34731;122217801:2026,20130817.0,1.0,2013-08-17,2013,8
21137271,17691567559,50013636,50008168,21458:29300727;1633959:3703972;15068446:3703972;25935:21990;32047:93470;22135:31412;1628366:30916;8151548:29802;13529746:21983;13529646:117906617;13394971:30993;22022:102274034;13539026:117942785;1628665:3233939;1628665:29798;22019:3238422;22019:50793479;22019:3251926;22019:3287412;22019:3263874;22019:3377924,1,2012-11-22,2012,11,3,1,21458:29300727;1633959:3703972;15068446:3703972;25935:21990;32047:93470;22135:31412;1628366:30916;8151548:29802;13529746:21983;13529646:117906617;13394971:30993;22022:102274034;13539026:117942785;1628665:3233939;1628665:29798;22019:3238422;22019:50793479;22019:3251926;22019:3287412;22019:3263874;22019:3377924,20110204.0,1.0,2011-02-04,2011,2
1766969850,41161458583,50013636,50008168,21458:3236045;13591500:3236045;1628665:3233941;1628665:3233942;1628665:3233939;1628665:92012;1628665:29790;1628665:31614;1628665:61550;1628665:3233940;1628665:3233936;1628665:3233937;1628665:29798;1628665:29778;1628665:3233938;1628665:82340;1628665:29787;1628665:29784;1628665:29793;1628665:131622;1628665:29796;1628665:133527;1628665:108579;1628665:29785;1628665:29782;1628665:29799;25935:31381;13023209:3236045;32047:93471;122217801:3228688;122217801:3265977;122217801:3340598;122217801:3284610;22135:31412;122217803:30916;22009:21671;122277569:21983;2049128:117906617;22066:31379;22022:110150624;122277668:119686,1,2014-09-21,2014,9,6,1,21458:3236045;13591500:3236045;1628665:3233941;1628665:3233942;1628665:3233939;1628665:92012;1628665:29790;1628665:31614;1628665:61550;1628665:3233940;1628665:3233936;1628665:3233937;1628665:29798;1628665:29778;1628665:3233938;1628665:82340;1628665:29787;1628665:29784;1628665:29793;1628665:131622;1628665:29796;1628665:133527;1628665:108579;1628665:29785;1628665:29782;1628665:29799;25935:31381;13023209:3236045;32047:93471;122217801:3228688;122217801:3265977;122217801:3340598;122217801:3284610;22135:31412;122217803:30916;22009:21671;122277569:21983;2049128:117906617;22066:31379;22022:110150624;122277668:119686,20130613.0,0.0,2013-06-13,2013,6
74459175,13155318835,50012564,50014815,21458:77835136;15039464:594741715;131982089:5517310;122217774:3265977;1628149:48509498;15054114:5517310;8456532:4244397,5,2014-07-20,2014,7,6,5,21458:77835136;15039464:594741715;131982089:5517310;122217774:3265977;1628149:48509498;15054114:5517310;8456532:4244397,20130309.0,0.0,2013-03-09,2013,3
877518892,36499367185,50012475,28,21458:4192454;6448382:460997836;13023209:62809256;22277:11183710;11684888:22986;1628665:3233942;1628665:3233939;1628665:92012;1628665:29790;1628665:31614;1628665:29798;1628665:29778;1628665:3233938;1628665:82340;1628665:29787;1628665:29793;21475:275708185,1,2014-05-14,2014,5,2,1,21458:4192454;6448382:460997836;13023209:62809256;22277:11183710;11684888:22986;1628665:3233942;1628665:3233939;1628665:92012;1628665:29790;1628665:31614;1628665:29798;1628665:29778;1628665:3233938;1628665:82340;1628665:29787;1628665:29793;21475:275708185,20140304.0,1.0,2014-03-04,2014,3
80512596,36131873399,50012363,122650008,21458:67173059;1628665:3233939;1628665:3233938;1628665:29796;22007:30384;22007:30385;22007:30386;22007:30387;22007:30388;22007:30389;25935:21991;25935:21990;25935:31381;122217744:4027090;13023209:3293111;2397831:16561212,1,2014-02-20,2014,2,3,1,21458:67173059;1628665:3233939;1628665:3233938;1628665:29796;22007:30384;22007:30385;22007:30386;22007:30387;22007:30388;22007:30389;25935:21991;25935:21990;25935:31381;122217744:4027090;13023209:3293111;2397831:16561212,20130208.0,0.0,2013-02-08,2013,2
411194666,6892952614,50012245,50014815,21458:30992;21956:3309630;1628665:3233942;1628665:3233938;33337:46473310;21967:29772;21967:29773,4,2014-06-05,2014,6,3,4,21458:30992;21956:3309630;1628665:3233942;1628665:3233938;33337:46473310;21967:29772;21967:29773,20140717.0,0.0,2014-07-17,2014,7
140860418,24679988724,50012431,50014815,1628665:3233941;1628665:3233942;1628665:3233939;1628665:92012;1628665:29790;1628665:31614;1628665:61550;1628665:3233940;1628665:3233936;1628665:3233937;1628665:29798;1628665:29778;1628665:3233938;1628665:82340;1628665:29787;1628665:29784;1628665:29793;1628665:131622;1628665:29796;1628665:133527;1628665:108579;1628665:29785;1628665:29782;1628665:29799;122277773:37463482;122277773:7172482;122277773:37472463;122277773:3269160;122277773:3268651;122277773:31184;22009:106713;122217803:30916;122218005:3930669;122218005:4276223;21967:29775;21475:10044176;13023209:663340101;21458:115693733,1,2014-11-02,2014,11,6,1,1628665:3233941;1628665:3233942;1628665:3233939;1628665:92012;1628665:29790;1628665:31614;1628665:61550;1628665:3233940;1628665:3233936;1628665:3233937;1628665:29798;1628665:29778;1628665:3233938;1628665:82340;1628665:29787;1628665:29784;1628665:29793;1628665:131622;1628665:29796;1628665:133527;1628665:108579;1628665:29785;1628665:29782;1628665:29799;122277773:37463482;122277773:7172482;122277773:37472463;122277773:3269160;122277773:3268651;122277773:31184;22009:106713;122217803:30916;122218005:3930669;122218005:4276223;21967:29775;21475:10044176;13023209:663340101;21458:115693733,20131202.0,0.0,2013-12-02,2013,12
152076304,14665138835,50016243,28,21458:22466616;12121756:3279300;1628665:3233941;1628665:3233942;1628665:3233939;1628665:92012;1628665:29790;1628665:31614;1628665:61550;1628665:3233936;1628665:29778;1628665:29787;1628665:29793;1628665:29782;1628665:29799;21475:137325;11649846:9068681;11666049:40203,1,2013-02-17,2013,2,6,1,21458:22466616;12121756:3279300;1628665:3233941;1628665:3233942;1628665:3233939;1628665:92012;1628665:29790;1628665:31614;1628665:61550;1628665:3233936;1628665:29778;1628665:29787;1628665:29793;1628665:29782;1628665:29799;21475:137325;11649846:9068681;11666049:40203,,0.0,2008-08-19,2008,8
109907629,6009465208,50014250,28,1627584:28619,1,2013-02-17,2013,2,6,1,1627584:28619,20100218.0,1.0,2010-02-18,2010,2
55522687,8159654162,50012456,50014815,21458:78542946;1628665:131622,1,2014-04-29,2014,4,1,1,21458:78542946;1628665:131622,20131215.0,1.0,2013-12-15,2013,12
854053048,35774477574,50010549,50008168,25935:21991;1628665:29787;1628665:29796;1628665:29782;22019:3228688;22019:3265977;22019:3248884;22019:3340598;22019:3284610;32047:93471;1628348:11468;1627349:114518;3988915:104912;2904342:30905;13394971:29563;8151548:11580;13395135:30912;21458:82901;1633959:137980566,1,2013-11-11,2013,11,0,1,25935:21991;1628665:29787;1628665:29796;1628665:29782;22019:3228688;22019:3265977;22019:3248884;22019:3340598;22019:3284610;32047:93471;1628348:11468;1627349:114518;3988915:104912;2904342:30905;13394971:29563;8151548:11580;13395135:30912;21458:82901;1633959:137980566,20110524.0,1.0,2011-05-24,2011,5
728180676,39589756565,121408024,50008168,21458:3798141;1628665:3233941;1628665:29790;13023209:3373765;122217801:34731;122217801:2026;122217801:50793479;122217801:3287412;22009:104582;122217803:3290137;21477:3979320;25935:21991,1,2014-11-26,2014,11,2,1,21458:3798141;1628665:3233941;1628665:29790;13023209:3373765;122217801:34731;122217801:2026;122217801:50793479;122217801:3287412;22009:104582;122217803:3290137;21477:3979320;25935:21991,20101212.0,0.0,2010-12-12,2010,12
1812586633,22143527373,121398035,50022520,21458:200969960;21477:105416591;22009:104582;13023209:12873814;122217803:3290137;122217965:3227750;21967:29841;1628665:29784;1628665:82340;1628665:3233938;1628665:3233942;51138297:304866237;141935707:12873814,1,2014-10-12,2014,10,6,1,21458:200969960;21477:105416591;22009:104582;13023209:12873814;122217803:3290137;122217965:3227750;21967:29841;1628665:29784;1628665:82340;1628665:3233938;1628665:3233942;51138297:304866237;141935707:12873814,20150309.0,0.0,2015-03-09,2015,3
310635877,41262741580,50010566,50008168,25935:21991;1628665:3233938;122217801:3228688;122217801:3265977;122217801:3340598;122217801:34731;32047:93471;1628348:11468;33069:104912;22121:30905;22009:3297582;122217803:30916;22066:30993;22061:14033338;122217965:29431631;13023209:701279844;21458:196090287,1,2014-10-12,2014,10,6,1,25935:21991;1628665:3233938;122217801:3228688;122217801:3265977;122217801:3340598;122217801:34731;32047:93471;1628348:11468;33069:104912;22121:30905;22009:3297582;122217803:30916;22066:30993;22061:14033338;122217965:29431631;13023209:701279844;21458:196090287,20130321.0,0.0,2013-03-21,2013,3
363164958,16201007960,50228021,50014815,21458:21906;3097674:679026166;33603:110558;1628149:110568;122451853:8871776;21475:46107683;21475:7202757;21475:108284;21479:110556;31174030:44083;1628665:108579;1628665:131622;1628665:29778;1628665:29782;1628665:29784;1628665:29785;1628665:29787;1628665:29796;1628665:29798;1628665:29799;1628665:92012;1628665:61550;1628665:31614;1628665:3233936;1628665:3233937;1628665:3233938;1628665:3233939;1628665:3233940;1628665:3233941;1628665:3233942;1628665:133527;1628665:82340;6478880:11580,1,2014-12-13,2014,12,5,1,21458:21906;3097674:679026166;33603:110558;1628149:110568;122451853:8871776;21475:46107683;21475:7202757;21475:108284;21479:110556;31174030:44083;1628665:108579;1628665:131622;1628665:29778;1628665:29782;1628665:29784;1628665:29785;1628665:29787;1628665:29796;1628665:29798;1628665:29799;1628665:92012;1628665:61550;1628665:31614;1628665:3233936;1628665:3233937;1628665:3233938;1628665:3233939;1628665:3233940;1628665:3233941;1628665:3233942;1628665:133527;1628665:82340;6478880:11580,20141229.0,0.0,2014-12-29,2014,12
89800466,8835103504,50023661,28,21458:42419921;11666049:62519847;11759968:105103035,1,2012-08-28,2012,8,1,1,21458:42419921;11666049:62519847;11759968:105103035,20110331.0,0.0,2011-03-31,2011,3
1830529477,24198240503,121540027,28,21458:180084224;128609756:3506594;11945782:7813537;11684888:11468;12082847:107548441;21475:275708185;1628665:3233941;1628665:3233942;1628665:3233939;1628665:92012;1628665:29790;1628665:31614;1628665:61550;1628665:3233940;1628665:3233936;1628665:3233937;1628665:29798;1628665:29778;1628665:82340,1,2014-08-02,2014,8,5,1,21458:180084224;128609756:3506594;11945782:7813537;11684888:11468;12082847:107548441;21475:275708185;1628665:3233941;1628665:3233942;1628665:3233939;1628665:92012;1628665:29790;1628665:31614;1628665:61550;1628665:3233940;1628665:3233936;1628665:3233937;1628665:29798;1628665:29778;1628665:82340,20130617.0,0.0,2013-06-17,2013,6
155969997,16983951706,50012451,50008168,21458:48847441;1633959:155218811;33030:29800;33162:30916;3156768:4195556;3156768:4069612;25935:31381;13512069:22182;1628665:29782;22019:3228688;22019:3265977;22019:3340598;22019:34731;22019:2026,1,2012-09-24,2012,9,0,1,21458:48847441;1633959:155218811;33030:29800;33162:30916;3156768:4195556;3156768:4069612;25935:31381;13512069:22182;1628665:29782;22019:3228688;22019:3265977;22019:3340598;22019:34731;22019:2026,20120505.0,0.0,2012-05-05,2012,5
115378612,22437991041,50006602,50008168,21458:119533678;30497:30035;1633959:317401523;1628665:3233941;1628665:3233942;1628665:3233939;1628665:92012;1628665:29790;1628665:31614;1628665:61550;1628665:3233940;1628665:3233936;1628665:3233937;1628665:29798;1628665:29778;1628665:3233938;1628665:82340;1628665:29787;1628665:29784;1628665:29793;1628665:131622;1628665:29796;1628665:133527;1628324:9319927;5426651:29841;1628366:32799;25935:31381,1,2014-02-07,2014,2,4,1,21458:119533678;30497:30035;1633959:317401523;1628665:3233941;1628665:3233942;1628665:3233939;1628665:92012;1628665:29790;1628665:31614;1628665:61550;1628665:3233940;1628665:3233936;1628665:3233937;1628665:29798;1628665:29778;1628665:3233938;1628665:82340;1628665:29787;1628665:29784;1628665:29793;1628665:131622;1628665:29796;1628665:133527;1628324:9319927;5426651:29841;1628366:32799;25935:31381,20140412.0,,2014-04-12,2014,4
891736786,37968733758,50013207,50008168,1628665:3233942;1628665:92012;1628665:29790;1628665:31614;1628665:3233936;1628665:29778;1628665:3233938;1628665:29784;1628665:29793;1628665:29796;1628665:133527;1628665:29785;1628665:29782;22121:21671;122217801:34731;122217801:2026;122217801:50793479;25935:31381;32047:93472;22009:29800;22066:3086;22061:30912;1628348:11468,1,2014-08-03,2014,8,6,1,1628665:3233942;1628665:92012;1628665:29790;1628665:31614;1628665:3233936;1628665:29778;1628665:3233938;1628665:29784;1628665:29793;1628665:29796;1628665:133527;1628665:29785;1628665:29782;22121:21671;122217801:34731;122217801:2026;122217801:50793479;25935:31381;32047:93472;22009:29800;22066:3086;22061:30912;1628348:11468,20120628.0,1.0,2012-06-28,2012,6
131325713,23943612874,50013636,50008168,1628665:3233942;25935:21991;32047:93470;22019:3284610;22019:125938;22019:3238422;22019:3251926;22019:3287412;22135:31412;1628366:30915;8151548:3309760;13529746:21982;13529646:117906617;13394971:30993;22022:102274034;13539026:21984;21458:196556126;30100230:238398242;1633959:29442619,1,2013-04-16,2013,4,1,1,1628665:3233942;25935:21991;32047:93470;22019:3284610;22019:125938;22019:3238422;22019:3251926;22019:3287412;22135:31412;1628366:30915;8151548:3309760;13529746:21982;13529646:117906617;13394971:30993;22022:102274034;13539026:21984;21458:196556126;30100230:238398242;1633959:29442619,20110429.0,0.0,2011-04-29,2011,4
870668820,9390785457,50006520,50014815,22277:6262384;21458:30992;1628665:3233941;1628665:3233942;1628665:3233939;1628665:92012;1628665:29790;1628665:31614;1628665:61550;1628665:3233940;1628665:3233936;1628665:3233937;1628665:29798;1628665:29778;1628665:3233938;1628665:82340;1628665:29787;1628665:29784;1628665:29793;1628665:131622;1628665:29796;1628665:133527;1628665:108579;1628665:29785;13023209:11203265,6,2014-11-25,2014,11,1,6,22277:6262384;21458:30992;1628665:3233941;1628665:3233942;1628665:3233939;1628665:92012;1628665:29790;1628665:31614;1628665:61550;1628665:3233940;1628665:3233936;1628665:3233937;1628665:29798;1628665:29778;1628665:3233938;1628665:82340;1628665:29787;1628665:29784;1628665:29793;1628665:131622;1628665:29796;1628665:133527;1628665:108579;1628665:29785;13023209:11203265,20140211.0,1.0,2014-02-11,2014,2
1869728066,17629298588,50006099,50014815,21458:3409452;8836916:126026819;22999:39944;13023209:125073780;21475:50991830;1628665:3233941;1628665:3233942,1,2014-05-30,2014,5,4,1,21458:3409452;8836916:126026819;22999:39944;13023209:125073780;21475:50991830;1628665:3233941;1628665:3233942,20130721.0,1.0,2013-07-21,2013,7
655834471,18860456727,50006843,38,21458:125557934;15730987:156785732;20293434:156750670;21475:108284;6933666:4421827;33595:29230,1,2012-10-14,2012,10,6,1,21458:125557934;15730987:156785732;20293434:156750670;21475:108284;6933666:4421827;33595:29230,20120403.0,0.0,2012-04-03,2012,4
834999974,18723486529,50018202,38,21458:3332827;6933553:3313377;7084109:3253542;8181346:75369949;3346378:75369399;22757:29230;21475:20145005;1628149:96059;6940834:29865;122277714:28471,1,2014-11-11,2014,11,1,1,21458:3332827;6933553:3313377;7084109:3253542;8181346:75369949;3346378:75369399;22757:29230;21475:20145005;1628149:96059;6940834:29865;122277714:28471,20141130.0,1.0,2014-11-30,2014,11
758277216,20740212544,50016706,50022520,21458:9202145;13650040:38144274;122218232:7366337;122218233:3559330;5316831:24421363;22135:31411;122218237:109756589;21479:29800;22061:14033338;21477:22516235;122218046:117230;1628665:61550;1628665:29798;1628665:3233938;1628665:29787;1628665:29784;1628665:131622;1628665:29796;1628665:133527;1628665:29782;21967:29774;21967:29775;21967:29776,1,2014-03-24,2014,3,0,1,21458:9202145;13650040:38144274;122218232:7366337;122218233:3559330;5316831:24421363;22135:31411;122218237:109756589;21479:29800;22061:14033338;21477:22516235;122218046:117230;1628665:61550;1628665:29798;1628665:3233938;1628665:29787;1628665:29784;1628665:131622;1628665:29796;1628665:133527;1628665:29782;21967:29774;21967:29775;21967:29776,20141026.0,0.0,2014-10-26,2014,10
511889597,20026407554,50013207,50008168,21458:232045469;1633959:15208742;2904342:30905;25935:21990;8151548:44428977;13394971:30993;13395135:30910;13512632:44718;1628665:3233941;1628665:3233942;1628665:3233939;1628665:92012;1628665:29790;1628665:31614;1628665:61550;1628665:3233940;1628665:3233936;1628665:3233937;1628665:29798;1628665:29778;1628665:3233938;1628665:82340;1628665:29787;1628665:29784;1628665:29793;1628665:131622;1628665:29796;1628665:133527;1628665:29782;22019:3340598;22019:34731;22019:2026;22019:50793479;22019:3287412;22019:3377924,1,2013-07-05,2013,7,4,1,21458:232045469;1633959:15208742;2904342:30905;25935:21990;8151548:44428977;13394971:30993;13395135:30910;13512632:44718;1628665:3233941;1628665:3233942;1628665:3233939;1628665:92012;1628665:29790;1628665:31614;1628665:61550;1628665:3233940;1628665:3233936;1628665:3233937;1628665:29798;1628665:29778;1628665:3233938;1628665:82340;1628665:29787;1628665:29784;1628665:29793;1628665:131622;1628665:29796;1628665:133527;1628665:29782;22019:3340598;22019:34731;22019:2026;22019:50793479;22019:3287412;22019:3377924,20111106.0,1.0,2011-11-06,2011,11
366240547,10380868910,50006521,50014815,21458:7480167;1633959:113175440;2815901:113175440,3,2013-07-19,2013,7,4,3,21458:7480167;1633959:113175440;2815901:113175440,,0.0,2009-11-06,2009,11
93332442,37317558555,50013207,50008168,21458:3473062;13023209:143765174;25935:21991;1628665:3233941;1628665:3233942;22121:65820315;122217801:125938;122217801:2026;122217801:50793479;122217801:3287412;122217801:3377924;32047:93471;22009:29800;22066:30993;22061:109080;122217806:30903;1628348:11468,1,2014-03-19,2014,3,2,1,21458:3473062;13023209:143765174;25935:21991;1628665:3233941;1628665:3233942;22121:65820315;122217801:125938;122217801:2026;122217801:50793479;122217801:3287412;122217801:3377924;32047:93471;22009:29800;22066:30993;22061:109080;122217806:30903;1628348:11468,20111102.0,0.0,2011-11-02,2011,11
408499766,7210849725,50013998,28,21458:76412435;1633959:77875535;1627584:28619;21475:114227;1628665:3233941;1628665:3233940;1628665:3233936;1628665:3233937;1628665:29778;1628665:3233938;1628665:82340;1628665:29787;1628665:29784;1628665:29793;1628665:131622;1628665:29796;1628665:133527;1628665:108579,1,2012-08-18,2012,8,5,1,21458:76412435;1633959:77875535;1627584:28619;21475:114227;1628665:3233941;1628665:3233940;1628665:3233936;1628665:3233937;1628665:29778;1628665:3233938;1628665:82340;1628665:29787;1628665:29784;1628665:29793;1628665:131622;1628665:29796;1628665:133527;1628665:108579,20140919.0,0.0,2014-09-19,2014,9
142427984,37967196751,50013207,50008168,21458:204438163;13023209:109045652;22121:30905;25935:21991;22009:27417714;22066:31377;22061:14033338;122217806:30902;1628665:29790;1628665:3233938;122217801:34731;122217801:2026;122217801:50793479;122217801:3287412;122217801:3377924;32047:93470;1628348:11468,1,2014-04-23,2014,4,2,1,21458:204438163;13023209:109045652;22121:30905;25935:21991;22009:27417714;22066:31377;22061:14033338;122217806:30902;1628665:29790;1628665:3233938;122217801:34731;122217801:2026;122217801:50793479;122217801:3287412;122217801:3377924;32047:93470;1628348:11468,20110721.0,0.0,2011-07-21,2011,7
1643805171,37802896330,121394024,50008168,21458:195688453;1628665:3233942;1628665:3233939;1628665:92012;1628665:29790;1628665:31614;1628665:61550;1628665:3233940;1628665:3233936;13023209:2128;122217801:3238327;122217801:3228688;122217801:3265977;122217801:3340598;22009:27417714;122217803:30914;21477:30731631;21477:28695579;21477:4069612;25935:31381;13512069:48867;21475:20145005,1,2014-09-01,2014,9,0,1,21458:195688453;1628665:3233942;1628665:3233939;1628665:92012;1628665:29790;1628665:31614;1628665:61550;1628665:3233940;1628665:3233936;13023209:2128;122217801:3238327;122217801:3228688;122217801:3265977;122217801:3340598;22009:27417714;122217803:30914;21477:30731631;21477:28695579;21477:4069612;25935:31381;13512069:48867;21475:20145005,20140509.0,1.0,2014-05-09,2014,5
827639760,19538803966,50012375,50022520,21458:83228914;1633959:3794685;2397831:16561212;22021:29843;35759:30903;22131:30905;22122:29563;22123:30910;22124:30915;10296185:95292615;1628665:3233937;1628665:29784;1628665:29793;21967:29774;21967:29773;21967:29775,1,2013-06-17,2013,6,0,1,21458:83228914;1633959:3794685;2397831:16561212;22021:29843;35759:30903;22131:30905;22122:29563;22123:30910;22124:30915;10296185:95292615;1628665:3233937;1628665:29784;1628665:29793;21967:29774;21967:29773;21967:29775,20140101.0,0.0,2014-01-01,2014,1
1103802043,37076000628,50023514,28,21458:3660286;29327776:13516084;32959:90426782;11666049:62519847;21475:135183931,1,2014-04-24,2014,4,3,1,21458:3660286;29327776:13516084;32959:90426782;11666049:62519847;21475:135183931,20130301.0,1.0,2013-03-01,2013,3
11461439,9479844425,50012464,50014815,21458:28155;1628665:31614;1628665:61550;7144773:28619;2815901:9988258;1633959:3434544,1,2013-01-12,2013,1,5,1,21458:28155;1628665:31614;1628665:61550;7144773:28619;2815901:9988258;1633959:3434544,20130307.0,1.0,2013-03-07,2013,3
1730315664,13155318835,50012564,50014815,21458:77835136;15039464:594741715;131982089:5517310;122217774:3265977;1628149:48509498;15054114:5517310;8456532:4244397,5,2015-02-05,2015,2,3,5,21458:77835136;15039464:594741715;131982089:5517310;122217774:3265977;1628149:48509498;15054114:5517310;8456532:4244397,20120629.0,0.0,2012-06-29,2012,6
77164222,21559175634,50009547,50014815,21458:28155;3219631:8118693;21489:82409;2815901:30148496;21475:114225;21479:21671,1,2014-12-11,2014,12,3,1,21458:28155;3219631:8118693;21489:82409;2815901:30148496;21475:114225;21479:21671,20150129.0,1.0,2015-01-29,2015,1
75104744,15809019524,121394024,50008168,21458:91586564;13023209:3558651;22009:21671;122217803:30914;21477:30731631;21477:3979320;21477:3232478;21477:24927057;21477:28695579;21477:4069612;25935:31381;13512069:48867;21475:61944851;21475:20145005;21475:234713719;1628665:3233939;1628665:92012;1628665:29798;1628665:29793;122217801:3228688;122217801:3265977;122217801:3340598;122217801:34731;122217801:2026;122217801:50793479,1,2014-05-13,2014,5,1,1,21458:91586564;13023209:3558651;22009:21671;122217803:30914;21477:30731631;21477:3979320;21477:3232478;21477:24927057;21477:28695579;21477:4069612;25935:31381;13512069:48867;21475:61944851;21475:20145005;21475:234713719;1628665:3233939;1628665:92012;1628665:29798;1628665:29793;122217801:3228688;122217801:3265977;122217801:3340598;122217801:34731;122217801:2026;122217801:50793479,20140315.0,1.0,2014-03-15,2014,3
52529655,41700127609,50012363,122650008,21458:7220802;13023209:721025658;122217803:30916;2397831:16561295;21948:3228727;122218021:31619;25935:21991;25935:21990;2397831:16561404;122217744:4027090;1628665:3233937;1628665:29799;22007:30387;22007:30388;22007:30389;22007:30390;22007:30391,1,2014-11-11,2014,11,1,1,21458:7220802;13023209:721025658;122217803:30916;2397831:16561295;21948:3228727;122218021:31619;25935:21991;25935:21990;2397831:16561404;122217744:4027090;1628665:3233937;1628665:29799;22007:30387;22007:30388;22007:30389;22007:30390;22007:30391,20130611.0,,2013-06-11,2013,6
196293483,18654493396,50023670,28,1628665:3233941;11684888:104528258;33969:184475658;21475:137325;21458:19479529;44983511:3324753,1,2013-09-04,2013,9,2,1,1628665:3233941;11684888:104528258;33969:184475658;21475:137325;21458:19479529;44983511:3324753,20100117.0,1.0,2010-01-17,2010,1
789872417,41358926135,50010544,50008168,21458:32270;13023209:706307803;25935:21991;1628348:11468;122218020:48960;33069:104912;22121:30905;22066:30993;22009:21671;22061:14033338;13510285:3450338;6863019:3269153;32047:93470;1628665:3233941;1628665:3233942;1628665:3233939;1628665:92012;1628665:29790;1628665:3233940;1628665:3233938;1628665:82340;1628665:29787;1628665:29784;1628665:131622;1628665:29796;1628665:29785;122217801:34731;122217801:2026;122217801:50793479;122217801:3287412;122217801:3377924;122217801:2375;122217801:28232,1,2015-01-06,2015,1,1,1,21458:32270;13023209:706307803;25935:21991;1628348:11468;122218020:48960;33069:104912;22121:30905;22066:30993;22009:21671;22061:14033338;13510285:3450338;6863019:3269153;32047:93470;1628665:3233941;1628665:3233942;1628665:3233939;1628665:92012;1628665:29790;1628665:3233940;1628665:3233938;1628665:82340;1628665:29787;1628665:29784;1628665:131622;1628665:29796;1628665:29785;122217801:34731;122217801:2026;122217801:50793479;122217801:3287412;122217801:3377924;122217801:2375;122217801:28232,,0.0,2009-08-05,2009,8
369840982,24537752535,50018436,50014815,1628665:3233941;1628665:3233942;1628665:3233939;1628665:92012;1628665:29790;1628665:31614;1628665:61550;1628665:3233940;1628665:3233936;1628665:3233937;1628665:29798;1628665:29778;21458:4435058,1,2013-08-02,2013,8,4,1,1628665:3233941;1628665:3233942;1628665:3233939;1628665:92012;1628665:29790;1628665:31614;1628665:61550;1628665:3233940;1628665:3233936;1628665:3233937;1628665:29798;1628665:29778;21458:4435058,20130309.0,1.0,2013-03-09,2013,3
10642245,14109039851,50006843,38,21458:7142737;8694098:95303334;12786373:54223;21476:21797;21475:108284;6933666:96059;33595:16453265,1,2013-06-17,2013,6,0,1,21458:7142737;8694098:95303334;12786373:54223;21476:21797;21475:108284;6933666:96059;33595:16453265,20130213.0,0.0,2013-02-13,2013,2
92590396,21167235111,50013207,50008168,1628665:29798;22019:3228688;22019:3265977;22019:3248884;22019:3340598;25935:31381,1,2013-07-06,2013,7,5,1,1628665:29798;22019:3228688;22019:3265977;22019:3248884;22019:3340598;25935:31381,20120717.0,1.0,2012-07-17,2012,7
57711375,12917121510,50013175,28,2397831:16560944,1,2012-09-14,2012,9,4,1,2397831:16560944,20130420.0,,2013-04-20,2013,4
127451512,36512326995,50013207,50008168,21458:30992;1628665:29798;22019:3340598;22019:34731;22019:2026;22019:50793479;22019:3287412;25935:21991;32047:93470;13394971:29563;13395135:30912;13512632:45026;1628348:11468,1,2013-12-17,2013,12,1,1,21458:30992;1628665:29798;22019:3340598;22019:34731;22019:2026;22019:50793479;22019:3287412;25935:21991;32047:93470;13394971:29563;13395135:30912;13512632:45026;1628348:11468,20121212.0,0.0,2012-12-12,2012,12
418692116,4550443229,50012456,50014815,11474:77718329;21458:21906;13023209:3495733,1,2014-02-21,2014,2,4,1,11474:77718329;21458:21906;13023209:3495733,20140602.0,1.0,2014-06-02,2014,6
381387022,19046999290,50006041,50014815,1628665:3233941;1628665:3233942;1628665:3233939;1628665:92012;1628665:61550;1628665:3233940;1628665:3233936;1628665:3233937;1628665:29798;1628665:3233938;1628665:82340;1628665:29787;1628665:29784;1628665:29793;1628665:133527;1628665:108579;1628665:29785;1628665:29782;1628665:29799;21458:12984577,1,2014-03-04,2014,3,1,1,1628665:3233941;1628665:3233942;1628665:3233939;1628665:92012;1628665:61550;1628665:3233940;1628665:3233936;1628665:3233937;1628665:29798;1628665:3233938;1628665:82340;1628665:29787;1628665:29784;1628665:29793;1628665:133527;1628665:108579;1628665:29785;1628665:29782;1628665:29799;21458:12984577,20130401.0,1.0,2013-04-01,2013,4
23256752,19386943590,121398041,28,1628665:3233939;1628665:92012;1628665:29790;1628665:31614;1628665:61550;1628665:3233940;1628665:3233936;1628665:3233937;22277:125113;22277:131623;22277:2054;22277:93943;22277:21671;21475:135183931;11666049:40203,1,2014-05-13,2014,5,1,1,1628665:3233939;1628665:92012;1628665:29790;1628665:31614;1628665:61550;1628665:3233940;1628665:3233936;1628665:3233937;22277:125113;22277:131623;22277:2054;22277:93943;22277:21671;21475:135183931;11666049:40203,20120712.0,1.0,2012-07-12,2012,7
49551046,16996516063,50006602,50008168,10984217:46154;21479:106713;1628665:3233942;1628665:3233939;1628665:92012;1628665:29790;1628665:31614;21475:3473865;21475:3229496;21475:38368874;21475:19811010;21475:56082775;122217803:30915;25935:31381,1,2014-05-12,2014,5,0,1,10984217:46154;21479:106713;1628665:3233942;1628665:3233939;1628665:92012;1628665:29790;1628665:31614;21475:3473865;21475:3229496;21475:38368874;21475:19811010;21475:56082775;122217803:30915;25935:31381,20150419.0,0.0,2015-04-19,2015,4
82248938,41229697286,121462023,50008168,21458:32270;1628665:29796;122217801:31001,1,2015-01-21,2015,1,2,1,21458:32270;1628665:29796;122217801:31001,20141230.0,0.0,2014-12-30,2014,12
151742451,40040237715,50012838,50014815,21458:135366222;13023209:3281445;1628665:3233941;1628665:3233942;1628665:3233939;1628665:92012;1628665:29790;1628665:31614;1628665:61550;1628665:3233940;1628665:3233936;1628665:3233937;1628665:29798;1628665:29778;1628665:3233938;1628665:82340;1628665:29784;1628665:29793;1628665:131622;1628665:29796;1628665:133527;1628665:108579;1628665:29782,1,2014-09-20,2014,9,5,1,21458:135366222;13023209:3281445;1628665:3233941;1628665:3233942;1628665:3233939;1628665:92012;1628665:29790;1628665:31614;1628665:61550;1628665:3233940;1628665:3233936;1628665:3233937;1628665:29798;1628665:29778;1628665:3233938;1628665:82340;1628665:29784;1628665:29793;1628665:131622;1628665:29796;1628665:133527;1628665:108579;1628665:29782,20140121.0,,2014-01-21,2014,1
180332213,38758204657,50007011,50008168,1628665:3233938;1628665:29784;1628665:29796;1628665:29782;122217637:31028;21475:7662460;123410248:133197;122218081:12439578;21967:29841;122217973:140636;22009:29800,1,2014-07-25,2014,7,4,1,1628665:3233938;1628665:29784;1628665:29796;1628665:29782;122217637:31028;21475:7662460;123410248:133197;122218081:12439578;21967:29841;122217973:140636;22009:29800,,0.0,2009-12-03,2009,12
738243947,37128706257,50012549,50014815,21458:100118367;13023209:6943986;125853586:5554991;1628665:29778;1628665:61550;1628665:3233938;1628665:3233942;21967:32370526,1,2014-04-20,2014,4,6,1,21458:100118367;13023209:6943986;125853586:5554991;1628665:29778;1628665:61550;1628665:3233938;1628665:3233942;21967:32370526,20140522.0,1.0,2014-05-22,2014,5
460971987,10082122933,50013881,28,,1,2012-07-05,2012,7,3,1,,20111001.0,0.0,2011-10-01,2011,10
16033918,17523149759,50008895,28,1628665:3233941;1628665:3233942;1628665:3233939;1628665:92012;1628665:29790;1628665:31614;1628665:61550;1628665:3233940;1628665:3233936;1628665:3233937;1628665:29798;1628665:29778;1628665:3233938;1628665:82340;1628665:29787;1628665:29784;1628665:29793;1628665:131622;1628665:29796;1628665:133527;1628665:108579;1628665:29785;1628665:29782;1628665:29799;21479:4183265;21475:135183931;2397831:16560944,1,2014-07-16,2014,7,2,1,1628665:3233941;1628665:3233942;1628665:3233939;1628665:92012;1628665:29790;1628665:31614;1628665:61550;1628665:3233940;1628665:3233936;1628665:3233937;1628665:29798;1628665:29778;1628665:3233938;1628665:82340;1628665:29787;1628665:29784;1628665:29793;1628665:131622;1628665:29796;1628665:133527;1628665:108579;1628665:29785;1628665:29782;1628665:29799;21479:4183265;21475:135183931;2397831:16560944,20131024.0,,2013-10-24,2013,10
77933013,17958495541,50023790,28,1628665:3233941;1628665:3233942;1628665:3233939;1628665:92012;1628665:29790;1628665:31614;1628665:61550;1628665:3233940;1628665:3233936;1628665:3233937;1628665:29798;1628665:29778;1628665:3233938;1628665:82340;1628665:29787;1628665:29784;1628665:29793;1628665:131622;1628665:29796;1628665:133527;1628665:108579;1628665:29785;1628665:29782;1628665:29799;11945730:125113;11945730:47034;11945730:131623;11945730:2054;11945730:48107;11945730:93943;11945730:21805;11945730:47734;11945697:73437541;11684888:104528258;21475:137325;11666049:40203,1,2013-09-10,2013,9,1,1,1628665:3233941;1628665:3233942;1628665:3233939;1628665:92012;1628665:29790;1628665:31614;1628665:61550;1628665:3233940;1628665:3233936;1628665:3233937;1628665:29798;1628665:29778;1628665:3233938;1628665:82340;1628665:29787;1628665:29784;1628665:29793;1628665:131622;1628665:29796;1628665:133527;1628665:108579;1628665:29785;1628665:29782;1628665:29799;11945730:125113;11945730:47034;11945730:131623;11945730:2054;11945730:48107;11945730:93943;11945730:21805;11945730:47734;11945697:73437541;11684888:104528258;21475:137325;11666049:40203,20100702.0,1.0,2010-07-02,2010,7
1125759387,37203897505,50008856,28,21458:215485914;34826441:544754375;13023209:19689726;2397831:16560944;1628665:3233941;1628665:3233942;1628665:3233939;1628665:92012;1628665:29790;1628665:31614;1628665:61550;1628665:3233940;1628665:3233936;1628665:3233937;1628665:29798;1628665:29778;1628665:3233938;1628665:82340;1628665:29787;1628665:29784;1628665:29793;1628665:131622;1628665:29796;1628665:133527;1628665:108579;1628665:29785;1628665:29782;1628665:29799;21475:135183931,1,2014-04-07,2014,4,0,1,21458:215485914;34826441:544754375;13023209:19689726;2397831:16560944;1628665:3233941;1628665:3233942;1628665:3233939;1628665:92012;1628665:29790;1628665:31614;1628665:61550;1628665:3233940;1628665:3233936;1628665:3233937;1628665:29798;1628665:29778;1628665:3233938;1628665:82340;1628665:29787;1628665:29784;1628665:29793;1628665:131622;1628665:29796;1628665:133527;1628665:108579;1628665:29785;1628665:29782;1628665:29799;21475:135183931,20140811.0,1.0,2014-08-11,2014,8
1033551143,36881265150,50146022,50008168,1628665:23420;1628665:29782;1628665:29793;1628665:3233938;6904871:23416;122217801:31001,1,2014-03-30,2014,3,6,1,1628665:23420;1628665:29782;1628665:29793;1628665:3233938;6904871:23416;122217801:31001,20130812.0,0.0,2013-08-12,2013,8
12155387,17990671329,50023646,28,11666049:40203;11644036:30689;21475:137325,1,2013-09-08,2013,9,6,1,11666049:40203;11644036:30689;21475:137325,,1.0,2009-08-05,2009,8
70835010,35202523813,50023591,50022520,1628665:3233941;1628665:29790;1628665:3233936;1628665:3233938;1628665:29793;1628665:108579;21967:29775;21967:29776;21967:29777;11697064:31014;11697039:21983;11719942:11462;22334:30916;8151548:32752634;21458:3669597,1,2013-11-20,2013,11,2,1,1628665:3233941;1628665:29790;1628665:3233936;1628665:3233938;1628665:29793;1628665:108579;21967:29775;21967:29776;21967:29777;11697064:31014;11697039:21983;11719942:11462;22334:30916;8151548:32752634;21458:3669597,20140522.0,0.0,2014-05-22,2014,5
63741599,7964426157,50018858,38,21458:46961;1633959:139696;6933666:4421827;33595:29230,1,2012-08-16,2012,8,3,1,21458:46961;1633959:139696;6933666:4421827;33595:29230,20110324.0,0.0,2011-03-24,2011,3
70231555,14518073759,50018704,50014815,21458:40217,1,2012-07-24,2012,7,1,1,21458:40217,20120223.0,0.0,2012-02-23,2012,2
84547855,17551664840,50013711,50008168,21458:93383062;1633959:8784750;23181:31427;35779:131774;1628366:30915;25935:21991;8151548:29843;13394971:31377;13395135:30912;1628665:31614;22019:3340598;22019:34731;22019:2026;22019:50793479;22019:3287412,1,2012-11-13,2012,11,1,1,21458:93383062;1633959:8784750;23181:31427;35779:131774;1628366:30915;25935:21991;8151548:29843;13394971:31377;13395135:30912;1628665:31614;22019:3340598;22019:34731;22019:2026;22019:50793479;22019:3287412,,0.0,2007-08-08,2007,8
631917779,20812756384,50018821,38,21458:48948;6933666:112911;21475:108284;33595:29230,3,2013-07-23,2013,7,1,3,21458:48948;6933666:112911;21475:108284;33595:29230,20121023.0,1.0,2012-10-23,2012,10
26188351,15604654059,50013636,50008168,21458:11580;1628665:29798;25935:21991;22019:34731,1,2012-08-12,2012,8,6,1,21458:11580;1628665:29798;25935:21991;22019:34731,20100329.0,0.0,2010-03-29,2010,3
50238258,24784096636,50018412,50014815,21458:3407346;37150056:5752671;6851452:4343058,1,2013-05-14,2013,5,1,1,21458:3407346;37150056:5752671;6851452:4343058,20101206.0,1.0,2010-12-06,2010,12
207508450,16520257539,211122,38,21458:21782;36786:192103944;1827969:137330;33595:28870;6933553:3313169;6933666:68145978;5393572:75369289,1,2013-01-03,2013,1,3,1,21458:21782;36786:192103944;1827969:137330;33595:28870;6933553:3313169;6933666:68145978;5393572:75369289,20120220.0,1.0,2012-02-20,2012,2
525892484,38613126621,121462075,50008168,1628665:131622;1628665:29796;25935:31381;122217801:34731;122217801:2026;122217801:50793479;122217801:3287412;122217801:3377924;122217801:2375,1,2014-05-14,2014,5,2,1,1628665:131622;1628665:29796;25935:31381;122217801:34731;122217801:2026;122217801:50793479;122217801:3287412;122217801:3377924;122217801:2375,20130619.0,1.0,2013-06-19,2013,6
138121253,15385184597,251725,28,26320:53024;26318:52992;1628665:3233941;1628665:3233939;1628665:29790;1628665:31614;1628665:61550;1628665:3233940;1628665:3233936;1628665:3233937;1628665:29798;1628665:29778;1628665:82340;1628665:29787;1628665:29784;1628665:131622;1628665:29796;1628665:133527;1628665:29785;1628665:29799;1627584:30689;21475:137325;21458:3475353;38532055:192704253;1633959:235248188;2397831:40203,1,2013-08-26,2013,8,0,1,26320:53024;26318:52992;1628665:3233941;1628665:3233939;1628665:29790;1628665:31614;1628665:61550;1628665:3233940;1628665:3233936;1628665:3233937;1628665:29798;1628665:29778;1628665:82340;1628665:29787;1628665:29784;1628665:131622;1628665:29796;1628665:133527;1628665:29785;1628665:29799;1627584:30689;21475:137325;21458:3475353;38532055:192704253;1633959:235248188;2397831:40203,20110303.0,1.0,2011-03-03,2011,3
410161398,21644451280,50010558,50008168,21458:30992;25935:31381;1628665:3233942;1628665:31614;1628665:29796;22019:3340598;22019:34731;22019:2026;22019:50793479;22019:3287412;22019:3377924;32047:93470;1628305:117133366;1628306:3229402;1628348:11468;3079382:29641138;8151548:29800;1627349:11462;1628366:32799;13394971:30993;3988915:104912;13395135:30912;13399649:3315982;1633959:290542104,1,2013-08-09,2013,8,4,1,21458:30992;25935:31381;1628665:3233942;1628665:31614;1628665:29796;22019:3340598;22019:34731;22019:2026;22019:50793479;22019:3287412;22019:3377924;32047:93470;1628305:117133366;1628306:3229402;1628348:11468;3079382:29641138;8151548:29800;1627349:11462;1628366:32799;13394971:30993;3988915:104912;13395135:30912;13399649:3315982;1633959:290542104,,1.0,2007-05-06,2007,5
39712478,18404124822,50026467,50022520,21458:3970280;32422:97699;1633959:47247,2,2012-09-17,2012,9,0,2,21458:3970280;32422:97699;1633959:47247,20130212.0,0.0,2013-02-12,2013,2
394567091,13742083558,50013636,50008168,21458:11580;1628665:3233941;1628665:3233942;25935:21991;32047:93471;22019:34731;22019:2026;22019:50793479;22019:3287412;22019:3377924;22135:31412;1628366:3230095;8151548:29800;13529746:21983;13529646:117906617;13394971:30993;22022:102274034;13539026:7030860,1,2012-10-31,2012,10,2,1,21458:11580;1628665:3233941;1628665:3233942;25935:21991;32047:93471;22019:34731;22019:2026;22019:50793479;22019:3287412;22019:3377924;22135:31412;1628366:3230095;8151548:29800;13529746:21983;13529646:117906617;13394971:30993;22022:102274034;13539026:7030860,,0.0,2008-10-16,2008,10
646222766,15745598713,50013636,50008168,21458:30992;1628665:3233942;1628665:92012;1628665:3233940;1628665:29784;1628665:29793;1628665:29796;1628665:133527;1628665:29782;1628665:29799;25935:21991;32047:93470;22019:3340598;22019:34731;22019:2026;22019:50793479;22019:3287412;1628366:32799;13529746:21983;13539026:117942783;13658074:3236934,1,2013-04-01,2013,4,0,1,21458:30992;1628665:3233942;1628665:92012;1628665:3233940;1628665:29784;1628665:29793;1628665:29796;1628665:133527;1628665:29782;1628665:29799;25935:21991;32047:93470;22019:3340598;22019:34731;22019:2026;22019:50793479;22019:3287412;1628366:32799;13529746:21983;13539026:117942783;13658074:3236934,20100228.0,0.0,2010-02-28,2010,2
1038480421,21592283484,50012485,50014815,21458:3916195;4859783:4300532;5103676:6980564;6338640:3242434,1,2013-09-01,2013,9,6,1,21458:3916195;4859783:4300532;5103676:6980564;6338640:3242434,20130208.0,1.0,2013-02-08,2013,2
330386953,19737728033,50006042,50014815,1628665:3233938;1628665:29784;1628665:29793;1628665:29796;1628665:133527;1628665:108579;1628665:29785;1628665:29782;1628665:29799;2815901:177617858;21458:101741046;19048975:179223666;1633959:34584,1,2012-10-05,2012,10,4,1,1628665:3233938;1628665:29784;1628665:29793;1628665:29796;1628665:133527;1628665:108579;1628665:29785;1628665:29782;1628665:29799;2815901:177617858;21458:101741046;19048975:179223666;1633959:34584,20110210.0,0.0,2011-02-10,2011,2
645557,18250831986,50018615,38,21458:3270826;6933666:112911;33595:16453265,1,2012-12-13,2012,12,3,1,21458:3270826;6933666:112911;33595:16453265,20120207.0,0.0,2012-02-07,2012,2
441486929,40049728542,50012359,122650008,1628665:3233941;1628665:3233942;1628665:3233939;1628665:29778;1628665:29796;1628665:29799;22007:30391;22007:30392;22007:30393;22007:30394;22007:30395;22007:30396;22007:30397;22007:30398;22007:30399;22007:30400;22007:30338;122217803:30914;124129949:3324544;122218021:21828;23654:121090;21477:4528057;25935:21990;13023209:4043029;21458:8145685,1,2014-09-17,2014,9,2,1,1628665:3233941;1628665:3233942;1628665:3233939;1628665:29778;1628665:29796;1628665:29799;22007:30391;22007:30392;22007:30393;22007:30394;22007:30395;22007:30396;22007:30397;22007:30398;22007:30399;22007:30400;22007:30338;122217803:30914;124129949:3324544;122218021:21828;23654:121090;21477:4528057;25935:21990;13023209:4043029;21458:8145685,20121128.0,1.0,2012-11-28,2012,11
141999400,16683723491,50023514,28,1628665:3233941;1628665:29790;1628665:3233936;1628665:3233937;1628665:3233938;1628665:29793;1628665:108579;1628665:29785;11837240:105692416;11666049:62519847;11684888:104528258;21475:11488282,1,2013-12-28,2013,12,5,1,1628665:3233941;1628665:29790;1628665:3233936;1628665:3233937;1628665:3233938;1628665:29793;1628665:108579;1628665:29785;11837240:105692416;11666049:62519847;11684888:104528258;21475:11488282,20120817.0,1.0,2012-08-17,2012,8
392508254,27175560420,50010536,50008168,1628665:3233941;1628665:3233942;1628665:3233939;1628665:92012;1628665:29790;1628665:31614;1628665:61550;25935:21991;22019:3228688;22019:3248884;22019:125938;22019:2026;22019:3251926,1,2013-08-27,2013,8,1,1,1628665:3233941;1628665:3233942;1628665:3233939;1628665:92012;1628665:29790;1628665:31614;1628665:61550;25935:21991;22019:3228688;22019:3248884;22019:125938;22019:2026;22019:3251926,,0.0,2009-08-09,2009,8
186849644,16011345799,50012365,122650008,21458:30992;1628665:3233939;1628665:29790;1628665:3233937;1628665:3233938;1628665:29784;22007:30378;22007:30379;22007:30381;22007:30382;22007:30383;22007:30384;22007:30385;22007:30386;1628366:30916;23346:46085;8185015:3229359;8185016:31619;8185018:31686;1629233:3228727;3034215:3224847;8185021:125116;8185017:31691;2232918:14466536;25935:21991;25935:21990;1633959:28249;2397831:16560972,1,2013-11-14,2013,11,3,1,21458:30992;1628665:3233939;1628665:29790;1628665:3233937;1628665:3233938;1628665:29784;22007:30378;22007:30379;22007:30381;22007:30382;22007:30383;22007:30384;22007:30385;22007:30386;1628366:30916;23346:46085;8185015:3229359;8185016:31619;8185018:31686;1629233:3228727;3034215:3224847;8185021:125116;8185017:31691;2232918:14466536;25935:21991;25935:21990;1633959:28249;2397831:16560972,20101115.0,1.0,2010-11-15,2010,11
746105695,35032052704,50010544,50008168,21458:63007913;13023209:97642;25935:21991;1628348:11468;122218020:48960;33069:104912;22121:30905;22066:30993;22009:29813;22061:14033338;13510285:25153255;6863019:3269152;32047:93470;1628665:3233941;1628665:3233942;1628665:3233939;1628665:92012;1628665:29790;1628665:31614;1628665:61550;1628665:29798;1628665:29778;1628665:3233938;1628665:29793;1628665:131622;1628665:29796;1628665:29782;122217801:3340598;122217801:34731;122217801:2026;122217801:50793479;122217801:3287412;122217801:3377924;122217801:2375;122217801:28232;122217801:138749,1,2014-12-06,2014,12,5,1,21458:63007913;13023209:97642;25935:21991;1628348:11468;122218020:48960;33069:104912;22121:30905;22066:30993;22009:29813;22061:14033338;13510285:25153255;6863019:3269152;32047:93470;1628665:3233941;1628665:3233942;1628665:3233939;1628665:92012;1628665:29790;1628665:31614;1628665:61550;1628665:29798;1628665:29778;1628665:3233938;1628665:29793;1628665:131622;1628665:29796;1628665:29782;122217801:3340598;122217801:34731;122217801:2026;122217801:50793479;122217801:3287412;122217801:3377924;122217801:2375;122217801:28232;122217801:138749,20130627.0,1.0,2013-06-27,2013,6
408325776,36329990892,50007011,50008168,1628665:3233940;1628665:29778;1628665:3233938;1628665:29799;122217637:10907920;21475:9319927;21475:7202757;21475:3472605;21475:3229494;21475:38370767;21475:7662460;123410248:133198;122218081:12439576;25935:21991;21967:29841;122217973:30993;22009:106665;13023209:19376334;21458:244068409,1,2014-06-16,2014,6,0,1,1628665:3233940;1628665:29778;1628665:3233938;1628665:29799;122217637:10907920;21475:9319927;21475:7202757;21475:3472605;21475:3229494;21475:38370767;21475:7662460;123410248:133198;122218081:12439576;25935:21991;21967:29841;122217973:30993;22009:106665;13023209:19376334;21458:244068409,20140505.0,0.0,2014-05-05,2014,5
729828346,8680970096,50016704,50022520,21458:79565215;9133241:86045645;1633959:86045645;5261493:52657772;5261480:37474085;34394:29800;33017:114414;33016:104551;1629323:106664;1629341:3272628;1629335:3271277;1629337:117245;1629342:101277;1629344:109126;1629348:114412;1628366:3230095;6619922:65007541;16646653:17632913;1628665:3233939;1628665:3233938;1628665:82340;1628665:108579;22142:31457;22142:31458;22142:31461;22142:31462;22142:31465;22142:31466;22142:31469;22142:31470;22142:31473;22142:31474;22142:31483;22142:82020;22142:82021;22142:82023;22142:82024;22142:82026;22142:82027;22142:82030;22142:82029;22142:82032;22142:82033,1,2013-01-29,2013,1,1,1,21458:79565215;9133241:86045645;1633959:86045645;5261493:52657772;5261480:37474085;34394:29800;33017:114414;33016:104551;1629323:106664;1629341:3272628;1629335:3271277;1629337:117245;1629342:101277;1629344:109126;1629348:114412;1628366:3230095;6619922:65007541;16646653:17632913;1628665:3233939;1628665:3233938;1628665:82340;1628665:108579;22142:31457;22142:31458;22142:31461;22142:31462;22142:31465;22142:31466;22142:31469;22142:31470;22142:31473;22142:31474;22142:31483;22142:82020;22142:82021;22142:82023;22142:82024;22142:82026;22142:82027;22142:82030;22142:82029;22142:82032;22142:82033,20130107.0,1.0,2013-01-07,2013,1
97496056,27398884617,50012451,50008168,21458:30992;1628665:3233941;1628665:3233942;1628665:3233939;1628665:29790;1628665:61550;1628665:3233936;1628665:3233937;1628665:3233938;1628665:82340;1628665:133527;22019:3340598;22019:34731;22019:2026;22019:50793479;22019:3287412;22019:3377924;22019:2375;22019:28232;22019:138749;33030:31160;33162:30916;3156768:4195556;3156768:106779;3156768:3979320;3156768:24927057;3156768:4069612;25935:31381;13512069:48867;1628324:3229493;1628324:3229558;1628324:3229505;1628324:3473865;1628324:3229496;1628324:38368874;1628324:19811010;1628324:104936,1,2013-11-07,2013,11,3,1,21458:30992;1628665:3233941;1628665:3233942;1628665:3233939;1628665:29790;1628665:61550;1628665:3233936;1628665:3233937;1628665:3233938;1628665:82340;1628665:133527;22019:3340598;22019:34731;22019:2026;22019:50793479;22019:3287412;22019:3377924;22019:2375;22019:28232;22019:138749;33030:31160;33162:30916;3156768:4195556;3156768:106779;3156768:3979320;3156768:24927057;3156768:4069612;25935:31381;13512069:48867;1628324:3229493;1628324:3229558;1628324:3229505;1628324:3473865;1628324:3229496;1628324:38368874;1628324:19811010;1628324:104936,20111117.0,0.0,2011-11-17,2011,11
691470382,19422455983,50010558,50008168,21458:33514;1633959:3286035;25935:31381;3079382:29641138;1628665:29782;1628665:29790;1628665:29796;22019:3261251;22019:3275004,1,2013-06-02,2013,6,6,1,21458:33514;1633959:3286035;25935:31381;3079382:29641138;1628665:29782;1628665:29790;1628665:29796;22019:3261251;22019:3275004,20130407.0,0.0,2013-04-07,2013,4
33580636,18099804498,50011993,28,21458:104000;1633959:15424201;1628862:3418976;21475:137325;1628861:3251270;32959:104027,1,2013-07-31,2013,7,2,1,21458:104000;1633959:15424201;1628862:3418976;21475:137325;1628861:3251270;32959:104027,20110102.0,0.0,2011-01-02,2011,1
779107498,10804672538,251725,28,21458:32270;1633959:24912100;37226047:258405862;26320:53025;26318:52992;1627584:28619;2397831:16560881;11684888:104528258;1628665:3233938;21475:11488282,1,2013-07-05,2013,7,4,1,21458:32270;1633959:24912100;37226047:258405862;26320:53025;26318:52992;1627584:28619;2397831:16560881;11684888:104528258;1628665:3233938;21475:11488282,,0.0,2009-09-28,2009,9
682888656,36846269941,50012462,50014815,21458:21906;6024721:3289733;2815901:16161848;13023209:3289733;122218227:7146894;1628149:3475668;13023209:26934341,1,2015-01-16,2015,1,4,1,21458:21906;6024721:3289733;2815901:16161848;13023209:3289733;122218227:7146894;1628149:3475668;13023209:26934341,20150406.0,1.0,2015-04-06,2015,4
84835944,9572765527,50018831,50014815,21458:34096;7255171:4339941;7262197:71038080;21487:107056168;6798969:51746;7250727:21892;33337:71287675,1,2012-10-08,2012,10,0,1,21458:34096;7255171:4339941;7262197:71038080;21487:107056168;6798969:51746;7250727:21892;33337:71287675,20111008.0,0.0,2011-10-08,2011,10
359890617,18621789997,50014828,50022520,21458:30992;3748803:4155659;1628665:3233941;1628665:3233942;21967:29773;21967:29774;21967:29775;21967:29776;122217803:3290137;122217965:3218241;21477:3328035;21956:3827575;44942144:3827575,1,2014-03-11,2014,3,1,1,21458:30992;3748803:4155659;1628665:3233941;1628665:3233942;21967:29773;21967:29774;21967:29775;21967:29776;122217803:3290137;122217965:3218241;21477:3328035;21956:3827575;44942144:3827575,20140324.0,0.0,2014-03-24,2014,3
53433471,18443716949,251725,28,21458:15330815;1633959:4021018;30338202:202224233;2397831:16560944;21475:11488282,1,2013-06-17,2013,6,0,1,21458:15330815;1633959:4021018;30338202:202224233;2397831:16560944;21475:11488282,20120903.0,1.0,2012-09-03,2012,9
82783545,7654468248,50007011,50008168,21458:31832;13023209:7175883,2,2014-03-21,2014,3,4,2,21458:31832;13023209:7175883,20140416.0,1.0,2014-04-16,2014,4
57970535,40454371694,50013636,50008168,1628665:3233941;1628665:3233942;1628665:3233939;1628665:92012;1628665:29790;1628665:31614;1628665:61550;1628665:3233940;1628665:3233936;1628665:3233937;1628665:29798;1628665:3233938;1628665:82340;1628665:29787;1628665:29793;1628665:29796;1628665:133527;1628665:29785;1628665:29782;1628665:29799;25935:21990;32047:93472;122217801:3248884;122217801:3340598;122217801:3284610;122217801:34731;122217801:2026;122217801:50793479;22135:31412;122217803:30914;22009:29800;122277569:21983;2049128:117906617;22066:31379;22022:110150624;122277668:29520894;13023209:86001998;21458:226903645;126504054:86001998,1,2014-10-04,2014,10,5,1,1628665:3233941;1628665:3233942;1628665:3233939;1628665:92012;1628665:29790;1628665:31614;1628665:61550;1628665:3233940;1628665:3233936;1628665:3233937;1628665:29798;1628665:3233938;1628665:82340;1628665:29787;1628665:29793;1628665:29796;1628665:133527;1628665:29785;1628665:29782;1628665:29799;25935:21990;32047:93472;122217801:3248884;122217801:3340598;122217801:3284610;122217801:34731;122217801:2026;122217801:50793479;22135:31412;122217803:30914;22009:29800;122277569:21983;2049128:117906617;22066:31379;22022:110150624;122277668:29520894;13023209:86001998;21458:226903645;126504054:86001998,20130114.0,1.0,2013-01-14,2013,1
290538796,40879182928,50132021,50008168,21458:119854250;1628665:23420;1628665:23423;1628665:23424;1628665:29778;1628665:29782;1628665:29784;1628665:29785;1628665:29787;1628665:29790;1628665:29793;1628665:29796;1628665:29798;1628665:29799;1628665:31614;1628665:61550;1628665:108579;1628665:131622;13023209:3333414;6904871:23417,1,2014-10-20,2014,10,0,1,21458:119854250;1628665:23420;1628665:23423;1628665:23424;1628665:29778;1628665:29782;1628665:29784;1628665:29785;1628665:29787;1628665:29790;1628665:29793;1628665:29796;1628665:29798;1628665:29799;1628665:31614;1628665:61550;1628665:108579;1628665:131622;13023209:3333414;6904871:23417,20110520.0,1.0,2011-05-20,2011,5
65935243,16626561512,50013874,28,21475:137325;21458:30992,1,2013-04-24,2013,4,2,1,21475:137325;21458:30992,,1.0,2006-06-16,2006,6
69057729,41329822560,50018831,50014815,21458:4348502;1629846:4339941;37585763:662302259;123923464:29773;25935:51746;7250727:21892;33337:70368813;22757:28481;122218054:662302259;122217774:43332,1,2015-01-27,2015,1,1,1,21458:4348502;1629846:4339941;37585763:662302259;123923464:29773;25935:51746;7250727:21892;33337:70368813;22757:28481;122218054:662302259;122217774:43332,20110105.0,1.0,2011-01-05,2011,1
45797590,23887464870,50006033,50022520,21458:46880;5037507:50497088;3731429:6051979;21479:110556,1,2013-07-30,2013,7,1,1,21458:46880;5037507:50497088;3731429:6051979;21479:110556,20130818.0,1.0,2013-08-18,2013,8
1049355963,3846280641,50012366,122650008,1628665:3233942;1628665:3233938;1628665:82340;1628665:29787;1628665:29784;22007:30378;22007:30379;22007:30380;1628366:30916;8185015:3229359;8185016:21828;8185018:31686;8185014:29560;8185017:31691;25935:21991;25935:21990;25935:31381;21458:3289130;2397831:16560881,1,2012-12-12,2012,12,2,1,1628665:3233942;1628665:3233938;1628665:82340;1628665:29787;1628665:29784;22007:30378;22007:30379;22007:30380;1628366:30916;8185015:3229359;8185016:21828;8185018:31686;8185014:29560;8185017:31691;25935:21991;25935:21990;25935:31381;21458:3289130;2397831:16560881,20120702.0,0.0,2012-07-02,2012,7
81094748,24396708468,50012364,122650008,21458:3548375;6625416:3444298;13023209:3444298;122217803:30915;2397831:16561295;122217809:3227755;21948:3228727;122218021:3269476;35730:117229;124129949:29855;25935:21991;1628665:61550;1628665:3233938;22007:30391;22007:30392;22007:30393;22007:30394;22007:30395;22007:30396;22007:30397;22007:30398;22007:30399;22007:30400;22007:30338;22007:30401;122277820:29855,1,2014-07-10,2014,7,3,1,21458:3548375;6625416:3444298;13023209:3444298;122217803:30915;2397831:16561295;122217809:3227755;21948:3228727;122218021:3269476;35730:117229;124129949:29855;25935:21991;1628665:61550;1628665:3233938;22007:30391;22007:30392;22007:30393;22007:30394;22007:30395;22007:30396;22007:30397;22007:30398;22007:30399;22007:30400;22007:30338;22007:30401;122277820:29855,,0.0,2009-03-23,2009,3
109404219,42233164199,121484062,50008168,21458:123090355;1628665:3233936;122217801:3340598;122217801:34731;122217801:2026;122217801:50793479;122217801:3287412;122217801:3377924;122217801:2375;122277773:21980;18553309:131776;122217803:30916;25935:21991;22009:27417714;22066:29563;22061:21671,1,2014-12-02,2014,12,1,1,21458:123090355;1628665:3233936;122217801:3340598;122217801:34731;122217801:2026;122217801:50793479;122217801:3287412;122217801:3377924;122217801:2375;122277773:21980;18553309:131776;122217803:30916;25935:21991;22009:27417714;22066:29563;22061:21671,,0.0,2007-04-09,2007,4
761265678,17004072939,50016704,50022520,21458:122584927;14376961:109246479;13023209:109246479;21948:52657772;5261480:114541;21479:104582;122277773:114414;122217941:10911715;1629333:3271268;122218045:106713;1629341:3272630;122218049:3271277;1629337:117245;22061:30912;122218046:3271316;21477:114412;122217803:3230095;22066:65007541;122509742:17632913;1628665:3233942;1628665:92012;1628665:61550;1628665:3233938;1628665:29782;21967:31457;21967:31458;21967:31461;21967:31462;21967:31465;21967:31466;21967:31469;21967:31470;21967:82020;21967:82023;21967:82026,1,2015-01-23,2015,1,4,1,21458:122584927;14376961:109246479;13023209:109246479;21948:52657772;5261480:114541;21479:104582;122277773:114414;122217941:10911715;1629333:3271268;122218045:106713;1629341:3272630;122218049:3271277;1629337:117245;22061:30912;122218046:3271316;21477:114412;122217803:3230095;22066:65007541;122509742:17632913;1628665:3233942;1628665:92012;1628665:61550;1628665:3233938;1628665:29782;21967:31457;21967:31458;21967:31461;21967:31462;21967:31465;21967:31466;21967:31469;21967:31470;21967:82020;21967:82023;21967:82026,20130927.0,1.0,2013-09-27,2013,9
136451900,18106855904,50132021,50008168,1628665:23420;1628665:23423;1628665:23424;1628665:29778;1628665:29782;1628665:29784;1628665:29785;1633959:3668469;33245:23417;8151548:44428977,1,2013-09-21,2013,9,5,1,1628665:23420;1628665:23423;1628665:23424;1628665:29778;1628665:29782;1628665:29784;1628665:29785;1633959:3668469;33245:23417;8151548:44428977,20121018.0,0.0,2012-10-18,2012,10
48922355,18668522144,50013711,50008168,1628665:3233939;1628665:92012;22019:3248884;22019:3284610;22019:125938;22019:2026;22019:3251926;23181:31429;35779:131778;1628366:30915;25935:21991;8151548:29800;13394971:30993;13395135:21671;21458:3500706;1633959:3362760,1,2013-07-06,2013,7,5,1,1628665:3233939;1628665:92012;22019:3248884;22019:3284610;22019:125938;22019:2026;22019:3251926;23181:31429;35779:131778;1628366:30915;25935:21991;8151548:29800;13394971:30993;13395135:21671;21458:3500706;1633959:3362760,20110715.0,0.0,2011-07-15,2011,7
767800373,40346552484,50010557,50008168,21458:30992;25935:21991;1628665:3233941;1628665:29790;122217801:3340598;122217801:34731;122217801:2026;122217801:50793479;122217801:3287412;32047:93470;1627368:3218565;122217965:3227750;22009:106713;22066:29563;33069:104880;22121:30905;22061:30912;1628348:11468,1,2014-09-15,2014,9,0,1,21458:30992;25935:21991;1628665:3233941;1628665:29790;122217801:3340598;122217801:34731;122217801:2026;122217801:50793479;122217801:3287412;32047:93470;1627368:3218565;122217965:3227750;22009:106713;22066:29563;33069:104880;22121:30905;22061:30912;1628348:11468,20120608.0,0.0,2012-06-08,2012,6
91156811,16420656795,50156020,50008168,21458:21599;1628665:29778;1628665:29784;1628665:29785;1628665:29793;1628665:29799;1628665:61550;1628665:3233938;1628665:3233942;13395135:30912;27707896:21953;1633959:3385557;22019:3340598;22019:3284610;22019:2026;22019:50793479;22019:3251926;22019:3287412;13394971:31377,1,2013-08-02,2013,8,4,1,21458:21599;1628665:29778;1628665:29784;1628665:29785;1628665:29793;1628665:29799;1628665:61550;1628665:3233938;1628665:3233942;13395135:30912;27707896:21953;1633959:3385557;22019:3340598;22019:3284610;22019:2026;22019:50793479;22019:3251926;22019:3287412;13394971:31377,20120525.0,0.0,2012-05-25,2012,5
352890947,12581814608,50012451,50008168,1628665:3233941;1628665:3233942;22019:3265977;22019:3340598;22019:34731;33030:29800;33162:30915;3156768:4195556;3156768:30731631;3156768:4069612;25935:31381;13512069:117821969;1628324:3473865;1628324:3229496;21458:113427090;1633959:119548135,1,2013-11-16,2013,11,5,1,1628665:3233941;1628665:3233942;22019:3265977;22019:3340598;22019:34731;33030:29800;33162:30915;3156768:4195556;3156768:30731631;3156768:4069612;25935:31381;13512069:117821969;1628324:3473865;1628324:3229496;21458:113427090;1633959:119548135,20101201.0,0.0,2010-12-01,2010,12
23927133,9566799856,50016243,28,21475:21793;1628665:29778;1628665:29782;1628665:29784;1628665:29785;1628665:29787;1628665:29790;1628665:29793;1628665:29796;1628665:29798;1628665:29799;1628665:31614;1628665:61550;1628665:82340;1628665:92012;1628665:108579;1628665:131622;1628665:133527;1628665:3233936;1628665:3233937;1628665:3233938;1628665:3233939;1628665:3233940;1628665:3233941;1628665:3233942;11666049:40203,1,2013-01-21,2013,1,0,1,21475:21793;1628665:29778;1628665:29782;1628665:29784;1628665:29785;1628665:29787;1628665:29790;1628665:29793;1628665:29796;1628665:29798;1628665:29799;1628665:31614;1628665:61550;1628665:82340;1628665:92012;1628665:108579;1628665:131622;1628665:133527;1628665:3233936;1628665:3233937;1628665:3233938;1628665:3233939;1628665:3233940;1628665:3233941;1628665:3233942;11666049:40203,,0.0,2008-10-29,2008,10
844344519,16984049478,121540027,28,21458:57737100;125499563:4063304;11945782:7813537;11684888:22986;21479:28619;12082847:107548441;21475:135183931;1628665:16385579;1628665:92012;1628665:29790;1628665:31614;1628665:29795;1628665:61550;1628665:155053907;1628665:3233940;1628665:3233936;1628665:3233937;1628665:29798;1628665:3230760;1628665:29792;1628665:11450;1628665:11452;1628665:38630101;1628665:23424;1628665:29778;1628665:29786;1628665:18978579;1628665:77451615;1628665:29782;1628665:23423;1628665:22576;1628665:29799,1,2014-10-23,2014,10,3,1,21458:57737100;125499563:4063304;11945782:7813537;11684888:22986;21479:28619;12082847:107548441;21475:135183931;1628665:16385579;1628665:92012;1628665:29790;1628665:31614;1628665:29795;1628665:61550;1628665:155053907;1628665:3233940;1628665:3233936;1628665:3233937;1628665:29798;1628665:3230760;1628665:29792;1628665:11450;1628665:11452;1628665:38630101;1628665:23424;1628665:29778;1628665:29786;1628665:18978579;1628665:77451615;1628665:29782;1628665:23423;1628665:22576;1628665:29799,20120210.0,1.0,2012-02-10,2012,2
65079983,39395316554,50012564,50014815,122217774:3265977;21458:4540227;1985426:3397538;14033431:3265977;2815901:239253472;1628149:4300532;15054114:74941652;8456532:4244397,1,2014-06-10,2014,6,1,1,122217774:3265977;21458:4540227;1985426:3397538;14033431:3265977;2815901:239253472;1628149:4300532;15054114:74941652;8456532:4244397,20130804.0,1.0,2013-08-04,2013,8
96476817,16782984369,50010555,50008168,25935:31381;1628665:3233942;1628665:61550;1628665:29778;1628665:3233938;22019:3238327;22019:3228688;22019:3265977;22019:3248884;22019:3340598;3783431:38363839;1628366:30915;8151548:29800;3988915:104912;1628348:11468;3731658:30903;21458:71286904;18451527:3771721;1633959:3771721,1,2013-02-17,2013,2,6,1,25935:31381;1628665:3233942;1628665:61550;1628665:29778;1628665:3233938;22019:3238327;22019:3228688;22019:3265977;22019:3248884;22019:3340598;3783431:38363839;1628366:30915;8151548:29800;3988915:104912;1628348:11468;3731658:30903;21458:71286904;18451527:3771721;1633959:3771721,20120813.0,0.0,2012-08-13,2012,8
441460285,16470498466,50026456,50022520,21458:138004232;1633959:139315611;32422:97699,1,2013-11-11,2013,11,0,1,21458:138004232;1633959:139315611;32422:97699,20131023.0,1.0,2013-10-23,2013,10
27595882,9209901980,50013711,50008168,21458:30992;1628665:3233941;1628665:3233942;1628665:3233939;1628665:92012;1628665:29790;1628665:31614;1628665:61550;1628665:3233940;1628665:3233936;1628665:3233937;1628665:29798;1628665:29778;1628665:3233938;1628665:82340;1628665:29787;1628665:29784;1628665:29793;1628665:131622;1628665:29796;1628665:133527;1628665:108579;1628665:29785;1628665:29782;1628665:29799;22019:3228688;22019:3265977;22019:3248884;22019:3340598;22019:3284610;22019:34731;22019:125938;22019:3238422;22019:3251926;22019:3263874;23181:31427;35779:131771;1628366:30915;25935:21991;8151548:29800;13394971:31379;13395135:109080,1,2013-05-21,2013,5,1,1,21458:30992;1628665:3233941;1628665:3233942;1628665:3233939;1628665:92012;1628665:29790;1628665:31614;1628665:61550;1628665:3233940;1628665:3233936;1628665:3233937;1628665:29798;1628665:29778;1628665:3233938;1628665:82340;1628665:29787;1628665:29784;1628665:29793;1628665:131622;1628665:29796;1628665:133527;1628665:108579;1628665:29785;1628665:29782;1628665:29799;22019:3228688;22019:3265977;22019:3248884;22019:3340598;22019:3284610;22019:34731;22019:125938;22019:3238422;22019:3251926;22019:3263874;23181:31427;35779:131771;1628366:30915;25935:21991;8151548:29800;13394971:31379;13395135:109080,20100329.0,1.0,2010-03-29,2010,3
794000662,38335797322,50007011,50008168,1628665:3233941;1628665:3233942;1628665:3233939;21475:38370767;122218081:12439576;21967:29841;22009:29800,1,2014-04-16,2014,4,2,1,1628665:3233941;1628665:3233942;1628665:3233939;21475:38370767;122218081:12439576;21967:29841;22009:29800,20140903.0,0.0,2014-09-03,2014,9
1990421511,15445549112,50016704,50022520,1628665:3233941;1628665:3233942;1628665:3233939;1628665:92012;1628665:29790;1628665:31614;1628665:61550;1628665:3233940;1628665:3233936;1628665:3233937;1628665:29798;1628665:29778;1628665:3233938;1628665:82340;1628665:29787;1628665:29784;1628665:29793;1628665:131622;1628665:29796;1628665:133527;1628665:108579;1628665:29785;1628665:29782;1628665:29799;21967:31452;21967:31453;21967:31456;21967:31457;21967:31458;21967:31460;21967:31461;21967:31462;21967:31465;21967:31466;21967:31469;21967:31470;21967:31473;21967:31474;21967:82017;21967:82020;21967:82021;21967:82023;21967:82024;21967:82026;21967:82027;21967:82030;21967:82029;21967:82032;21967:82033;21948:52265297;5261480:114542;21479:29800;122277773:114414;122217941:31484;1629333:3271268;122218045:106713;1629341:3272628;122218049:3271277;1629337:117245;22061:3256499;122218046:131774;21477:114412;122217803:3230095;22066:65007541;122509742:17632913;13023209:3272707;21458:62724693;17377946:3272707,1,2014-07-01,2014,7,1,1,1628665:3233941;1628665:3233942;1628665:3233939;1628665:92012;1628665:29790;1628665:31614;1628665:61550;1628665:3233940;1628665:3233936;1628665:3233937;1628665:29798;1628665:29778;1628665:3233938;1628665:82340;1628665:29787;1628665:29784;1628665:29793;1628665:131622;1628665:29796;1628665:133527;1628665:108579;1628665:29785;1628665:29782;1628665:29799;21967:31452;21967:31453;21967:31456;21967:31457;21967:31458;21967:31460;21967:31461;21967:31462;21967:31465;21967:31466;21967:31469;21967:31470;21967:31473;21967:31474;21967:82017;21967:82020;21967:82021;21967:82023;21967:82024;21967:82026;21967:82027;21967:82030;21967:82029;21967:82032;21967:82033;21948:52265297;5261480:114542;21479:29800;122277773:114414;122217941:31484;1629333:3271268;122218045:106713;1629341:3272628;122218049:3271277;1629337:117245;22061:3256499;122218046:131774;21477:114412;122217803:3230095;22066:65007541;122509742:17632913;13023209:3272707;21458:62724693;17377946:3272707,20141021.0,0.0,2014-10-21,2014,10
133647926,10864011676,50011847,50022520,21458:30992;1628665:3233941;1628665:3233942;1628665:3233939;1628665:31614;1628665:61550;1628665:3233937;1628665:29798;1628665:29778;1628665:3233938;1628665:29787;1628665:29784;1628665:29793;1628665:133527;1628665:108579;1628665:29785;1628665:29782;1628665:29799;5499203:22531102;21967:31154,1,2013-10-03,2013,10,3,1,21458:30992;1628665:3233941;1628665:3233942;1628665:3233939;1628665:31614;1628665:61550;1628665:3233937;1628665:29798;1628665:29778;1628665:3233938;1628665:29787;1628665:29784;1628665:29793;1628665:133527;1628665:108579;1628665:29785;1628665:29782;1628665:29799;5499203:22531102;21967:31154,20130925.0,1.0,2013-09-25,2013,9
62395309,35832748656,50010536,50008168,1628665:29798;25935:21990;22019:3340598;22019:34731;22019:2026;22019:50793479;32047:93470;1628348:11468;22128:30909;1627349:114518;13394971:29563;1628366:30916;3988915:7197959;21458:28477;1633959:138011345,1,2013-11-13,2013,11,2,1,1628665:29798;25935:21990;22019:3340598;22019:34731;22019:2026;22019:50793479;32047:93470;1628348:11468;22128:30909;1627349:114518;13394971:29563;1628366:30916;3988915:7197959;21458:28477;1633959:138011345,20111212.0,1.0,2011-12-12,2011,12
2080304899,18692478396,50012442,50008168,21458:182661459;13023209:265962390;27599474:262076453;22009:29800;122217965:3218241;122217803:30915;122218066:44012;21967:29774;21967:29773;21967:29772;21967:29775;34682:29772;34682:29773;34682:29774;34682:29775;34682:29776;25935:21991;25935:21990;25935:31381;22066:30993;31368:82130;22061:14033338;1628665:29778;1628665:29784;1628665:29796;1628665:29782;1628665:29799;122217801:3265977;122217801:3340598;122217801:34731;122217801:2026;122217801:50793479;122217801:3287412;122217801:3263874;122217801:3377924;122217801:3385599;122217801:2375;122217801:3226274;122217801:28232;122217801:112997257;122217801:112997258;122217801:112997259;122217801:112997260;122217801:112997263;122217801:112997264;122217801:75837125;122217801:112997265;122217801:112997266;122217801:112997268;122217801:114495762,1,2014-05-04,2014,5,6,1,21458:182661459;13023209:265962390;27599474:262076453;22009:29800;122217965:3218241;122217803:30915;122218066:44012;21967:29774;21967:29773;21967:29772;21967:29775;34682:29772;34682:29773;34682:29774;34682:29775;34682:29776;25935:21991;25935:21990;25935:31381;22066:30993;31368:82130;22061:14033338;1628665:29778;1628665:29784;1628665:29796;1628665:29782;1628665:29799;122217801:3265977;122217801:3340598;122217801:34731;122217801:2026;122217801:50793479;122217801:3287412;122217801:3263874;122217801:3377924;122217801:3385599;122217801:2375;122217801:3226274;122217801:28232;122217801:112997257;122217801:112997258;122217801:112997259;122217801:112997260;122217801:112997263;122217801:112997264;122217801:75837125;122217801:112997265;122217801:112997266;122217801:112997268;122217801:114495762,20100713.0,0.0,2010-07-13,2010,7
89520261,14464691980,50012451,50008168,21458:3325877;1633959:120018409;33162:30915;3156768:4069612;25935:31381;13512069:31494;1628324:3229493;1628324:3473865;1628665:29796;1628665:29793;1628665:29782;22019:3340598;22019:34731;22019:2026;33030:31160;3156768:3979320;3156768:28695579;1628324:3229496,1,2012-09-23,2012,9,6,1,21458:3325877;1633959:120018409;33162:30915;3156768:4069612;25935:31381;13512069:31494;1628324:3229493;1628324:3473865;1628665:29796;1628665:29793;1628665:29782;22019:3340598;22019:34731;22019:2026;33030:31160;3156768:3979320;3156768:28695579;1628324:3229496,,0.0,1984-06-16,1984,6
213455117,17188861808,50013636,50008168,21458:30992;1628665:3233939;1628665:92012;1628665:3233940;1628665:29778;1628665:131622;1628665:29796;1628665:29799;25935:21991;32047:93470;22019:3284610;22019:125938;22019:3238422;22019:3251926;22019:3263874;22019:3385599;22135:31412;1628366:32799;8151548:29800;13529746:21983;13529646:117906617;13394971:31379;22022:102274034;13539026:117942783;13658074:50791424,1,2013-10-26,2013,10,5,1,21458:30992;1628665:3233939;1628665:92012;1628665:3233940;1628665:29778;1628665:131622;1628665:29796;1628665:29799;25935:21991;32047:93470;22019:3284610;22019:125938;22019:3238422;22019:3251926;22019:3263874;22019:3385599;22135:31412;1628366:32799;8151548:29800;13529746:21983;13529646:117906617;13394971:31379;22022:102274034;13539026:117942783;13658074:50791424,20150702.0,0.0,2015-07-02,2015,7
39645715,23645720507,50023663,28,11760865:6120557;1628665:3233941;11760785:44149;11666049:40203;11684888:104528258;21475:137325,1,2013-10-26,2013,10,5,1,11760865:6120557;1628665:3233941;11760785:44149;11666049:40203;11684888:104528258;21475:137325,20130122.0,1.0,2013-01-22,2013,1
11503702,19837354550,50018825,38,6933666:96059;21475:114227;33595:16453265;7145230:43929;33018:96030;21458:12839618;44105668:13581693;45335966:5566655,1,2013-08-26,2013,8,0,1,6933666:96059;21475:114227;33595:16453265;7145230:43929;33018:96030;21458:12839618;44105668:13581693;45335966:5566655,20120826.0,1.0,2012-08-26,2012,8
1100388114,35479583288,50018831,50014815,21458:3223239;7255174:211699977;33658029:46877551;21487:29775;6798969:16348478;7250727:21892;33337:17943681;34311491:17943681;33595:29230;1556:3254604,1,2014-01-08,2014,1,2,1,21458:3223239;7255174:211699977;33658029:46877551;21487:29775;6798969:16348478;7250727:21892;33337:17943681;34311491:17943681;33595:29230;1556:3254604,20141011.0,0.0,2014-10-11,2014,10
88830644,37935777608,50013636,50008168,21458:531191864;126747847:4316649;1628665:3233942;1628665:29790;1628665:31614;1628665:29784;1628665:29782;1628665:29799;25935:31381;13023209:4316649;32047:93470;122217801:34731;122217801:2026;122217801:50793479;122217801:3287412;122217801:3377924;22135:31412;122217803:30915;22009:27417714;122277569:21982;2049128:117906617;22066:30993;22022:102274034;122277668:23751657,1,2014-06-26,2014,6,3,1,21458:531191864;126747847:4316649;1628665:3233942;1628665:29790;1628665:31614;1628665:29784;1628665:29782;1628665:29799;25935:31381;13023209:4316649;32047:93470;122217801:34731;122217801:2026;122217801:50793479;122217801:3287412;122217801:3377924;22135:31412;122217803:30915;22009:27417714;122277569:21982;2049128:117906617;22066:30993;22022:102274034;122277668:23751657,20140325.0,1.0,2014-03-25,2014,3
262823764,19850745502,50008895,28,21479:4183265;11684888:11468;21475:275708185;2397831:16560972,1,2014-04-17,2014,4,3,1,21479:4183265;11684888:11468;21475:275708185;2397831:16560972,20120913.0,1.0,2012-09-13,2012,9
373105196,35127116589,50006820,28,1628665:3233942;21475:135183931;11646255:26929190;21479:28619;11684888:11468,1,2014-12-21,2014,12,6,1,1628665:3233942;21475:135183931;11646255:26929190;21479:28619;11684888:11468,20140103.0,1.0,2014-01-03,2014,1
672265151,5587503865,50006602,50008168,21458:3545726;30497:21985;1633959:8199581;30498:46160;5426651:29841;1628366:32799;25935:31381,1,2013-03-10,2013,3,6,1,21458:3545726;30497:21985;1633959:8199581;30498:46160;5426651:29841;1628366:32799;25935:31381,20121128.0,0.0,2012-11-28,2012,11
902549448,43321064835,50023668,28,1628665:3233941;1628665:3233942;1628665:3233939;1628665:92012;1628665:29790;1628665:31614;1628665:61550;1628665:3233940;21475:275708185;21458:39864799;11666049:40203,1,2015-01-14,2015,1,2,1,1628665:3233941;1628665:3233942;1628665:3233939;1628665:92012;1628665:29790;1628665:31614;1628665:61550;1628665:3233940;21475:275708185;21458:39864799;11666049:40203,20130615.0,,2013-06-15,2013,6
447609368,16086781316,50010557,50008168,25935:21990;1628665:3233942;1628665:31614;22019:34731;22019:2026;22019:50793479;22019:3287412;32047:93470;1627368:3218566;1627349:3227750;1628432:106664;13394971:31379;3988915:7197959;2904342:31004;13395135:30910;1628348:11468,1,2012-11-11,2012,11,6,1,25935:21990;1628665:3233942;1628665:31614;22019:34731;22019:2026;22019:50793479;22019:3287412;32047:93470;1627368:3218566;1627349:3227750;1628432:106664;13394971:31379;3988915:7197959;2904342:31004;13395135:30910;1628348:11468,20111115.0,1.0,2011-11-15,2011,11
42092374,6979189785,50011993,28,122218042:33259;21475:135183931;1628861:3251254;32959:104027;1628665:3233938;1628665:29784;1628665:131622;1628665:29796;1628665:29785;122217889:82126;21479:31542;6863019:3726638;6864839:99061;6864839:99060;6864839:75475274;6864839:75475276;6864839:6903483;6864839:8670194;6864839:4105896;11684888:11468;13023209:7194183;21458:627047631,3,2014-06-24,2014,6,1,3,122218042:33259;21475:135183931;1628861:3251254;32959:104027;1628665:3233938;1628665:29784;1628665:131622;1628665:29796;1628665:29785;122217889:82126;21479:31542;6863019:3726638;6864839:99061;6864839:99060;6864839:75475274;6864839:75475276;6864839:6903483;6864839:8670194;6864839:4105896;11684888:11468;13023209:7194183;21458:627047631,20150117.0,1.0,2015-01-17,2015,1
1793514014,37361737960,50013207,50008168,21458:30992;1628665:3233941;1628665:29790;22121:30905;122217801:3340598;122217801:34731;122217801:2026;122217801:50793479;122217801:3287412;25935:21991;13023209:551029644;32047:93472;22066:31377;22061:114477;122217806:30903;1628348:11468,1,2014-07-11,2014,7,4,1,21458:30992;1628665:3233941;1628665:29790;22121:30905;122217801:3340598;122217801:34731;122217801:2026;122217801:50793479;122217801:3287412;25935:21991;13023209:551029644;32047:93472;22066:31377;22061:114477;122217806:30903;1628348:11468,20130625.0,0.0,2013-06-25,2013,6
376464964,37010642083,50018831,50014815,21458:3218884;7255196:3236213;35492133:71038128;123923464:29774;25935:51746;7250727:21892;33337:46475170;22757:28481;122218054:71038128,1,2015-01-30,2015,1,4,1,21458:3218884;7255196:3236213;35492133:71038128;123923464:29774;25935:51746;7250727:21892;33337:46475170;22757:28481;122218054:71038128,20140824.0,0.0,2014-08-24,2014,8
198627397,14637244461,50012807,50014815,21458:28155;5298717:3929735;2815901:3408306;33606:110569;21479:21671,1,2013-06-26,2013,6,2,1,21458:28155;5298717:3929735;2815901:3408306;33606:110569;21479:21671,20130617.0,,2013-06-17,2013,6
1942584506,39661606531,121394024,50008168,21458:201289735;13023209:3555726;22009:29800;122217803:3290137;21477:4195556;21477:30731631;21477:106779;21477:3979320;25935:31381;13512069:48867;21475:20145005;1628665:3233942;1628665:31614;1628665:29798;1628665:3233938;1628665:82340;1628665:29787;1628665:29784;1628665:29793;1628665:131622;1628665:29796;1628665:29785;122217801:3238327;122217801:3228688;122217801:3265977;122217801:3340598;122217801:34731;122217801:2026,1,2014-10-27,2014,10,0,1,21458:201289735;13023209:3555726;22009:29800;122217803:3290137;21477:4195556;21477:30731631;21477:106779;21477:3979320;25935:31381;13512069:48867;21475:20145005;1628665:3233942;1628665:31614;1628665:29798;1628665:3233938;1628665:82340;1628665:29787;1628665:29784;1628665:29793;1628665:131622;1628665:29796;1628665:29785;122217801:3238327;122217801:3228688;122217801:3265977;122217801:3340598;122217801:34731;122217801:2026,20140405.0,1.0,2014-04-05,2014,4
276246305,14511867259,50006602,50008168,21458:101888304;1633959:137365562;30497:21985;30498:46160;5426651:29841;1628366:32799;25935:21990;1628665:3233941;1628324:3472605;1628324:3473865;1628324:3229496,1,2012-09-07,2012,9,4,1,21458:101888304;1633959:137365562;30497:21985;30498:46160;5426651:29841;1628366:32799;25935:21990;1628665:3233941;1628324:3472605;1628324:3473865;1628324:3229496,20101010.0,0.0,2010-10-10,2010,10
406935827,35146292682,50013175,28,1628665:3233938;1628665:29782;2397831:16560881;21475:275708185;21458:30992;21956:3228686,1,2014-03-24,2014,3,0,1,1628665:3233938;1628665:29782;2397831:16560881;21475:275708185;21458:30992;21956:3228686,20131230.0,1.0,2013-12-30,2013,12
404254046,37521619252,50010566,50008168,25935:31381;1628665:29796;1628665:133527;122217801:34731;122217801:2026;122217801:50793479;122217801:3287412;122217801:3377924;122217801:3385599;32047:93470;22009:29801;122217803:30914;22066:29563;22061:14033338;13023209:4318695;21458:38990352,1,2014-03-24,2014,3,0,1,25935:31381;1628665:29796;1628665:133527;122217801:34731;122217801:2026;122217801:50793479;122217801:3287412;122217801:3377924;122217801:3385599;32047:93470;22009:29801;122217803:30914;22066:29563;22061:14033338;13023209:4318695;21458:38990352,,0.0,2009-01-11,2009,1
58244867,15407281853,50012451,50008168,1628665:3233941;1628665:3233942;1628665:3233939;1628665:92012;1628665:29790;1628665:31614;1628665:61550;1628665:3233940;1628665:3233936;1628665:3233937;1628665:29798;1628665:3233938;1628665:82340;1628665:29787;1628665:29784;1628665:29793;1628665:131622;1628665:29796;1628665:133527;1628665:108579;1628665:29785;1628665:29782;22019:3340598;22019:34731;22019:2026;22019:50793479;22019:138748;22019:138749;22019:138750;33030:31279;33162:30914;3156768:4195556;3156768:30731631;3156768:106779;3156768:3979320;3156768:24927057;3156768:28695579;3156768:4069612;25935:21991;13512069:117821971;1628324:3229493;1628324:3229558;1628324:3229505;1628324:3473865;1628324:3229496;1628324:38368874;1628324:19811010;1628324:104936;21458:115022225;1633959:156582828,1,2012-10-29,2012,10,0,1,1628665:3233941;1628665:3233942;1628665:3233939;1628665:92012;1628665:29790;1628665:31614;1628665:61550;1628665:3233940;1628665:3233936;1628665:3233937;1628665:29798;1628665:3233938;1628665:82340;1628665:29787;1628665:29784;1628665:29793;1628665:131622;1628665:29796;1628665:133527;1628665:108579;1628665:29785;1628665:29782;22019:3340598;22019:34731;22019:2026;22019:50793479;22019:138748;22019:138749;22019:138750;33030:31279;33162:30914;3156768:4195556;3156768:30731631;3156768:106779;3156768:3979320;3156768:24927057;3156768:28695579;3156768:4069612;25935:21991;13512069:117821971;1628324:3229493;1628324:3229558;1628324:3229505;1628324:3473865;1628324:3229496;1628324:38368874;1628324:19811010;1628324:104936;21458:115022225;1633959:156582828,20101015.0,1.0,2010-10-15,2010,10
741473940,20611304288,50016706,50022520,1628665:3233941;1628665:3233942;21967:29773;21967:29774;21967:29775;21967:29776;122218232:7137359;122218233:40899058;5316831:24421363;22135:31410;122218237:109756589;21479:29800;22061:104171491;21477:3328035;21458:529710015;123040322:92616517,1,2014-07-18,2014,7,4,1,1628665:3233941;1628665:3233942;21967:29773;21967:29774;21967:29775;21967:29776;122218232:7137359;122218233:40899058;5316831:24421363;22135:31410;122218237:109756589;21479:29800;22061:104171491;21477:3328035;21458:529710015;123040322:92616517,20140723.0,1.0,2014-07-23,2014,7
812347802,25308408488,50018436,50014815,1628665:3233941;1628665:3233942;1628665:3233939;1628665:92012;1628665:29790;1628665:31614;1628665:61550;1628665:3233936;1628665:3233937;1628665:29798;1628665:29778;1628665:3233938;1628665:82340;1628665:29787;1628665:29784;1628665:29793;1628665:131622;1628665:29796;1628665:133527;1628665:108579;1628665:29785;1628665:29782;1628665:29799,1,2013-11-18,2013,11,0,1,1628665:3233941;1628665:3233942;1628665:3233939;1628665:92012;1628665:29790;1628665:31614;1628665:61550;1628665:3233936;1628665:3233937;1628665:29798;1628665:29778;1628665:3233938;1628665:82340;1628665:29787;1628665:29784;1628665:29793;1628665:131622;1628665:29796;1628665:133527;1628665:108579;1628665:29785;1628665:29782;1628665:29799,20130319.0,0.0,2013-03-19,2013,3
385231417,35252562356,50012367,122650008,1628665:3233942;1628665:29790;1628665:3233937;1628665:29798;1628665:133527;1628665:29782;22007:30385;22007:30387;22007:30388;22007:30389;22007:30395;1628366:30916;8185015:3229359;8185016:21828;8185018:31686;25935:31381;1629251:47570;6833045:114779;21458:120644504;1633959:339013877;2397831:16560944,1,2013-11-18,2013,11,0,1,1628665:3233942;1628665:29790;1628665:3233937;1628665:29798;1628665:133527;1628665:29782;22007:30385;22007:30387;22007:30388;22007:30389;22007:30395;1628366:30916;8185015:3229359;8185016:21828;8185018:31686;25935:31381;1629251:47570;6833045:114779;21458:120644504;1633959:339013877;2397831:16560944,20111122.0,1.0,2011-11-22,2011,11
163954748,41204572991,50012365,122650008,21458:95380649;13023209:159292282;122217803:30916;2397831:16561295;23346:46085;124129949:18340619;122218021:31619;122218019:31686;21948:3228727;3034215:3224847;35730:117233;122217809:31691;122218045:14466536;25935:21991;25935:21990;25935:31381;1628665:3233939;1628665:29796;22007:30379;22007:30380;22007:30381;22007:30382;22007:30383;22007:30384,1,2014-10-18,2014,10,5,1,21458:95380649;13023209:159292282;122217803:30916;2397831:16561295;23346:46085;124129949:18340619;122218021:31619;122218019:31686;21948:3228727;3034215:3224847;35730:117233;122217809:31691;122218045:14466536;25935:21991;25935:21990;25935:31381;1628665:3233939;1628665:29796;22007:30379;22007:30380;22007:30381;22007:30382;22007:30383;22007:30384,20130616.0,0.0,2013-06-16,2013,6
70069665,15962074584,50007011,50008168,1628324:9319927;1628665:92012;1628665:3233941;1628665:3233942;5426651:29772,1,2012-12-12,2012,12,2,1,1628324:9319927;1628665:92012;1628665:3233941;1628665:3233942;5426651:29772,20100415.0,0.0,2010-04-15,2010,4
1658032434,26426216668,50009547,50014815,21489:82409;1628665:3233942;1628665:3233938;1628665:131622;1628665:29785;21475:11580;21479:104453110;2815901:245636160;21458:3276130;5300619:245636160,1,2014-01-10,2014,1,4,1,21489:82409;1628665:3233942;1628665:3233938;1628665:131622;1628665:29785;21475:11580;21479:104453110;2815901:245636160;21458:3276130;5300619:245636160,20121022.0,1.0,2012-10-22,2012,10
14785577,19390785189,50011993,28,21458:143610650;1633959:30680418;21475:137325;1628665:3233942;1628665:31614;1628665:61550;1628665:3233940;1628665:3233937;1628665:3233938;1628665:82340;32549:99063,1,2013-09-11,2013,9,2,1,21458:143610650;1633959:30680418;21475:137325;1628665:3233942;1628665:31614;1628665:61550;1628665:3233940;1628665:3233937;1628665:3233938;1628665:82340;32549:99063,,0.0,2008-08-20,2008,8
786904109,19541112501,50006602,50008168,30497:21986;30498:46160;1628665:31614;1628665:3233936;1628665:29778;1628665:3233938;1628665:29787;1628665:29784;1628665:29785;1628665:29799;1628324:3473865;1628324:3229496;1628324:38368874;1628324:19811010;5426651:29773;25935:21991;1633959:3407469,1,2013-01-21,2013,1,0,1,30497:21986;30498:46160;1628665:31614;1628665:3233936;1628665:29778;1628665:3233938;1628665:29787;1628665:29784;1628665:29785;1628665:29799;1628324:3473865;1628324:3229496;1628324:38368874;1628324:19811010;5426651:29773;25935:21991;1633959:3407469,20130422.0,1.0,2013-04-22,2013,4
339355276,24197216809,50010558,50008168,25935:31381;1628665:3233941;1628665:3233942;1628665:3233939;1628665:92012;1628665:29790;1628665:31614;1628665:61550;1628665:3233940;1628665:3233936;1628665:3233937;1628665:29798;1628665:29778;1628665:3233938;1628665:82340;1628665:29787;1628665:29784;1628665:29793;1628665:131622;1628665:29796;1628665:133527;1628665:108579;1628665:29785;1628665:29782;1628665:29799;122217801:3238327;122217801:3228688;122217801:3265977;122217801:3340598;122217801:34731;10144346:29641134;22009:29800;122217965:3218241;122217803:30915;22066:30993,1,2014-05-25,2014,5,6,1,25935:31381;1628665:3233941;1628665:3233942;1628665:3233939;1628665:92012;1628665:29790;1628665:31614;1628665:61550;1628665:3233940;1628665:3233936;1628665:3233937;1628665:29798;1628665:29778;1628665:3233938;1628665:82340;1628665:29787;1628665:29784;1628665:29793;1628665:131622;1628665:29796;1628665:133527;1628665:108579;1628665:29785;1628665:29782;1628665:29799;122217801:3238327;122217801:3228688;122217801:3265977;122217801:3340598;122217801:34731;10144346:29641134;22009:29800;122217965:3218241;122217803:30915;22066:30993,20130831.0,1.0,2013-08-31,2013,8
117002455,20262893195,50013711,50008168,21458:93383062;13023209:3347736;122277773:30902;18553309:21671;122217803:30916;25935:21991;22009:27417714;22066:29563;22061:30912;1628665:29785;122217801:3340598;122217801:125938;122217801:2026;122217801:50793479;122217801:3287412,1,2014-03-27,2014,3,3,1,21458:93383062;13023209:3347736;122277773:30902;18553309:21671;122217803:30916;25935:21991;22009:27417714;22066:29563;22061:30912;1628665:29785;122217801:3340598;122217801:125938;122217801:2026;122217801:50793479;122217801:3287412,20110425.0,0.0,2011-04-25,2011,4
135519929,25760364628,50013207,50008168,21458:5928816;1628665:92012;1628665:29784;22121:30905;122217801:3340598;122217801:34731;122217801:2026;122217801:50793479;25935:31381;32047:93471;22009:29800;122217806:30903;1628348:11468,1,2014-03-28,2014,3,4,1,21458:5928816;1628665:92012;1628665:29784;22121:30905;122217801:3340598;122217801:34731;122217801:2026;122217801:50793479;25935:31381;32047:93471;22009:29800;122217806:30903;1628348:11468,20120226.0,1.0,2012-02-26,2012,2
648241169,13586455878,50018436,50014815,1628665:3233941;1628665:3233942;1628665:3233939;1628665:92012;1628665:29790;1628665:31614;1628665:61550;1628665:3233940;1628665:3233936;1628665:3233937;1628665:29798;1628665:29778;1628665:3233938;1628665:82340;1628665:29787;1628665:29784;1628665:29793;1628665:131622;1628665:29796;1628665:133527;1628665:108579;1628665:29785;1628665:29782;1628665:29799,1,2014-09-15,2014,9,0,1,1628665:3233941;1628665:3233942;1628665:3233939;1628665:92012;1628665:29790;1628665:31614;1628665:61550;1628665:3233940;1628665:3233936;1628665:3233937;1628665:29798;1628665:29778;1628665:3233938;1628665:82340;1628665:29787;1628665:29784;1628665:29793;1628665:131622;1628665:29796;1628665:133527;1628665:108579;1628665:29785;1628665:29782;1628665:29799,20131005.0,0.0,2013-10-05,2013,10
686047242,36781757986,50012361,122650008,21458:3645338;13023209:531009849;122217803:30914;2397831:16561212;122217981:104867;21948:3228727;35730:21827;122218021:31619;22061:30912;25935:21991;25935:21990;25935:31381;122277820:29859;1628665:3233941;1628665:31614;1628665:3233937;1628665:82340;1628665:133527;1628665:29785;22007:30390;22007:30391;22007:30392;22007:30393;22007:30394;22007:30395;22007:30396;22007:30397;22007:30398;22007:30399;22007:30400;22007:30338;22007:30401,2,2014-09-15,2014,9,0,2,21458:3645338;13023209:531009849;122217803:30914;2397831:16561212;122217981:104867;21948:3228727;35730:21827;122218021:31619;22061:30912;25935:21991;25935:21990;25935:31381;122277820:29859;1628665:3233941;1628665:31614;1628665:3233937;1628665:82340;1628665:133527;1628665:29785;22007:30390;22007:30391;22007:30392;22007:30393;22007:30394;22007:30395;22007:30396;22007:30397;22007:30398;22007:30399;22007:30400;22007:30338;22007:30401,20100304.0,0.0,2010-03-04,2010,3
674462565,24138424646,50012378,50022520,21458:3365504;1628665:29778;1628665:3233938;21967:29773;21967:29774;21967:29775;22122:29563;22121:30905;22119:30903;22334:30915;21969:29800;2918838:3227750;33068:3218231;1633959:146096646;2397831:16561212,1,2013-05-09,2013,5,3,1,21458:3365504;1628665:29778;1628665:3233938;21967:29773;21967:29774;21967:29775;22122:29563;22121:30905;22119:30903;22334:30915;21969:29800;2918838:3227750;33068:3218231;1633959:146096646;2397831:16561212,20131028.0,1.0,2013-10-28,2013,10
69106930,14652034564,50013711,50008168,21458:11580;1628665:3233938;1628665:29784;1633959:147296455;22019:2026;22019:50793479;22019:3287412;22019:3377924;22019:2375;22019:28232;23181:31427;35779:131778;1628366:30915;25935:21991;8151548:106665;13394971:21671,1,2012-07-16,2012,7,0,1,21458:11580;1628665:3233938;1628665:29784;1633959:147296455;22019:2026;22019:50793479;22019:3287412;22019:3377924;22019:2375;22019:28232;23181:31427;35779:131778;1628366:30915;25935:21991;8151548:106665;13394971:21671,20100601.0,0.0,2010-06-01,2010,6
79823567,17328354137,50023591,50022520,21458:137236118;1633959:3844923;11697064:119686;11697039:21983;11719942:22516235;22334:30914;11761801:119491;1628665:3233942;1628665:3233939;1628665:92012;1628665:29790;1628665:31614;1628665:3233940;1628665:3233936;1628665:3233937;1628665:29798;1628665:29778;1628665:3233938;1628665:82340;1628665:29787;1628665:29796;1628665:133527;21967:29841,1,2013-11-11,2013,11,0,1,21458:137236118;1633959:3844923;11697064:119686;11697039:21983;11719942:22516235;22334:30914;11761801:119491;1628665:3233942;1628665:3233939;1628665:92012;1628665:29790;1628665:31614;1628665:3233940;1628665:3233936;1628665:3233937;1628665:29798;1628665:29778;1628665:3233938;1628665:82340;1628665:29787;1628665:29796;1628665:133527;21967:29841,20140409.0,1.0,2014-04-09,2014,4
46239667,14174510205,50018821,38,6940834:29865;1628149:137594;22757:21671;13023209:3437830;21458:6850426,1,2014-10-14,2014,10,1,1,6940834:29865;1628149:137594;22757:21671;13023209:3437830;21458:6850426,20110916.0,1.0,2011-09-16,2011,9
94577459,12881851566,50023790,28,11666049:40203,10,2013-09-14,2013,9,5,10,11666049:40203,20120706.0,0.0,2012-07-06,2012,7
1993235563,37328906275,50012379,50022520,21458:34102;1628665:3233942;1628665:92012;1628665:29790;21967:29773;21967:29774;21967:29775;21967:29776;21967:29777;2397831:16560972;21479:29800;122217965:3227750;122217803:30914;22066:29563;22061:30912;10144346:29641138,1,2014-03-17,2014,3,0,1,21458:34102;1628665:3233942;1628665:92012;1628665:29790;21967:29773;21967:29774;21967:29775;21967:29776;21967:29777;2397831:16560972;21479:29800;122217965:3227750;122217803:30914;22066:29563;22061:30912;10144346:29641138,20140709.0,1.0,2014-07-09,2014,7
405674478,26910624143,50013636,50008168,21458:14030641;15331197:3410124;1628665:3233942;1628665:29793;1628665:29782;25935:21990;1633959:3410124;32047:93471;22019:3228688;22019:3265977;22019:3248884;22019:3340598;22019:3284610;22135:31412;1628366:32799;8151548:3309760;13529746:21983;13529646:117906617;13394971:31379;22022:110150624;13539026:21984,1,2013-09-07,2013,9,5,1,21458:14030641;15331197:3410124;1628665:3233942;1628665:29793;1628665:29782;25935:21990;1633959:3410124;32047:93471;22019:3228688;22019:3265977;22019:3248884;22019:3340598;22019:3284610;22135:31412;1628366:32799;8151548:3309760;13529746:21983;13529646:117906617;13394971:31379;22022:110150624;13539026:21984,20121028.0,1.0,2012-10-28,2012,10
118300134,23594708318,50013636,50008168,21458:225767633;36798071:3053;1628665:108579;1628665:29785;25935:21991;32047:93470;22019:34731;22019:2026;22019:3238422;22019:50793479;22019:3251926;22019:3263874;22135:31412;1628366:30915;8151548:3309760;13529746:21982;13394971:30993;13539026:21984,1,2013-05-04,2013,5,5,1,21458:225767633;36798071:3053;1628665:108579;1628665:29785;25935:21991;32047:93470;22019:34731;22019:2026;22019:3238422;22019:50793479;22019:3251926;22019:3263874;22135:31412;1628366:30915;8151548:3309760;13529746:21982;13394971:30993;13539026:21984,20110503.0,0.0,2011-05-03,2011,5
1743387086,43539568980,50010538,50008168,115931637:36783070;21458:73904108;13023209:763196383;25935:21991;1628665:29798;1628665:29784;122217801:34731;122217801:2026;122217801:50793479;122217801:3287412;122217801:3377924;122217801:2375;122217801:3226274;122217801:28232;122217801:138749;122217801:138750;122217801:46180;32047:93470;1628348:11468;122217965:114518;122218045:11337999;33069:104911;22066:125202070;22121:3268647;22061:30912;122217803:30916;22009:106665,1,2015-01-31,2015,1,5,1,115931637:36783070;21458:73904108;13023209:763196383;25935:21991;1628665:29798;1628665:29784;122217801:34731;122217801:2026;122217801:50793479;122217801:3287412;122217801:3377924;122217801:2375;122217801:3226274;122217801:28232;122217801:138749;122217801:138750;122217801:46180;32047:93470;1628348:11468;122217965:114518;122218045:11337999;33069:104911;22066:125202070;22121:3268647;22061:30912;122217803:30916;22009:106665,20121013.0,0.0,2012-10-13,2012,10
706851515,20291388724,50010557,50008168,21458:61813;25935:21991;1628665:29790;1628665:29778;1628665:3233938;1628665:29784;22019:2026;22019:50793479;22019:3287412;22019:3377924;22019:2375;22019:28232;22019:138748;32047:93471;1627368:3218565;1627349:11462;1628432:106664;13394971:31379;3988915:7197959;2904342:31004;13395135:30912;1628348:11468;1633959:182908178,1,2012-10-31,2012,10,2,1,21458:61813;25935:21991;1628665:29790;1628665:29778;1628665:3233938;1628665:29784;22019:2026;22019:50793479;22019:3287412;22019:3377924;22019:2375;22019:28232;22019:138748;32047:93471;1627368:3218565;1627349:11462;1628432:106664;13394971:31379;3988915:7197959;2904342:31004;13395135:30912;1628348:11468;1633959:182908178,,0.0,2007-08-17,2007,8
43270534,17064575657,50012442,50008168,21458:3260818;25935:31381;122218066:44012;139837503:3260818;1628665:29778;1628665:29799;122217801:3265977;122217801:34731;122217801:3340598;122217801:50793479;122217801:2026;122217801:112997257;122217801:112997258;122217801:112997265;122217801:112997266;122217801:75837125,1,2014-11-27,2014,11,3,1,21458:3260818;25935:31381;122218066:44012;139837503:3260818;1628665:29778;1628665:29799;122217801:3265977;122217801:34731;122217801:3340598;122217801:50793479;122217801:2026;122217801:112997257;122217801:112997258;122217801:112997265;122217801:112997266;122217801:75837125,20140410.0,1.0,2014-04-10,2014,4
698867133,16282345237,50012424,28,21458:32270;1633959:192084267;29094133:9232319;36099:44795;2397831:16561025;1628665:3233942;1628665:3233939;1628665:92012;1628665:29790;1628665:61550;1628665:29784;1628665:131622,1,2013-08-16,2013,8,4,1,21458:32270;1633959:192084267;29094133:9232319;36099:44795;2397831:16561025;1628665:3233942;1628665:3233939;1628665:92012;1628665:29790;1628665:61550;1628665:29784;1628665:131622,20140925.0,0.0,2014-09-25,2014,9
69889555,13023273876,50023591,50022520,21458:4269938;1633959:126523897;11697064:31014;11697039:21983;11719942:22516235;22334:30916;22334:30914;11761801:119492;1628665:29790;1628665:31614;1628665:3233936;1628665:29799;21967:29774;21967:29773;21967:29775,1,2012-11-30,2012,11,4,1,21458:4269938;1633959:126523897;11697064:31014;11697039:21983;11719942:22516235;22334:30916;22334:30914;11761801:119492;1628665:29790;1628665:31614;1628665:3233936;1628665:29799;21967:29774;21967:29773;21967:29775,20101111.0,0.0,2010-11-11,2010,11
2118737046,42036193982,50018831,50014815,21458:4497329;7255198:33234258;34791598:47678271;123923464:29774;25935:51746;7250727:21892;33337:46475170;22757:28481;122218054:47678271;122217774:3248493,1,2014-11-28,2014,11,4,1,21458:4497329;7255198:33234258;34791598:47678271;123923464:29774;25935:51746;7250727:21892;33337:46475170;22757:28481;122218054:47678271;122217774:3248493,20140411.0,1.0,2014-04-11,2014,4
718935048,39660631632,50006100,28,21458:50088;5166148:5750745;1628665:3233941;1628665:3233942;1628665:3233939;1628665:92012;1628665:29790;1628665:31614;1628665:61550;1628665:3233940;1628665:3233936;1628665:3233937;1628665:29798;1628665:29778;1628665:3233938;1628665:82340;1628665:29787;1628665:29784;11684888:11468;21475:135183931,1,2014-08-31,2014,8,6,1,21458:50088;5166148:5750745;1628665:3233941;1628665:3233942;1628665:3233939;1628665:92012;1628665:29790;1628665:31614;1628665:61550;1628665:3233940;1628665:3233936;1628665:3233937;1628665:29798;1628665:29778;1628665:3233938;1628665:82340;1628665:29787;1628665:29784;11684888:11468;21475:135183931,20121028.0,0.0,2012-10-28,2012,10
411347539,14601864164,50014277,50014815,3748803:37771182;21458:130888139;15439944:130888140;15439945:75367762,1,2013-01-02,2013,1,2,1,3748803:37771182;21458:130888139;15439944:130888140;15439945:75367762,20120904.0,1.0,2012-09-04,2012,9
279722190,15971432984,50012361,122650008,21458:30992;1628665:3233942;1628665:3233939;1628665:92012;1628665:31614;1628665:61550;1628665:3233940;1628665:3233936;22007:30376;22007:30377;22007:30378;22007:30379;22007:30380;22007:30381;22007:30382;22007:30383;22007:30384;22007:30385;22007:30386;22007:30387;22007:30388;22007:30389;22007:30390;22007:30391;22007:30392;22007:30393;22007:30394;22007:30395;22007:30396;22007:30397;22007:30398;122217803:30914;122217981:104866;21948:9888862;122218021:31619;25935:21991;25935:21990;25935:31381;2397831:40203,1,2014-02-25,2014,2,1,1,21458:30992;1628665:3233942;1628665:3233939;1628665:92012;1628665:31614;1628665:61550;1628665:3233940;1628665:3233936;22007:30376;22007:30377;22007:30378;22007:30379;22007:30380;22007:30381;22007:30382;22007:30383;22007:30384;22007:30385;22007:30386;22007:30387;22007:30388;22007:30389;22007:30390;22007:30391;22007:30392;22007:30393;22007:30394;22007:30395;22007:30396;22007:30397;22007:30398;122217803:30914;122217981:104866;21948:9888862;122218021:31619;25935:21991;25935:21990;25935:31381;2397831:40203,,0.0,2009-03-18,2009,3
78962691,37551736045,50012363,122650008,21458:4029986;13023209:5169522;122217803:30915;2397831:16561164;21948:3228727;124129949:3229359;122218021:135739;35730:125116;22061:14033338;25935:21991;25935:21990;25935:31381;1628665:3233939;1628665:3233938;1628665:29796;22007:30377;22007:30378;22007:30379;22007:30380;22007:30381;22007:30382;122217744:4027090;27759919:6218776,1,2014-06-04,2014,6,2,1,21458:4029986;13023209:5169522;122217803:30915;2397831:16561164;21948:3228727;124129949:3229359;122218021:135739;35730:125116;22061:14033338;25935:21991;25935:21990;25935:31381;1628665:3233939;1628665:3233938;1628665:29796;22007:30377;22007:30378;22007:30379;22007:30380;22007:30381;22007:30382;122217744:4027090;27759919:6218776,20130218.0,0.0,2013-02-18,2013,2
78135508,40701170667,50013636,50008168,21458:46899;13023209:358468212;13584770:145183803;25935:21990;32047:93470;22135:31412;122217803:30916;22009:27417714;122277569:21983;2049128:117906617;22066:30993;22022:102274034;122277668:23751657;1628665:3233936;1628665:29796;1628665:133527;1628665:29799;122217801:34731;122217801:2026;122217801:50793479;122217801:3287412;122217801:3377924;122217801:2375;122217801:28232,1,2014-11-11,2014,11,1,1,21458:46899;13023209:358468212;13584770:145183803;25935:21990;32047:93470;22135:31412;122217803:30916;22009:27417714;122277569:21983;2049128:117906617;22066:30993;22022:102274034;122277668:23751657;1628665:3233936;1628665:29796;1628665:133527;1628665:29799;122217801:34731;122217801:2026;122217801:50793479;122217801:3287412;122217801:3377924;122217801:2375;122217801:28232,20111105.0,1.0,2011-11-05,2011,11
52744851,17440629603,50010236,50014815,21458:34925;3031071:133197069;3091143:29821534;5434312:9742895;5434423:93697;1628665:3233941;1628665:31614,1,2013-04-01,2013,4,0,1,21458:34925;3031071:133197069;3091143:29821534;5434312:9742895;5434423:93697;1628665:3233941;1628665:31614,20120822.0,1.0,2012-08-22,2012,8
859624068,15421138219,50013207,50008168,21458:10842965;1633959:3549479;2904342:30905;25935:21991;8151548:29800;13394971:30993;13395135:30912;13512632:45026;1628665:92012;1628665:31614;1628665:29784;22019:2026;22019:50793479;22019:3287412;22019:3377924;22019:2375;32047:93470,1,2012-09-24,2012,9,0,1,21458:10842965;1633959:3549479;2904342:30905;25935:21991;8151548:29800;13394971:30993;13395135:30912;13512632:45026;1628665:92012;1628665:31614;1628665:29784;22019:2026;22019:50793479;22019:3287412;22019:3377924;22019:2375;32047:93470,20110824.0,1.0,2011-08-24,2011,8
1041892321,8365793861,211122,38,21458:21786;33482:12586385;2804159:19653564;6933553:3313169;5393572:75369289;33595:29230;21475:137314;6933666:68145978;14814533:28471,2,2013-09-17,2013,9,1,2,21458:21786;33482:12586385;2804159:19653564;6933553:3313169;5393572:75369289;33595:29230;21475:137314;6933666:68145978;14814533:28471,20120801.0,0.0,2012-08-01,2012,8
229407174,16630334492,50011993,28,21458:3522114;1633959:296755709;1628862:3251296;21475:137325;1628861:3251270;32959:104027;1628665:29778;1628665:29784;1628665:29785;1628665:29787;1628665:29790;1628665:29793;1628665:29796;1628665:29798;1628665:29799;1628665:31614;1628665:61550;1628665:82340;1628665:92012;1628665:108579;1628665:131622;1628665:133527;1628665:3233936;1628665:3233937;1628665:3233938;1628665:3233939;1628665:3233940;1628665:3233941;1628665:3233942;31367:82125;3989193:31542;3989126:3726638;32549:99061;32549:26762606;32549:65569917;32549:75472461;11684888:104528258,1,2013-09-10,2013,9,1,1,21458:3522114;1633959:296755709;1628862:3251296;21475:137325;1628861:3251270;32959:104027;1628665:29778;1628665:29784;1628665:29785;1628665:29787;1628665:29790;1628665:29793;1628665:29796;1628665:29798;1628665:29799;1628665:31614;1628665:61550;1628665:82340;1628665:92012;1628665:108579;1628665:131622;1628665:133527;1628665:3233936;1628665:3233937;1628665:3233938;1628665:3233939;1628665:3233940;1628665:3233941;1628665:3233942;31367:82125;3989193:31542;3989126:3726638;32549:99061;32549:26762606;32549:65569917;32549:75472461;11684888:104528258,,0.0,2008-12-23,2008,12
771784864,16243586211,50012363,122650008,21458:11580;1628665:3233941;1628665:3233942;22007:30377;22007:30379;22007:30381;1628366:30916;8185014:29560;8185016:78254143;25935:31381;21870:183656092;2397831:16560881,1,2012-11-13,2012,11,1,1,21458:11580;1628665:3233941;1628665:3233942;22007:30377;22007:30379;22007:30381;1628366:30916;8185014:29560;8185016:78254143;25935:31381;21870:183656092;2397831:16560881,20120824.0,0.0,2012-08-24,2012,8
352463907,38798532956,50012364,122650008,21458:134985;10284587:3769545;13023209:3769545;122217803:30915;2397831:16561295;122217809:47570;21948:3228727;122218021:31619;35730:125116;124129949:18340619;25935:21990;1628665:3233941;1628665:29796;22007:30387;22007:30388;22007:30389;22007:30390;22007:30391;22007:30392;2397831:16561343,1,2014-05-18,2014,5,6,1,21458:134985;10284587:3769545;13023209:3769545;122217803:30915;2397831:16561295;122217809:47570;21948:3228727;122218021:31619;35730:125116;124129949:18340619;25935:21990;1628665:3233941;1628665:29796;22007:30387;22007:30388;22007:30389;22007:30390;22007:30391;22007:30392;2397831:16561343,20110402.0,0.0,2011-04-02,2011,4
1973092345,40689679805,50010549,50008168,115931637:36783070;25935:31381;1628665:3233941;1628665:3233942;1628665:3233939;1628665:92012;122217801:3265977;122217801:3340598;122217801:34731;122217801:2026;122217801:50793479;122217801:3287412;122217801:3377924;122217801:2375;122217801:28232;32047:93470;1628348:3229644;122217965:114518;33069:29447291;22121:30907;22066:30993;22009:106665;22061:30912;122218045:55366;6863019:148660019;13023209:679661731;21458:128657856,1,2014-12-17,2014,12,2,1,115931637:36783070;25935:31381;1628665:3233941;1628665:3233942;1628665:3233939;1628665:92012;122217801:3265977;122217801:3340598;122217801:34731;122217801:2026;122217801:50793479;122217801:3287412;122217801:3377924;122217801:2375;122217801:28232;32047:93470;1628348:3229644;122217965:114518;33069:29447291;22121:30907;22066:30993;22009:106665;22061:30912;122218045:55366;6863019:148660019;13023209:679661731;21458:128657856,,0.0,2003-03-03,2003,3
1783121841,19858743927,50013636,50008168,1628665:3233939;1628665:3233937;25935:21991;32047:93470;22019:31001;22019:2026;22019:50793479;22019:3287412;22019:3377924;22019:2375;22019:28232;22135:31412;1628366:32799;8151548:3309760;13529746:21983;13529646:117906617;13394971:30993;22022:102274034;13539026:21984;21458:34499433;18632646:19505595;1633959:19505595,1,2013-08-27,2013,8,1,1,1628665:3233939;1628665:3233937;25935:21991;32047:93470;22019:31001;22019:2026;22019:50793479;22019:3287412;22019:3377924;22019:2375;22019:28232;22135:31412;1628366:32799;8151548:3309760;13529746:21983;13529646:117906617;13394971:30993;22022:102274034;13539026:21984;21458:34499433;18632646:19505595;1633959:19505595,,0.0,2004-03-23,2004,3
603123248,39784731013,50018831,50014815,21458:22582169;1629567:3494025;126918365:71038127;123923464:29774;25935:51746;7250727:3218944;33337:321398229;22757:29230;122217774:3236128,1,2014-07-16,2014,7,2,1,21458:22582169;1629567:3494025;126918365:71038127;123923464:29774;25935:51746;7250727:3218944;33337:321398229;22757:29230;122217774:3236128,20131121.0,0.0,2013-11-21,2013,11
593517038,16377441164,50010555,50008168,25935:31381;1628665:3233941;1628665:3233942;1628665:3233939;1628665:92012;1628665:29790;1628665:31614;1628665:61550;1628665:3233940;1628665:3233936;1628665:3233937;1628665:29798;1628665:29778;1628665:3233938;1628665:82340;1628665:29787;1628665:29784;1628665:29793;1628665:131622;1628665:29796;1628665:133527;1628665:108579;1628665:29785;1628665:29782;1628665:29799;22019:3275004;22019:3261251;22019:3238327;22019:3228688;22019:3248884;3783431:38363840;32047:93470;1628366:32799;8151548:29800;3988915:7197959;1628348:11468;3731658:30902;21458:44052514;10032937:3272489;1633959:3272489,1,2013-01-30,2013,1,2,1,25935:31381;1628665:3233941;1628665:3233942;1628665:3233939;1628665:92012;1628665:29790;1628665:31614;1628665:61550;1628665:3233940;1628665:3233936;1628665:3233937;1628665:29798;1628665:29778;1628665:3233938;1628665:82340;1628665:29787;1628665:29784;1628665:29793;1628665:131622;1628665:29796;1628665:133527;1628665:108579;1628665:29785;1628665:29782;1628665:29799;22019:3275004;22019:3261251;22019:3238327;22019:3228688;22019:3248884;3783431:38363840;32047:93470;1628366:32799;8151548:29800;3988915:7197959;1628348:11468;3731658:30902;21458:44052514;10032937:3272489;1633959:3272489,20120626.0,1.0,2012-06-26,2012,6
138548893,37661147464,50013875,50014815,21458:117002569;13023209:7536964;122277833:18781357,1,2014-08-24,2014,8,6,1,21458:117002569;13023209:7536964;122277833:18781357,20140627.0,0.0,2014-06-27,2014,6
12950574,37840677938,50012474,28,1628665:29790;1628665:3233936;1628665:3233937;1628665:3233938;1628665:29793;1628665:108579;1628665:29782;21458:30992;21475:135183931;13023209:4093373;23378:9704005,3,2014-06-10,2014,6,1,3,1628665:29790;1628665:3233936;1628665:3233937;1628665:3233938;1628665:29793;1628665:108579;1628665:29782;21458:30992;21475:135183931;13023209:4093373;23378:9704005,,0.0,2009-07-08,2009,7
183827816,5700732011,50014250,28,21475:137325,3,2013-01-07,2013,1,0,3,21475:137325,20110430.0,0.0,2011-04-30,2011,4
65312343,27144848296,50012359,122650008,1628665:29787;1628665:29784;1628665:29793;1628665:29796;22007:30376;22007:30388;22007:30389;22007:30391;22007:30392;22007:30393;22007:30394;22007:30395;22007:30396;22007:30397;22007:30398;22007:30399;22007:30400;22007:30338;22007:30401;22007:78118851;1628366:3230095;25935:21991;25935:21990;25935:31381;21458:80429293,1,2013-11-27,2013,11,2,1,1628665:29787;1628665:29784;1628665:29793;1628665:29796;22007:30376;22007:30388;22007:30389;22007:30391;22007:30392;22007:30393;22007:30394;22007:30395;22007:30396;22007:30397;22007:30398;22007:30399;22007:30400;22007:30338;22007:30401;22007:78118851;1628366:3230095;25935:21991;25935:21990;25935:31381;21458:80429293,,1.0,2009-06-27,2009,6
159041066,35536936961,50018831,50014815,21458:21896;7255170:215835469;34914451:17828254;21487:29774;6798969:10797089;7250727:3218944;33337:3218948;1556:34713;33595:28477;34311491:9741914;34311491:6379392;34311491:10594965;34311491:10594969,2,2013-11-11,2013,11,0,2,21458:21896;7255170:215835469;34914451:17828254;21487:29774;6798969:10797089;7250727:3218944;33337:3218948;1556:34713;33595:28477;34311491:9741914;34311491:6379392;34311491:10594965;34311491:10594969,20120723.0,1.0,2012-07-23,2012,7
370606430,37994392815,121408024,50008168,21458:30992;1628665:3233941;1628665:3233942;13023209:3652063;122217801:3248884;122217801:3284610;122217801:125938;122217801:3238422;22009:29800;122217803:3290137;21477:30731631;21477:4069612;25935:31381;21475:20145005;21475:234713719;21475:493281617;21475:493281618;21475:493281619,2,2014-06-22,2014,6,6,2,21458:30992;1628665:3233941;1628665:3233942;13023209:3652063;122217801:3248884;122217801:3284610;122217801:125938;122217801:3238422;22009:29800;122217803:3290137;21477:30731631;21477:4069612;25935:31381;21475:20145005;21475:234713719;21475:493281617;21475:493281618;21475:493281619,20130604.0,0.0,2013-06-04,2013,6
48655521,35017672642,50023661,28,21458:211472372;33610136:325645862;11644036:28619;11666049:99389917;11759968:88169268;11684888:104528258;1628665:29784;21475:137325,1,2013-11-27,2013,11,2,1,21458:211472372;33610136:325645862;11644036:28619;11666049:99389917;11759968:88169268;11684888:104528258;1628665:29784;21475:137325,20110101.0,0.0,2011-01-01,2011,1
63437351,15357925576,50006028,50022520,21458:3515611;4914799:9347505;11761801:3271409;35646:21646;2049586:3349669;22334:33553046;1628665:3233938;5426651:29841,1,2012-08-17,2012,8,4,1,21458:3515611;4914799:9347505;11761801:3271409;35646:21646;2049586:3349669;22334:33553046;1628665:3233938;5426651:29841,20121015.0,0.0,2012-10-15,2012,10
660371928,18402451663,50018436,50014815,1628665:3233941;1628665:3233942;1628665:3233939;1628665:92012;1628665:29790;1628665:31614;1628665:61550;1628665:3233940;1628665:3233936;1628665:3233937;1628665:29798;1628665:29778;1628665:3233938;1628665:82340;1628665:29787;1628665:29784;1628665:29793;1628665:131622;1628665:29796;1628665:133527;1628665:108579;1628665:29785;1628665:29782;1628665:29799,1,2013-09-01,2013,9,6,1,1628665:3233941;1628665:3233942;1628665:3233939;1628665:92012;1628665:29790;1628665:31614;1628665:61550;1628665:3233940;1628665:3233936;1628665:3233937;1628665:29798;1628665:29778;1628665:3233938;1628665:82340;1628665:29787;1628665:29784;1628665:29793;1628665:131622;1628665:29796;1628665:133527;1628665:108579;1628665:29785;1628665:29782;1628665:29799,20130305.0,1.0,2013-03-05,2013,3
35831517,39512885303,50011993,28,21458:467060003;13023209:632460127;122218042:13068;1628861:21671;32959:104027;122217889:82125;21479:31542;6863019:3726638;21475:135183931;1628665:3233941;1628665:29790;1628665:3233936;1628665:3233938;1628665:29793;1628665:108579;1628665:29785;6864839:65569917;6864839:75472461;6864839:99060;6864839:75475275;6864839:5233065;6864839:4105896;6864839:14391487,1,2014-12-30,2014,12,1,1,21458:467060003;13023209:632460127;122218042:13068;1628861:21671;32959:104027;122217889:82125;21479:31542;6863019:3726638;21475:135183931;1628665:3233941;1628665:29790;1628665:3233936;1628665:3233938;1628665:29793;1628665:108579;1628665:29785;6864839:65569917;6864839:75472461;6864839:99060;6864839:75475275;6864839:5233065;6864839:4105896;6864839:14391487,20110708.0,0.0,2011-07-08,2011,7
712034589,40105767828,50010542,50008168,25935:21991;1628665:3233938;1628665:29784;1628665:29782;122217801:3340598;122217801:34731;122217801:2026;122217801:50793479;122217801:3251926;32047:93471;122217803:30914;122217965:3227750;33069:29447291;22066:30993;22061:14033338;13023209:6804999;21458:19293328,1,2014-08-25,2014,8,0,1,25935:21991;1628665:3233938;1628665:29784;1628665:29782;122217801:3340598;122217801:34731;122217801:2026;122217801:50793479;122217801:3251926;32047:93471;122217803:30914;122217965:3227750;33069:29447291;22066:30993;22061:14033338;13023209:6804999;21458:19293328,20110106.0,0.0,2011-01-06,2011,1
675728690,17410028431,50008728,50014815,21458:222283472;1633959:21192721;2191928:47325;2191928:47142;2191928:47386;2191928:50708;2191928:47247;2191928:47248;2191928:47140;2191928:11580;2191928:47253;2191928:5811009;2191928:3716152;2191928:48706;2191928:48675;2191928:5811011;2191928:51921;2191928:53808828;5168900:8871776;5168900:6474327;5168900:31501087;5168900:11708458;5168900:51281780;5168900:20072371;1628665:3233941;1628665:3233942;1628665:3233939;1628665:92012;1628665:29790;1628665:31614;1628665:61550;1628665:3233940;1628665:3233936;1628665:3233937;1628665:29798;1628665:29778;1628665:3233938;1628665:82340;1628665:29787;1628665:29784;1628665:29793;1628665:131622;1628665:29796;1628665:133527;1628665:108579;1628665:29785;1628665:29782;1628665:29799,1,2014-02-09,2014,2,6,1,21458:222283472;1633959:21192721;2191928:47325;2191928:47142;2191928:47386;2191928:50708;2191928:47247;2191928:47248;2191928:47140;2191928:11580;2191928:47253;2191928:5811009;2191928:3716152;2191928:48706;2191928:48675;2191928:5811011;2191928:51921;2191928:53808828;5168900:8871776;5168900:6474327;5168900:31501087;5168900:11708458;5168900:51281780;5168900:20072371;1628665:3233941;1628665:3233942;1628665:3233939;1628665:92012;1628665:29790;1628665:31614;1628665:61550;1628665:3233940;1628665:3233936;1628665:3233937;1628665:29798;1628665:29778;1628665:3233938;1628665:82340;1628665:29787;1628665:29784;1628665:29793;1628665:131622;1628665:29796;1628665:133527;1628665:108579;1628665:29785;1628665:29782;1628665:29799,20101115.0,0.0,2010-11-15,2010,11
764418129,17355245633,50012451,50008168,1628665:3233942;1628665:61550;1628665:3233938;1628665:82340;1628665:29787;1628665:29784;1628665:29793;22019:3265977;22019:3340598;22019:34731;22019:2026;22019:50793479;33030:29800;33162:30914;3156768:106779;3156768:28695579;3156768:4069612;25935:31381;13512069:117821970;1628324:3473865;1628324:3229496;1628324:38368874;21458:158693431;1633959:212120341,1,2013-03-23,2013,3,5,1,1628665:3233942;1628665:61550;1628665:3233938;1628665:82340;1628665:29787;1628665:29784;1628665:29793;22019:3265977;22019:3340598;22019:34731;22019:2026;22019:50793479;33030:29800;33162:30914;3156768:106779;3156768:28695579;3156768:4069612;25935:31381;13512069:117821970;1628324:3473865;1628324:3229496;1628324:38368874;21458:158693431;1633959:212120341,20121012.0,1.0,2012-10-12,2012,10
506946641,41475051106,50013636,50008168,21458:3402020;25935:21991;122217803:30916;122277569:21983;1628665:29784;13585069:6294498;122217801:3340598;122217801:50793479;122217801:2026;122217801:34731,1,2014-10-06,2014,10,0,1,21458:3402020;25935:21991;122217803:30916;122277569:21983;1628665:29784;13585069:6294498;122217801:3340598;122217801:50793479;122217801:2026;122217801:34731,20130418.0,0.0,2013-04-18,2013,4
46577846,15739450160,50006602,50008168,30497:46155;30498:46160;1628665:3233942;1628665:31614;1628665:3233937;1628665:82340;1628324:3229496;5426651:29841;1628366:32799;25935:21991,1,2012-09-13,2012,9,3,1,30497:46155;30498:46160;1628665:3233942;1628665:31614;1628665:3233937;1628665:82340;1628324:3229496;5426651:29841;1628366:32799;25935:21991,20120518.0,0.0,2012-05-18,2012,5
393226650,14271509472,50014260,28,2397831:16560881,1,2012-09-27,2012,9,3,1,2397831:16560881,20130425.0,1.0,2013-04-25,2013,4
478118517,38737713594,50146022,50008168,1628665:23420;1628665:23423;1628665:23424;1628665:29778;1628665:29782;1628665:29784;1628665:29785;1628665:29787;1628665:29790;1628665:29793;6904871:23416;122217801:3340598,1,2014-05-23,2014,5,4,1,1628665:23420;1628665:23423;1628665:23424;1628665:29778;1628665:29782;1628665:29784;1628665:29785;1628665:29787;1628665:29790;1628665:29793;6904871:23416;122217801:3340598,20131103.0,0.0,2013-11-03,2013,11
72088976,35141794469,50016704,50022520,1628665:3233941;1628665:3233939;1628665:92012;1628665:29790;1628665:3233937;1628665:29787;21967:31457;21967:31458;21967:31461;21967:31462;21967:31465;21967:31466;21967:31469;21967:31470;21967:31473;21967:31474;21967:31483;21967:82020;21967:82021;21967:82023;21967:82024;21967:82026;21967:82027;21967:82030;21967:82029;21967:82032;21967:82033;21967:65572652;21967:7333702;21967:75367543;21967:49249;21967:3773385;21967:51223;21967:32124145;21967:7676814;21967:75367600;21967:51636487;21948:52657772;5261480:114542;21479:29800;122277773:114414;122217941:31484;1629333:3271269;122218045:106713;1629341:3271303;122218049:3271277;1629337:117245;122218046:82502;21477:114412;122217803:3230095;22066:65007541;13023209:139365;21458:113409272,1,2014-12-12,2014,12,4,1,1628665:3233941;1628665:3233939;1628665:92012;1628665:29790;1628665:3233937;1628665:29787;21967:31457;21967:31458;21967:31461;21967:31462;21967:31465;21967:31466;21967:31469;21967:31470;21967:31473;21967:31474;21967:31483;21967:82020;21967:82021;21967:82023;21967:82024;21967:82026;21967:82027;21967:82030;21967:82029;21967:82032;21967:82033;21967:65572652;21967:7333702;21967:75367543;21967:49249;21967:3773385;21967:51223;21967:32124145;21967:7676814;21967:75367600;21967:51636487;21948:52657772;5261480:114542;21479:29800;122277773:114414;122217941:31484;1629333:3271269;122218045:106713;1629341:3271303;122218049:3271277;1629337:117245;122218046:82502;21477:114412;122217803:3230095;22066:65007541;13023209:139365;21458:113409272,20141106.0,1.0,2014-11-06,2014,11
127104347,19331177776,50016454,28,1628665:3233941;1628665:29790;1628665:3233936;1628665:3233938;1628665:82340;1628665:29799;11684888:104528258;21475:137325;21458:95962;1633959:3232971,1,2014-02-11,2014,2,1,1,1628665:3233941;1628665:29790;1628665:3233936;1628665:3233938;1628665:82340;1628665:29799;11684888:104528258;21475:137325;21458:95962;1633959:3232971,20120424.0,0.0,2012-04-24,2012,4
1702276954,15453768437,50004457,50014815,21458:119614671,2,2013-11-18,2013,11,0,2,21458:119614671,20130821.0,1.0,2013-08-21,2013,8
116466705,37893437620,50010558,50008168,21458:559356140;13023209:108340479;25935:21991;1628348:3229644;10144346:29641138;22009:27417714;122217965:3227750;122217803:30914;22066:30993;33069:104880;22061:14033338;33203:3502330;1628665:3233942;1628665:92012;1628665:29784;1628665:29782;122217801:2026;122217801:50793479;122217801:3287412;122217801:3377924;122217801:2375;32047:93470;122217973:3229394;1628306:3229402,1,2014-03-29,2014,3,5,1,21458:559356140;13023209:108340479;25935:21991;1628348:3229644;10144346:29641138;22009:27417714;122217965:3227750;122217803:30914;22066:30993;33069:104880;22061:14033338;33203:3502330;1628665:3233942;1628665:92012;1628665:29784;1628665:29782;122217801:2026;122217801:50793479;122217801:3287412;122217801:3377924;122217801:2375;32047:93470;122217973:3229394;1628306:3229402,20130101.0,0.0,2013-01-01,2013,1
34582044,43428724709,50010538,50008168,115931637:36783665;21458:30992;13023209:347749806;25935:21991;1628665:3233938;1628665:29782;122217801:3265977;122217801:3248884;122217801:3340598;122217801:3284610;122217801:34731;32047:93470;1628348:11468;122217965:29431631;122218045:21671;33069:104911;22066:3381725;22121:30905;22061:109080;122217803:30916;22009:106665,1,2015-01-11,2015,1,6,1,115931637:36783665;21458:30992;13023209:347749806;25935:21991;1628665:3233938;1628665:29782;122217801:3265977;122217801:3248884;122217801:3340598;122217801:3284610;122217801:34731;32047:93470;1628348:11468;122217965:29431631;122218045:21671;33069:104911;22066:3381725;22121:30905;22061:109080;122217803:30916;22009:106665,20121101.0,0.0,2012-11-01,2012,11
61620681,35055137651,50007011,50008168,21458:7994622;1633959:16310661;3130834:20953716;35931:133199;2124281:12439576;25935:31381;1628165:30993;8151548:106665;1628665:3233942;1628665:3233938;1628665:29784;1628665:29785;1628665:29782;1628324:3229494;5426651:29841,1,2013-11-11,2013,11,0,1,21458:7994622;1633959:16310661;3130834:20953716;35931:133199;2124281:12439576;25935:31381;1628165:30993;8151548:106665;1628665:3233942;1628665:3233938;1628665:29784;1628665:29785;1628665:29782;1628324:3229494;5426651:29841,20130308.0,0.0,2013-03-08,2013,3
35497496,37251899549,50023536,28,11666049:40203;1628665:3233941;1628665:3233942;1628665:3233939;1628665:92012;1628665:29790;1628665:31614;1628665:61550;1628665:3233940;1628665:3233936;1628665:3233937;1628665:29798;1628665:29778;1628665:3233938;1628665:82340;1628665:29787;1628665:29784;1628665:29793;1628665:131622;1628665:29796;1628665:133527;1628665:108579;1628665:29785;1628665:29782;1628665:29799;11684888:11468;21475:135183931;21458:21059837,1,2014-04-09,2014,4,2,1,11666049:40203;1628665:3233941;1628665:3233942;1628665:3233939;1628665:92012;1628665:29790;1628665:31614;1628665:61550;1628665:3233940;1628665:3233936;1628665:3233937;1628665:29798;1628665:29778;1628665:3233938;1628665:82340;1628665:29787;1628665:29784;1628665:29793;1628665:131622;1628665:29796;1628665:133527;1628665:108579;1628665:29785;1628665:29782;1628665:29799;11684888:11468;21475:135183931;21458:21059837,,1.0,2009-10-20,2009,10
1055336274,23259420393,50013636,50008168,1628665:3233941;1628665:3233942;1628665:3233939;25935:31381;32047:93471;22019:3228688;22019:3265977;22019:3340598;22019:34731;22135:31412;1628366:32799;8151548:29800;13529746:21983;13394971:3086;22022:110150624;21458:71541588;36503497:3391711,1,2013-04-25,2013,4,3,1,1628665:3233941;1628665:3233942;1628665:3233939;25935:31381;32047:93471;22019:3228688;22019:3265977;22019:3340598;22019:34731;22135:31412;1628366:32799;8151548:29800;13529746:21983;13394971:3086;22022:110150624;21458:71541588;36503497:3391711,20120429.0,1.0,2012-04-29,2012,4
95793571,18163269573,50012378,50022520,21458:21599;1628665:3233941;1628665:3233942;1628665:29790;1628665:31614;1628665:3233936;1628665:3233938;1628665:82340;1628665:29793;1628665:133527;1628665:108579;1628665:29785;1628665:29799;21967:29841;22122:29563;22121:30905;22119:30903;22334:30915;22123:33213;21969:11580;2918838:7577628;33068:3218232;2397831:16560972,1,2013-08-13,2013,8,1,1,21458:21599;1628665:3233941;1628665:3233942;1628665:29790;1628665:31614;1628665:3233936;1628665:3233938;1628665:82340;1628665:29793;1628665:133527;1628665:108579;1628665:29785;1628665:29799;21967:29841;22122:29563;22121:30905;22119:30903;22334:30915;22123:33213;21969:11580;2918838:7577628;33068:3218232;2397831:16560972,20131010.0,0.0,2013-10-10,2013,10
141263038,38705572016,121472021,50008168,1628665:3233941;122277773:52281733;25935:31381;122217801:3284610;122217801:34731;122217801:2026;122217801:50793479;21458:80465867,1,2014-05-10,2014,5,5,1,1628665:3233941;122277773:52281733;25935:31381;122217801:3284610;122217801:34731;122217801:2026;122217801:50793479;21458:80465867,20111128.0,1.0,2011-11-28,2011,11
64581913,16630020831,50006602,50008168,21458:125670678;10984217:30035;13023209:3664507;21479:21671;1628665:3233941;1628665:3233942;1628665:3233939;1628665:92012;1628665:29790;1628665:31614;1628665:61550;1628665:3233940;21475:9319927;21475:7202757;21967:29841;122217803:3230095,1,2014-06-17,2014,6,1,1,21458:125670678;10984217:30035;13023209:3664507;21479:21671;1628665:3233941;1628665:3233942;1628665:3233939;1628665:92012;1628665:29790;1628665:31614;1628665:61550;1628665:3233940;21475:9319927;21475:7202757;21967:29841;122217803:3230095,20130827.0,,2013-08-27,2013,8
798742650,41758037377,50013636,50008168,21458:216724052;36628385:15356376;1628665:29799;25935:31381;13023209:3268298;32047:93470;122217801:3265977;122217801:3340598;122217801:34731;122217801:2026;122217801:50793479;22135:31412;122277569:21983;22066:30993,1,2014-10-23,2014,10,3,1,21458:216724052;36628385:15356376;1628665:29799;25935:31381;13023209:3268298;32047:93470;122217801:3265977;122217801:3340598;122217801:34731;122217801:2026;122217801:50793479;22135:31412;122277569:21983;22066:30993,20131104.0,1.0,2013-11-04,2013,11
16992440,36645240582,50012474,28,1628665:3233942;1628665:3233938;1628665:82340;21475:135183931,3,2014-02-24,2014,2,0,3,1628665:3233942;1628665:3233938;1628665:82340;21475:135183931,20120516.0,0.0,2012-05-16,2012,5
219658557,19143365121,50010536,50008168,21458:21599;1633959:12434209;1628665:3233941;1628665:3233942;1628665:3233939;1628665:92012;1628665:29790;25935:31381;22019:3228688;22019:3265977;22019:3248884;22019:3340598;32047:93471;1628348:11468;22128:30909;1627349:3218241;13394971:30993;1628366:32799;3988915:7197959,1,2013-09-04,2013,9,2,1,21458:21599;1633959:12434209;1628665:3233941;1628665:3233942;1628665:3233939;1628665:92012;1628665:29790;25935:31381;22019:3228688;22019:3265977;22019:3248884;22019:3340598;32047:93471;1628348:11468;22128:30909;1627349:3218241;13394971:30993;1628366:32799;3988915:7197959,20130220.0,1.0,2013-02-20,2013,2
1671493753,14147330386,50023591,50022520,21458:30992;21956:135446179;1628665:3233941;1628665:29790;1628665:3233936;1628665:3233937;1628665:29798;1628665:29778;1628665:82340;1628665:29793;1628665:29796;1628665:29785;1628665:29799;21967:29774;21967:29773;21967:29772;21967:29775;21967:29776;21967:29777;122277773:3926589;122277569:21983;21477:22516235;122217803:3290137;122217803:30915;122217803:30916;122217803:30914;22009:29800,1,2014-05-09,2014,5,4,1,21458:30992;21956:135446179;1628665:3233941;1628665:29790;1628665:3233936;1628665:3233937;1628665:29798;1628665:29778;1628665:82340;1628665:29793;1628665:29796;1628665:29785;1628665:29799;21967:29774;21967:29773;21967:29772;21967:29775;21967:29776;21967:29777;122277773:3926589;122277569:21983;21477:22516235;122217803:3290137;122217803:30915;122217803:30916;122217803:30914;22009:29800,20141222.0,1.0,2014-12-22,2014,12
120971704,38539512251,50013636,50008168,1628665:3233942;1628665:29790;1628665:31614;1628665:29798;1628665:29778;1628665:29793;1628665:29796;1628665:29799;25935:31381;122217801:34731;122217801:2026;122217801:50793479;122217801:3287412;122217801:3377924;21458:3845802;16161897:3478209,1,2014-04-18,2014,4,4,1,1628665:3233942;1628665:29790;1628665:31614;1628665:29798;1628665:29778;1628665:29793;1628665:29796;1628665:29799;25935:31381;122217801:34731;122217801:2026;122217801:50793479;122217801:3287412;122217801:3377924;21458:3845802;16161897:3478209,20110624.0,0.0,2011-06-24,2011,6
910140800,9921993020,50010555,50008168,21458:74437488;1633959:7156033;8511120:145918550;25935:31381;3783431:38363838;13394971:3256567;1628366:32799;8151548:29800;3988915:104912;1628348:11468;3731658:30902;1628665:3233941;1628665:3233942;1628665:3233939;1628665:92012;1628665:29790;1628665:31614;1628665:61550;1628665:3233940;1628665:3233936;1628665:3233937;1628665:29798;1628665:29778;1628665:3233938;1628665:82340;1628665:29787;1628665:29784;1628665:29793;1628665:131622;1628665:29796;1628665:133527;1628665:108579;1628665:29785;1628665:29782;1628665:29799;22019:3238327;22019:3228688;22019:3265977;22019:3248884;22019:3340598;32047:93470,1,2013-09-09,2013,9,0,1,21458:74437488;1633959:7156033;8511120:145918550;25935:31381;3783431:38363838;13394971:3256567;1628366:32799;8151548:29800;3988915:104912;1628348:11468;3731658:30902;1628665:3233941;1628665:3233942;1628665:3233939;1628665:92012;1628665:29790;1628665:31614;1628665:61550;1628665:3233940;1628665:3233936;1628665:3233937;1628665:29798;1628665:29778;1628665:3233938;1628665:82340;1628665:29787;1628665:29784;1628665:29793;1628665:131622;1628665:29796;1628665:133527;1628665:108579;1628665:29785;1628665:29782;1628665:29799;22019:3238327;22019:3228688;22019:3265977;22019:3248884;22019:3340598;32047:93470,20130302.0,0.0,2013-03-02,2013,3
466369304,16589171765,50026474,50022520,21458:33970;1633959:112852;2815901:91187830;34862:119673;33595:28869;6933666:96059,1,2013-04-23,2013,4,1,1,21458:33970;1633959:112852;2815901:91187830;34862:119673;33595:28869;6933666:96059,20130802.0,1.0,2013-08-02,2013,8
92192666,16130303961,50013078,28,,1,2012-12-13,2012,12,3,1,,20110922.0,0.0,2011-09-22,2011,9
363860560,10014199450,50006822,28,21458:8535341;1627584:28619;2397831:16560881;3275144:8971425;1628665:92012;1628665:29790;1628665:61550;1628665:3233937;1628665:29798;1628665:3233938;1628665:82340;1628665:29787;1628665:29793;1628665:131622;1628665:29799;3275144:9880970;11728471:14215992;2397831:40203,1,2012-10-23,2012,10,1,1,21458:8535341;1627584:28619;2397831:16560881;3275144:8971425;1628665:92012;1628665:29790;1628665:61550;1628665:3233937;1628665:29798;1628665:3233938;1628665:82340;1628665:29787;1628665:29793;1628665:131622;1628665:29799;3275144:9880970;11728471:14215992;2397831:40203,20140216.0,,2014-02-16,2014,2
26184254,7161010744,50010558,50008168,21458:234832296;13023209:328557914;25935:31381;1628348:11468;10144346:29641138;122217965:114518;122217803:30916;22066:30993;33069:29447291;22061:14033338;33203:3502330;1628665:29793;1628665:131622;1628665:29796;122217801:3265977;122217801:3340598;122217801:34731;122217801:2026;122217801:50793479;32047:93470,1,2014-03-17,2014,3,0,1,21458:234832296;13023209:328557914;25935:31381;1628348:11468;10144346:29641138;122217965:114518;122217803:30916;22066:30993;33069:29447291;22061:14033338;33203:3502330;1628665:29793;1628665:131622;1628665:29796;122217801:3265977;122217801:3340598;122217801:34731;122217801:2026;122217801:50793479;32047:93470,20121221.0,0.0,2012-12-21,2012,12
838135776,13419573116,50001732,50014815,21458:3451332;33297:82242;33299:108306;33299:108307;33299:108309;33299:108310;5569402:11580;3066689:3279893;3316668:29821534,1,2013-02-25,2013,2,0,1,21458:3451332;33297:82242;33299:108306;33299:108307;33299:108309;33299:108310;5569402:11580;3066689:3279893;3316668:29821534,20130206.0,0.0,2013-02-06,2013,2
656871588,14269854834,50006843,38,21476:21797;21475:108283;6933666:4421827;33595:29230;21458:6496772;3992285:140578286;17200134:7318397,2,2012-08-26,2012,8,6,2,21476:21797;21475:108283;6933666:4421827;33595:29230;21458:6496772;3992285:140578286;17200134:7318397,20110905.0,1.0,2011-09-05,2011,9
2254611367,38282204077,50023670,28,21458:75281641;29131694:584126263;11684888:11468;21475:135183931;33969:184475658;1628665:3233942;1628665:92012;1628665:31614;1628665:3233938;1628665:29787;1628665:29784;1628665:29793;1628665:29796;1628665:133527;1628665:29782,1,2015-01-30,2015,1,4,1,21458:75281641;29131694:584126263;11684888:11468;21475:135183931;33969:184475658;1628665:3233942;1628665:92012;1628665:31614;1628665:3233938;1628665:29787;1628665:29784;1628665:29793;1628665:29796;1628665:133527;1628665:29782,20111031.0,0.0,2011-10-31,2011,10
69435486,41564495005,50013636,50008168,21458:30992;1628665:3233941;1628665:3233942;1628665:3233939;1628665:92012;1628665:29790;1628665:31614;1628665:61550;1628665:3233940;1628665:3233936;1628665:3233937;1628665:29798;1628665:29778;1628665:3233938;1628665:82340;1628665:108579;25935:31381;32047:93471;122217801:3265977;122217801:3340598;122217801:34731;122217801:2026;122217801:3238422;22135:31412;122217803:30916;122277569:21983;2049128:117906617;22066:31379;22022:110150624;13658074:3235337,1,2014-11-11,2014,11,1,1,21458:30992;1628665:3233941;1628665:3233942;1628665:3233939;1628665:92012;1628665:29790;1628665:31614;1628665:61550;1628665:3233940;1628665:3233936;1628665:3233937;1628665:29798;1628665:29778;1628665:3233938;1628665:82340;1628665:108579;25935:31381;32047:93471;122217801:3265977;122217801:3340598;122217801:34731;122217801:2026;122217801:3238422;22135:31412;122217803:30916;122277569:21983;2049128:117906617;22066:31379;22022:110150624;13658074:3235337,20120821.0,1.0,2012-08-21,2012,8
58846126,35162436883,50010555,50008168,21458:30992;25935:31381;1628665:3233941;1628665:3233942;1628665:3233939;1628665:92012;1628665:29790;1628665:31614;1628665:61550;1628665:3233940;1628665:3233936;1628665:3233937;1628665:29798;1628665:29778;1628665:3233938;1628665:82340;1628665:29787;1628665:29784;1628665:29793;1628665:131622;1628665:29796;1628665:133527;1628665:108579;1628665:29785;1628665:29782;1628665:29799;122217801:3261251;122217801:3238327;122217801:3228688;122217801:3265977;122277773:38363838;32047:93471;22066:125202070;122217803:30914;22009:3228791;33069:104912;1628348:11468;122217806:30902;35397:29850,1,2014-08-14,2014,8,3,1,21458:30992;25935:31381;1628665:3233941;1628665:3233942;1628665:3233939;1628665:92012;1628665:29790;1628665:31614;1628665:61550;1628665:3233940;1628665:3233936;1628665:3233937;1628665:29798;1628665:29778;1628665:3233938;1628665:82340;1628665:29787;1628665:29784;1628665:29793;1628665:131622;1628665:29796;1628665:133527;1628665:108579;1628665:29785;1628665:29782;1628665:29799;122217801:3261251;122217801:3238327;122217801:3228688;122217801:3265977;122277773:38363838;32047:93471;22066:125202070;122217803:30914;22009:3228791;33069:104912;1628348:11468;122217806:30902;35397:29850,20140525.0,0.0,2014-05-25,2014,5
188785717,27189944241,50013636,50008168,21458:216724052;1628665:3233939;1628665:29790;1628665:31614;1628665:61550;1628665:3233940;1628665:3233936;1628665:3233937;1628665:29798;1628665:29778;1628665:3233938;1628665:82340;1628665:29787;1628665:29784;1628665:29793;1628665:131622;1628665:29796;1628665:133527;1628665:108579;1628665:29785;25935:21991;32047:93470;22019:3265977;22019:3340598;22019:34731;22019:2026;22019:50793479;22019:3287412;22019:3377924;22019:2375;22019:28232;22135:31412;1628366:30916;8151548:44428977;13529746:21983;13529646:117906617;13394971:29563;22022:102274034;13539026:117942783;36628385:6942290;1633959:6942290,1,2013-10-23,2013,10,2,1,21458:216724052;1628665:3233939;1628665:29790;1628665:31614;1628665:61550;1628665:3233940;1628665:3233936;1628665:3233937;1628665:29798;1628665:29778;1628665:3233938;1628665:82340;1628665:29787;1628665:29784;1628665:29793;1628665:131622;1628665:29796;1628665:133527;1628665:108579;1628665:29785;25935:21991;32047:93470;22019:3265977;22019:3340598;22019:34731;22019:2026;22019:50793479;22019:3287412;22019:3377924;22019:2375;22019:28232;22135:31412;1628366:30916;8151548:44428977;13529746:21983;13529646:117906617;13394971:29563;22022:102274034;13539026:117942783;36628385:6942290;1633959:6942290,20110617.0,0.0,2011-06-17,2011,6
818761936,14211333226,50012363,122650008,1628665:3233941;1628665:3233942;1628665:3233939;1628665:92012;1628665:29790;1628665:31614;1628665:61550;1628665:3233940;1628665:3233936;1628665:3233937;1628665:29798;22007:30376;22007:30378;22007:30380;1628366:32799;8185014:29560;8185015:18340619;8185016:78254143;8185021:3227759;2236228:30912;25935:21991;25935:21990;25935:31381;21870:4027090;27759919:183659775;21458:118469427;1633959:45570;2397831:16560881,1,2013-10-29,2013,10,1,1,1628665:3233941;1628665:3233942;1628665:3233939;1628665:92012;1628665:29790;1628665:31614;1628665:61550;1628665:3233940;1628665:3233936;1628665:3233937;1628665:29798;22007:30376;22007:30378;22007:30380;1628366:32799;8185014:29560;8185015:18340619;8185016:78254143;8185021:3227759;2236228:30912;25935:21991;25935:21990;25935:31381;21870:4027090;27759919:183659775;21458:118469427;1633959:45570;2397831:16560881,20131205.0,1.0,2013-12-05,2013,12
1709476961,40799817988,121450022,50008168,21458:91586564;13023209:96884792;22009:21671;122217803:30916;21477:4195556;21477:4069612;25935:31381;21475:20145005;21475:493281617;21475:234713719;1628665:3233939;1628665:92012;1628665:31614;1628665:3233938;1628665:29784;1628665:29793;1628665:29785;1628665:29799;122217801:3228688;122217801:3265977;122217801:3340598;122217801:34731;122217801:2026;122217801:50793479;122217801:3287412;122217801:3377924;122217801:2375;122217801:28232,1,2014-11-28,2014,11,4,1,21458:91586564;13023209:96884792;22009:21671;122217803:30916;21477:4195556;21477:4069612;25935:31381;21475:20145005;21475:493281617;21475:234713719;1628665:3233939;1628665:92012;1628665:31614;1628665:3233938;1628665:29784;1628665:29793;1628665:29785;1628665:29799;122217801:3228688;122217801:3265977;122217801:3340598;122217801:34731;122217801:2026;122217801:50793479;122217801:3287412;122217801:3377924;122217801:2375;122217801:28232,20130106.0,0.0,2013-01-06,2013,1
14304064,15929031075,50012361,122650008,21458:149121593;1633959:151596142;1628366:3230095;2397831:16561164;3071908:104866;8185014:3269393;8185021:3227759;8185016:31619;2236228:3224019;25935:21991;25935:21990;25935:31381;1628665:3233941;1628665:3233942;22007:30390;22007:30391;22007:30392;22007:30393;22007:30394;22007:30395,1,2012-10-19,2012,10,4,1,21458:149121593;1633959:151596142;1628366:3230095;2397831:16561164;3071908:104866;8185014:3269393;8185021:3227759;8185016:31619;2236228:3224019;25935:21991;25935:21990;25935:31381;1628665:3233941;1628665:3233942;22007:30390;22007:30391;22007:30392;22007:30393;22007:30394;22007:30395,20100601.0,1.0,2010-06-01,2010,6
326454822,37065186859,50012359,122650008,1628665:29782;22007:30391;22007:30392;22007:30399;22007:30400;22007:30338;122217803:30914;124129949:3324544;122218021:135739;23654:121090;21477:139386;25935:21990;13023209:3254576;21458:3224203,1,2014-03-11,2014,3,1,1,1628665:29782;22007:30391;22007:30392;22007:30399;22007:30400;22007:30338;122217803:30914;124129949:3324544;122218021:135739;23654:121090;21477:139386;25935:21990;13023209:3254576;21458:3224203,,1.0,2009-04-03,2009,4
49008121,41884632444,50013636,50008168,21458:30992;13658074:3234453;1628665:3233941;25935:31381;32047:93471;122217801:3265977;122217801:3340598;122217801:34731;122217801:2026;122217801:50793479;122217801:3287412;122217801:3263874;122217801:3377924;22135:31412;122217803:30914;22009:29801;122277569:21983;2049128:117906617;22066:30993;122277668:21984,1,2014-12-11,2014,12,3,1,21458:30992;13658074:3234453;1628665:3233941;25935:31381;32047:93471;122217801:3265977;122217801:3340598;122217801:34731;122217801:2026;122217801:50793479;122217801:3287412;122217801:3263874;122217801:3377924;22135:31412;122217803:30914;22009:29801;122277569:21983;2049128:117906617;22066:30993;122277668:21984,20110310.0,0.0,2011-03-10,2011,3
20570454,5764432116,211122,38,21458:21782;36786:42781029;6933553:20337137;13023102:3312418;33595:40732;21475:114229;6933666:68145978;14814533:40732,4,2012-11-24,2012,11,5,4,21458:21782;36786:42781029;6933553:20337137;13023102:3312418;33595:40732;21475:114229;6933666:68145978;14814533:40732,,1.0,2008-10-17,2008,10
73291425,41088982319,50012365,122650008,21458:14646974;13023209:609084424;122217803:30916;2397831:16561025;23346:46084;124129949:18340619;122218021:3269476;122218019:31686;21948:14543980;3034215:3224847;35730:125116;122217809:31691;122218045:29810;25935:21991;2397831:16561295;1628665:3233938;1628665:82340;1628665:29787;1628665:29784;1628665:131622;1628665:29796;1628665:133527;1628665:108579;1628665:29785;1628665:29782;22007:30386;22007:30387;22007:30388;22007:30389;22007:30390;22007:30391;22007:30392;22007:30393;22007:30394;22007:30395;22007:30396;22007:30397;22007:30398;22007:30399;22007:30400,1,2014-12-20,2014,12,5,1,21458:14646974;13023209:609084424;122217803:30916;2397831:16561025;23346:46084;124129949:18340619;122218021:3269476;122218019:31686;21948:14543980;3034215:3224847;35730:125116;122217809:31691;122218045:29810;25935:21991;2397831:16561295;1628665:3233938;1628665:82340;1628665:29787;1628665:29784;1628665:131622;1628665:29796;1628665:133527;1628665:108579;1628665:29785;1628665:29782;22007:30386;22007:30387;22007:30388;22007:30389;22007:30390;22007:30391;22007:30392;22007:30393;22007:30394;22007:30395;22007:30396;22007:30397;22007:30398;22007:30399;22007:30400,20100628.0,0.0,2010-06-28,2010,6
12576056,17676479598,50146022,50008168,1628665:29782;1628665:29796;1628665:3233938;33245:23416;22019:31001;22019:3238327;13395135:21671,1,2012-12-19,2012,12,2,1,1628665:29782;1628665:29796;1628665:3233938;33245:23416;22019:31001;22019:3238327;13395135:21671,20110611.0,0.0,2011-06-11,2011,6
795355691,19227493922,50010236,50014815,21458:247859882;47620232:286464237;2815901:592385740;3091143:29821534;21475:32572474;5434423:6480840;1628665:3233942;1628665:31614;1628665:29798;1628665:29778;1628665:3233938;1628665:82340;1628665:29787;1628665:29784;1628665:29793;1628665:131622;1628665:29796;1628665:29799,1,2014-07-19,2014,7,5,1,21458:247859882;47620232:286464237;2815901:592385740;3091143:29821534;21475:32572474;5434423:6480840;1628665:3233942;1628665:31614;1628665:29798;1628665:29778;1628665:3233938;1628665:82340;1628665:29787;1628665:29784;1628665:29793;1628665:131622;1628665:29796;1628665:29799,20110709.0,0.0,2011-07-09,2011,7
1045498739,37062248680,50012363,122650008,21458:46888;13023209:540087832;122217803:30914;2397831:16561164;21948:140641;124129949:55366;122218021:3269476;35730:125116;22061:14033338;25935:21990;25935:31381;1628665:3233942;1628665:29796;22007:30377;22007:30378;22007:30379;22007:30380;122217744:183656092;27759919:183659775,1,2014-03-25,2014,3,1,1,21458:46888;13023209:540087832;122217803:30914;2397831:16561164;21948:140641;124129949:55366;122218021:3269476;35730:125116;22061:14033338;25935:21990;25935:31381;1628665:3233942;1628665:29796;22007:30377;22007:30378;22007:30379;22007:30380;122217744:183656092;27759919:183659775,20130926.0,1.0,2013-09-26,2013,9
371636266,40175617683,50006602,50008168,21458:216724052;10984217:21985;21479:106713;1628665:29778;1628665:3233938;1628665:29782;21475:3473865;21475:3229496;21967:29841;122217803:30914;25935:21991;13023209:3618187,1,2014-09-24,2014,9,2,1,21458:216724052;10984217:21985;21479:106713;1628665:29778;1628665:3233938;1628665:29782;21475:3473865;21475:3229496;21967:29841;122217803:30914;25935:21991;13023209:3618187,20131204.0,0.0,2013-12-04,2013,12
367656020,23067224319,50008847,28,21458:212351698;6314564:3381358;36860042:3381358;11649692:104259336;11685863:43426;11684888:104528257;1628665:3233941;21475:137325,1,2014-01-08,2014,1,2,1,21458:212351698;6314564:3381358;36860042:3381358;11649692:104259336;11685863:43426;11684888:104528257;1628665:3233941;21475:137325,,1.0,2006-11-13,2006,11
559247716,4101836471,50012777,50014815,1628665:3233941;1628665:3233942;1628665:3233939;1628665:92012;1628665:31614;1628665:61550;1628665:3233940;1628665:3233936;1628665:3233937;1628665:29798;1628665:29778;1628665:3233938;1628665:82340;1628665:29787;1628665:29784;1628665:29793;1628665:131622;1628665:29796;1628665:133527;1628665:108579;1628665:29785;1628665:29782;1628665:29799;21458:8535341;1633959:3234462,1,2013-03-13,2013,3,2,1,1628665:3233941;1628665:3233942;1628665:3233939;1628665:92012;1628665:31614;1628665:61550;1628665:3233940;1628665:3233936;1628665:3233937;1628665:29798;1628665:29778;1628665:3233938;1628665:82340;1628665:29787;1628665:29784;1628665:29793;1628665:131622;1628665:29796;1628665:133527;1628665:108579;1628665:29785;1628665:29782;1628665:29799;21458:8535341;1633959:3234462,20121020.0,1.0,2012-10-20,2012,10
99665637,40902072385,50006602,50008168,10984217:46155;21479:106713;1628665:3233941;1628665:3233942;1628665:3233939;1628665:92012;1628665:29790;1628665:31614;1628665:61550;1628665:3233940;1628665:3233936;1628665:3233937;1628665:29798;1628665:29778;1628665:3233938;1628665:82340;1628665:29787;1628665:29784;1628665:29793;1628665:131622;1628665:29796;1628665:133527;1628665:108579;21475:9319927;21475:7202757;21475:3472605;21475:3473865;122217803:30916;25935:31381;21458:142036798,1,2014-12-05,2014,12,4,1,10984217:46155;21479:106713;1628665:3233941;1628665:3233942;1628665:3233939;1628665:92012;1628665:29790;1628665:31614;1628665:61550;1628665:3233940;1628665:3233936;1628665:3233937;1628665:29798;1628665:29778;1628665:3233938;1628665:82340;1628665:29787;1628665:29784;1628665:29793;1628665:131622;1628665:29796;1628665:133527;1628665:108579;21475:9319927;21475:7202757;21475:3472605;21475:3473865;122217803:30916;25935:31381;21458:142036798,20130926.0,,2013-09-26,2013,9
46013049,40782358000,50023792,28,21475:275708185;21458:137807244;29133686:234240054;11666049:62519847,1,2014-09-23,2014,9,1,1,21475:275708185;21458:137807244;29133686:234240054;11666049:62519847,20140408.0,1.0,2014-04-08,2014,4
403609077,14566715416,50014129,28,21458:57737100;1628665:3233941;1628665:3233942;1628665:3233939;1628665:92012;1628665:29790;1628665:31614;1628665:61550;1628665:3233940;1628665:3233936;1628665:3233937;1628665:29798;1628665:29778;1628665:3233938;1628665:82340;1628665:29787;1628665:29784;1628665:29793;1628665:131622;1628665:29796;1628665:133527;1628665:108579;1628665:29785;1628665:29782;1628665:29799;11945782:7813537;12082847:107548441;11684888:104528258,1,2012-11-24,2012,11,5,1,21458:57737100;1628665:3233941;1628665:3233942;1628665:3233939;1628665:92012;1628665:29790;1628665:31614;1628665:61550;1628665:3233940;1628665:3233936;1628665:3233937;1628665:29798;1628665:29778;1628665:3233938;1628665:82340;1628665:29787;1628665:29784;1628665:29793;1628665:131622;1628665:29796;1628665:133527;1628665:108579;1628665:29785;1628665:29782;1628665:29799;11945782:7813537;12082847:107548441;11684888:104528258,20110802.0,0.0,2011-08-02,2011,8
528643545,14497047720,50018854,38,21458:46961;1633959:254707900;6933666:96059;33595:29230,1,2013-07-04,2013,7,3,1,21458:46961;1633959:254707900;6933666:96059;33595:29230,20121204.0,0.0,2012-12-04,2012,12
24466085,13006065985,50012428,28,2397831:16560881;36099:31158;11684888:104528258;21475:137319;21458:30992;1628665:3233941;1628665:29790;1628665:31614;1628665:61550;1628665:3233940;1628665:3233936;1628665:3233937;1628665:29798;1628665:29778;1628665:3233938;1628665:82340;1628665:29787;1628665:29784,1,2013-04-27,2013,4,5,1,2397831:16560881;36099:31158;11684888:104528258;21475:137319;21458:30992;1628665:3233941;1628665:29790;1628665:31614;1628665:61550;1628665:3233940;1628665:3233936;1628665:3233937;1628665:29798;1628665:29778;1628665:3233938;1628665:82340;1628665:29787;1628665:29784,20110903.0,0.0,2011-09-03,2011,9
22337360,36174768297,50013176,28,2397831:16560881;21475:275708185,1,2014-03-22,2014,3,5,1,2397831:16560881;21475:275708185,,0.0,2004-09-12,2004,9
88290456,17077213987,50010566,50008168,21458:114157499;1633959:107747228;25935:31381;32047:93470;1628348:11468;3988915:104912;2904342:30905;1628366:32799;13394971:31379;1628665:3233942;1628665:92012;1628665:3233938;22019:34731;22019:2026;22019:50793479;22019:3287412;22019:3377924,1,2013-04-23,2013,4,1,1,21458:114157499;1633959:107747228;25935:31381;32047:93470;1628348:11468;3988915:104912;2904342:30905;1628366:32799;13394971:31379;1628665:3233942;1628665:92012;1628665:3233938;22019:34731;22019:2026;22019:50793479;22019:3287412;22019:3377924,,0.0,2009-01-18,2009,1
350100046,37866294912,121466023,50008168,1628665:3233938;25935:21991,1,2015-01-19,2015,1,0,1,1628665:3233938;25935:21991,20110509.0,0.0,2011-05-09,2011,5
21415917,16866228043,50013636,50008168,21458:11580;22019:2026;22019:34731;22019:3284610;22019:3287412;22019:3377924;22019:50793479;22022:102274034;22135:31412;25935:21990;32047:93470;1628366:30915;1628665:92012;13394971:30993;13529646:117906617;13529746:31730;13539026:3548306,2,2012-08-08,2012,8,2,2,21458:11580;22019:2026;22019:34731;22019:3284610;22019:3287412;22019:3377924;22019:50793479;22022:102274034;22135:31412;25935:21990;32047:93470;1628366:30915;1628665:92012;13394971:30993;13529646:117906617;13529746:31730;13539026:3548306,,1.0,2006-08-01,2006,8
2020687907,36738468079,50003700,28,21458:3420090;123033575:263419534;123273479:47229;21475:135183931;3139975:30794,1,2014-05-13,2014,5,1,1,21458:3420090;123033575:263419534;123273479:47229;21475:135183931;3139975:30794,20120704.0,0.0,2012-07-04,2012,7
55875510,37278421412,50013207,50008168,1628665:29778;22019:34731;22019:2026;22019:50793479;22019:3287412;22019:3377924;22019:2375;25935:21991,1,2014-02-21,2014,2,4,1,1628665:29778;22019:34731;22019:2026;22019:50793479;22019:3287412;22019:3377924;22019:2375;25935:21991,20120803.0,0.0,2012-08-03,2012,8
60387171,35323826536,50018831,50014815,21458:28589;1628672:338369535;114811788:22766362;123923464:29774;25935:51746;7250727:3218944;33337:321398229;22757:29230;122218054:22766362;122217774:3248841,1,2015-01-27,2015,1,1,1,21458:28589;1628672:338369535;114811788:22766362;123923464:29774;25935:51746;7250727:3218944;33337:321398229;22757:29230;122218054:22766362;122217774:3248841,20130216.0,1.0,2013-02-16,2013,2
85942387,16020062354,50010566,50008168,21458:10382509;1633959:3236041;25935:21991;1628665:3233941;1628665:3233942;1628665:3233939;22019:3265977;22019:3248884;22019:3340598;32047:93471;1628348:11468;3988915:104912;2904342:30905;8151548:106665;1628366:30916;13394971:21671;13395135:21671;1627349:114518,1,2013-07-27,2013,7,5,1,21458:10382509;1633959:3236041;25935:21991;1628665:3233941;1628665:3233942;1628665:3233939;22019:3265977;22019:3248884;22019:3340598;32047:93471;1628348:11468;3988915:104912;2904342:30905;8151548:106665;1628366:30916;13394971:21671;13395135:21671;1627349:114518,20121226.0,0.0,2012-12-26,2012,12
98246781,42687826427,50010544,50008168,25935:21990;1628665:3233940;1628665:29799;122217801:2026;122217801:50793479;122217801:3287412;122217801:3377924;122217801:2375;122217801:28232;32047:93471;122218020:46055;33069:104912;22121:117257297;22066:3269223;22061:30912;13510285:3450338;6863019:3269149;21458:32114552,1,2015-01-16,2015,1,4,1,25935:21990;1628665:3233940;1628665:29799;122217801:2026;122217801:50793479;122217801:3287412;122217801:3377924;122217801:2375;122217801:28232;32047:93471;122218020:46055;33069:104912;22121:117257297;22066:3269223;22061:30912;13510285:3450338;6863019:3269149;21458:32114552,20120618.0,1.0,2012-06-18,2012,6
139879121,38771009347,121404037,28,21458:3602856;1628665:3233941;1628665:3233942;1628665:3233939;1628665:92012;1628665:29790;1628665:31614;1628665:61550;1628665:3233940;1628665:3233936;1628665:3233937;1628665:29798;1628665:29778;1628665:3233938;1628665:82340;1628665:29787;1628665:29784;1628665:29793;1628665:131622;1628665:29796;21475:385579823;29275545:603562017,1,2014-05-28,2014,5,2,1,21458:3602856;1628665:3233941;1628665:3233942;1628665:3233939;1628665:92012;1628665:29790;1628665:31614;1628665:61550;1628665:3233940;1628665:3233936;1628665:3233937;1628665:29798;1628665:29778;1628665:3233938;1628665:82340;1628665:29787;1628665:29784;1628665:29793;1628665:131622;1628665:29796;21475:385579823;29275545:603562017,,1.0,2004-06-22,2004,6
123044613,7686784451,50013076,28,21475:114227;12343846:45303;11684888:104528258;21458:6586077,1,2012-09-11,2012,9,1,1,21475:114227;12343846:45303;11684888:104528258;21458:6586077,20111210.0,1.0,2011-12-10,2011,12
883158198,22487867606,50010542,50008168,21458:30992;1633959:4154377;25935:31381;1628665:3233941;1628665:3233942;1628665:3233939;1628665:92012;1628665:29790;1628665:31614;1628665:61550;1628665:3233940;1628665:3233936;1628665:3233937;1628665:29798;1628665:29778;1628665:3233938;1628665:82340;1628665:29787;1628665:29784;1628665:29793;1628665:131622;1628665:29796;1628665:133527;22019:3228688;22019:3265977;22019:3248884;22019:3340598;32047:93471;1628366:30916;1627349:36783665;8151548:106665;3988915:104912;13394971:30993;2919706:11580;13395135:33213,1,2013-10-09,2013,10,2,1,21458:30992;1633959:4154377;25935:31381;1628665:3233941;1628665:3233942;1628665:3233939;1628665:92012;1628665:29790;1628665:31614;1628665:61550;1628665:3233940;1628665:3233936;1628665:3233937;1628665:29798;1628665:29778;1628665:3233938;1628665:82340;1628665:29787;1628665:29784;1628665:29793;1628665:131622;1628665:29796;1628665:133527;22019:3228688;22019:3265977;22019:3248884;22019:3340598;32047:93471;1628366:30916;1627349:36783665;8151548:106665;3988915:104912;13394971:30993;2919706:11580;13395135:33213,20130610.0,1.0,2013-06-10,2013,6
266966105,16438641476,50012451,50008168,21458:3421228;1628665:3233939;1628665:29790;1628665:31614;1628665:3233936;1628665:29778;1628665:3233938;1628665:29782;22019:3248884;22019:34731;22019:2026;22019:50793479;33030:29800;1628324:3473865;1628324:3229496,1,2013-10-09,2013,10,2,1,21458:3421228;1628665:3233939;1628665:29790;1628665:31614;1628665:3233936;1628665:29778;1628665:3233938;1628665:29782;22019:3248884;22019:34731;22019:2026;22019:50793479;33030:29800;1628324:3473865;1628324:3229496,,1.0,2008-10-13,2008,10
502828062,9869585664,50012360,122650008,21458:19296566;1628665:3233941;1628665:82340;1628665:131622;1628665:29799;22007:30382;22007:30384;22007:30386;22007:30388;22007:30390;22007:30392;1628366:32799;8185014:3228727;8185017:31691;21972:29855;8185016:135739;8185021:31415;8185020:14466340;25935:21991;39124336:29857;1633959:5150397;2397831:16560972,1,2013-10-05,2013,10,5,1,21458:19296566;1628665:3233941;1628665:82340;1628665:131622;1628665:29799;22007:30382;22007:30384;22007:30386;22007:30388;22007:30390;22007:30392;1628366:32799;8185014:3228727;8185017:31691;21972:29855;8185016:135739;8185021:31415;8185020:14466340;25935:21991;39124336:29857;1633959:5150397;2397831:16560972,20111017.0,1.0,2011-10-17,2011,10
85390387,21576648427,50012835,50014815,21458:21910;5298984:42737432;1628665:29796;1628665:29793;1628665:29784;122451853:6474327;1628149:110568,1,2014-07-29,2014,7,1,1,21458:21910;5298984:42737432;1628665:29796;1628665:29793;1628665:29784;122451853:6474327;1628149:110568,,0.0,2003-09-09,2003,9
322204938,17807792203,50023591,50022520,21458:86105006;1628665:133527;1628665:29799;21967:29841;11697064:119686;11697039:72203476;22334:30915;8151548:29800,1,2013-02-09,2013,2,5,1,21458:86105006;1628665:133527;1628665:29799;21967:29841;11697064:119686;11697039:72203476;22334:30915;8151548:29800,20130626.0,0.0,2013-06-26,2013,6
745559711,17980610442,50006602,50008168,30497:30035;1628665:131622;1628665:29796;1628665:133527;1628665:29785;1628665:29782;1628324:3473865,1,2013-08-29,2013,8,3,1,30497:30035;1628665:131622;1628665:29796;1628665:133527;1628665:29785;1628665:29782;1628324:3473865,20130217.0,1.0,2013-02-17,2013,2
63157165,37655675532,50012451,50008168,21458:91586564;13023209:3472818;22009:29800;122217803:30914;21477:28695579;21477:4069612;25935:31381;13512069:40366865;21475:61944851;21475:20145005;21475:234713719;1628665:29778;1628665:131622;122217801:3238327;122217801:3228688;122217801:3265977;122217801:3340598;122217801:34731;122217801:2026;122217801:50793479;122217801:3287412;122217801:3377924,1,2014-04-01,2014,4,1,1,21458:91586564;13023209:3472818;22009:29800;122217803:30914;21477:28695579;21477:4069612;25935:31381;13512069:40366865;21475:61944851;21475:20145005;21475:234713719;1628665:29778;1628665:131622;122217801:3238327;122217801:3228688;122217801:3265977;122217801:3340598;122217801:34731;122217801:2026;122217801:50793479;122217801:3287412;122217801:3377924,20110809.0,1.0,2011-08-09,2011,8
80014536,15046969968,50015969,50014815,21458:150320520;19210107:106467;19210108:85955;1628665:3233941,1,2012-08-31,2012,8,4,1,21458:150320520;19210107:106467;19210108:85955;1628665:3233941,20120615.0,1.0,2012-06-15,2012,6
1635254677,35016114923,50008856,28,1628665:3233942;11941602:30996834;21475:275708185;13023209:5962304;21458:59771162;29300275:5962304;2397831:16560944,1,2014-03-23,2014,3,6,1,1628665:3233942;11941602:30996834;21475:275708185;13023209:5962304;21458:59771162;29300275:5962304;2397831:16560944,20130123.0,1.0,2013-01-23,2013,1
16031078,14738743406,50010555,50008168,21458:138443964;17006398:45258813;13023209:46527077;25935:31381;1628665:29778;1628665:29782;1628665:29796;1628665:29784;1628665:29787;1628665:3233939;1628665:3233942;1628665:3233941;122217801:3275004;122217801:3261251;122217801:3238327;122217801:3228688;122277773:38363838;32047:93471;22066:30993;122217803:30916;22009:3228791;33069:104912;1628348:3229645;122217806:30902,1,2014-11-23,2014,11,6,1,21458:138443964;17006398:45258813;13023209:46527077;25935:31381;1628665:29778;1628665:29782;1628665:29796;1628665:29784;1628665:29787;1628665:3233939;1628665:3233942;1628665:3233941;122217801:3275004;122217801:3261251;122217801:3238327;122217801:3228688;122277773:38363838;32047:93471;22066:30993;122217803:30916;22009:3228791;33069:104912;1628348:3229645;122217806:30902,20120325.0,0.0,2012-03-25,2012,3
59441576,17923074128,50012364,122650008,1628665:3233941;1628665:3233942;1628665:3233939;1628665:92012;22007:30377;22007:30378;22007:30379;22007:30380;22007:30381;22007:30382;25935:31381;21458:3383439;6625739:22638620;2397831:16560944,1,2013-04-26,2013,4,4,1,1628665:3233941;1628665:3233942;1628665:3233939;1628665:92012;22007:30377;22007:30378;22007:30379;22007:30380;22007:30381;22007:30382;25935:31381;21458:3383439;6625739:22638620;2397831:16560944,20100223.0,1.0,2010-02-23,2010,2
1108310267,21302907272,50015913,28,21458:27710065;1633959:131253707;36298236:7574132;1628665:3233938;1628665:29793;1628665:29796;1628665:29782;21475:137325,1,2014-02-10,2014,2,0,1,21458:27710065;1633959:131253707;36298236:7574132;1628665:3233938;1628665:29793;1628665:29796;1628665:29782;21475:137325,20131002.0,1.0,2013-10-02,2013,10
486110123,17491816827,250822,28,1628665:3233941;1628665:3233942;1628665:3233939;1628665:92012;1628665:29790;1628665:31614;1628665:61550;1628665:3233940;1628665:3233936;1628665:3233937;1628665:29798;1628665:29778;1628665:3233938;1628665:82340;1628665:29787;1628665:29784;1628665:29793;1628665:131622;1628665:29796;1628665:133527;1628665:108579;1628665:29785;1628665:29782;1628665:29799;21475:21793;2397831:40203,25,2013-05-11,2013,5,5,13,1628665:3233941;1628665:3233942;1628665:3233939;1628665:92012;1628665:29790;1628665:31614;1628665:61550;1628665:3233940;1628665:3233936;1628665:3233937;1628665:29798;1628665:29778;1628665:3233938;1628665:82340;1628665:29787;1628665:29784;1628665:29793;1628665:131622;1628665:29796;1628665:133527;1628665:108579;1628665:29785;1628665:29782;1628665:29799;21475:21793;2397831:40203,20140602.0,0.0,2014-06-02,2014,6
592767759,37471458146,121470030,50014815,21458:203132329;1628665:3233942;1628665:29778;13023209:3270853,1,2014-07-28,2014,7,0,1,21458:203132329;1628665:3233942;1628665:29778;13023209:3270853,20140824.0,1.0,2014-08-24,2014,8
101415002,17624741051,50006602,50008168,30497:21985;30498:46160;1628665:3233941;1628665:3233942;1628665:3233939;1628665:92012;1628665:29790;1628665:31614;1628665:61550;1628324:3473865;1628324:3229496;1628324:38368874;1628366:32799;25935:21991,1,2014-02-08,2014,2,5,1,30497:21985;30498:46160;1628665:3233941;1628665:3233942;1628665:3233939;1628665:92012;1628665:29790;1628665:31614;1628665:61550;1628324:3473865;1628324:3229496;1628324:38368874;1628366:32799;25935:21991,20120315.0,0.0,2012-03-15,2012,3
30595206,41281557093,50010557,50008168,21458:543823759;13023209:702019757;25935:21991;1627368:3218565;122217965:3227750;22066:29563;33069:104912;22121:30905;22061:30912;1628348:11468;32047:93470;22119:30902;1628665:3233938;1628665:29784;1628665:29799;122217801:3340598;122217801:34731;122217801:2026;122217801:50793479;122217801:3287412,1,2014-10-24,2014,10,4,1,21458:543823759;13023209:702019757;25935:21991;1627368:3218565;122217965:3227750;22066:29563;33069:104912;22121:30905;22061:30912;1628348:11468;32047:93470;22119:30902;1628665:3233938;1628665:29784;1628665:29799;122217801:3340598;122217801:34731;122217801:2026;122217801:50793479;122217801:3287412,,0.0,2007-09-18,2007,9
235795692,36648339381,50008875,28,1628665:3233941;1628665:29790;11945665:21671;11684888:11468;21475:135183931;13023209:111950196;2397831:40203,1,2014-05-17,2014,5,5,1,1628665:3233941;1628665:29790;11945665:21671;11684888:11468;21475:135183931;13023209:111950196;2397831:40203,20130425.0,0.0,2013-04-25,2013,4
58666247,20434808888,50012387,50022520,21458:3464292;1628665:29782;1628665:29785;1628665:29790;21967:29841;2397831:16560972;22021:3834909;34911:45028;1628348:3229644;22128:31158;1627349:140223;22122:29563;22119:37467202,1,2013-10-23,2013,10,2,1,21458:3464292;1628665:29782;1628665:29785;1628665:29790;21967:29841;2397831:16560972;22021:3834909;34911:45028;1628348:3229644;22128:31158;1627349:140223;22122:29563;22119:37467202,20140307.0,0.0,2014-03-07,2014,3
748181531,17123541393,50016706,50022520,1628665:3233939;1628665:92012;1628665:29787;1628665:29784;21967:29774;21967:29775;21967:29776;122218232:7137359;122218233:53042414;5316831:7106884;22135:31410;122218237:21671;21479:29800;22061:30912;21477:22516235;122218046:117230,1,2014-04-29,2014,4,1,1,1628665:3233939;1628665:92012;1628665:29787;1628665:29784;21967:29774;21967:29775;21967:29776;122218232:7137359;122218233:53042414;5316831:7106884;22135:31410;122218237:21671;21479:29800;22061:30912;21477:22516235;122218046:117230,20140722.0,1.0,2014-07-22,2014,7
702647816,37368848270,50008845,28,21458:39291987;13023209:23506;17748482:23506;11684888:11468;21475:275708185;1628665:3233941;1628665:3233942;1628665:3233939;1628665:92012;1628665:29790;1628665:31614;1628665:61550;1628665:3233940;1628665:3233936;1628665:3233937;1628665:29798;1628665:29778;1628665:3233938;1628665:82340;1628665:29787;1628665:29784;1628665:29793;1628665:131622;1628665:29796;1628665:133527;1628665:108579;1628665:29785;1628665:29782;1628665:29799,1,2015-01-04,2015,1,6,1,21458:39291987;13023209:23506;17748482:23506;11684888:11468;21475:275708185;1628665:3233941;1628665:3233942;1628665:3233939;1628665:92012;1628665:29790;1628665:31614;1628665:61550;1628665:3233940;1628665:3233936;1628665:3233937;1628665:29798;1628665:29778;1628665:3233938;1628665:82340;1628665:29787;1628665:29784;1628665:29793;1628665:131622;1628665:29796;1628665:133527;1628665:108579;1628665:29785;1628665:29782;1628665:29799,20140322.0,1.0,2014-03-22,2014,3
154930665,27262968502,50006602,50008168,21458:101745599;1633959:335296282;30497:21986;30498:30690;1628366:32799;25935:21991;1628665:3233942;1628665:29787;1628665:29784;1628665:29793;1628665:131622;1628665:29796;1628665:29785;1628665:29799;1628324:3473865;1628324:3229496;1628324:38368874,1,2013-10-09,2013,10,2,1,21458:101745599;1633959:335296282;30497:21986;30498:30690;1628366:32799;25935:21991;1628665:3233942;1628665:29787;1628665:29784;1628665:29793;1628665:131622;1628665:29796;1628665:29785;1628665:29799;1628324:3473865;1628324:3229496;1628324:38368874,20110218.0,0.0,2011-02-18,2011,2
1921509424,38404276502,50012449,50008168,21458:30992;1628665:3233941;1628665:3233942;1628665:3233939;1628665:92012;1628665:29790;1628665:31614;1628665:61550;1628665:3233940;1628665:3233936;1628665:3233937;1628665:29798;1628665:29778;1628665:3233938;1628665:82340;1628665:29787;1628665:29784;1628665:29793;1628665:131622;1628665:29796;1628665:133527;1628665:108579;1628665:29785;1628665:29782;1628665:29799;25935:31381;122217801:3238327;22009:29800;13023209:23506;23378:3261072,1,2014-04-24,2014,4,3,1,21458:30992;1628665:3233941;1628665:3233942;1628665:3233939;1628665:92012;1628665:29790;1628665:31614;1628665:61550;1628665:3233940;1628665:3233936;1628665:3233937;1628665:29798;1628665:29778;1628665:3233938;1628665:82340;1628665:29787;1628665:29784;1628665:29793;1628665:131622;1628665:29796;1628665:133527;1628665:108579;1628665:29785;1628665:29782;1628665:29799;25935:31381;122217801:3238327;22009:29800;13023209:23506;23378:3261072,20130531.0,1.0,2013-05-31,2013,5
1075810191,36581146577,50002682,50022520,21458:69347176;13023209:28896;21490:31634;2397831:33557,1,2014-02-23,2014,2,6,1,21458:69347176;13023209:28896;21490:31634;2397831:33557,20140718.0,1.0,2014-07-18,2014,7
10923201,19166868327,50013636,50008168,21458:216291676;13023209:3336448;35044286:524239677;25935:31381;32047:93470;22135:31412;122217803:30914;22009:29800;122277569:21983;2049128:117906617;22066:30993;122277668:23751657;1628665:3233942;1628665:29790;1628665:31614;1628665:3233940;1628665:3233936;1628665:3233937;1628665:29798;1628665:3233938;1628665:82340;1628665:29784;1628665:131622;1628665:29796;1628665:108579;1628665:29785;122217801:34731;122217801:2026;122217801:50793479;122217801:3287412;122217801:3377924;122217801:2375,1,2014-03-28,2014,3,4,1,21458:216291676;13023209:3336448;35044286:524239677;25935:31381;32047:93470;22135:31412;122217803:30914;22009:29800;122277569:21983;2049128:117906617;22066:30993;122277668:23751657;1628665:3233942;1628665:29790;1628665:31614;1628665:3233940;1628665:3233936;1628665:3233937;1628665:29798;1628665:3233938;1628665:82340;1628665:29784;1628665:131622;1628665:29796;1628665:108579;1628665:29785;122217801:34731;122217801:2026;122217801:50793479;122217801:3287412;122217801:3377924;122217801:2375,20110830.0,1.0,2011-08-30,2011,8
113243127,19048924386,50024235,28,21458:3864886;29161562:3808202;11684888:104528258;1628665:108579;21475:137325,1,2013-06-05,2013,6,2,1,21458:3864886;29161562:3808202;11684888:104528258;1628665:108579;21475:137325,20110226.0,0.0,2011-02-26,2011,2
165283246,40132178686,50013636,50008168,21458:10066090;22009:29801;22022:110150624;22066:29563;22135:31410;25935:31381;32047:93471;2049128:117906617;13652475:8371816;122217803:30916;122277569:21983;122277668:21984;1628665:3233942;1628665:29790;1628665:3233936;1628665:3233937;1628665:29778;1628665:29793;1628665:131622;122217801:125938;122217801:3248884;122217801:3284610;122217801:34731;122217801:3340598;122217801:2026,1,2015-01-13,2015,1,1,1,21458:10066090;22009:29801;22022:110150624;22066:29563;22135:31410;25935:31381;32047:93471;2049128:117906617;13652475:8371816;122217803:30916;122277569:21983;122277668:21984;1628665:3233942;1628665:29790;1628665:3233936;1628665:3233937;1628665:29778;1628665:29793;1628665:131622;122217801:125938;122217801:3248884;122217801:3284610;122217801:34731;122217801:3340598;122217801:2026,20131104.0,1.0,2013-11-04,2013,11
406365709,25411420301,50006602,50008168,10984217:30035;1628665:3233941;1628665:3233942;1628665:3233939;1628665:92012;1628665:29790;1628665:31614;1628665:61550;1628665:3233940;1628665:3233937;1628665:29799;21475:9319927;21475:7202757;21475:3472605;21475:3473865;21967:29841;122217803:30914;25935:31381,1,2014-05-30,2014,5,4,1,10984217:30035;1628665:3233941;1628665:3233942;1628665:3233939;1628665:92012;1628665:29790;1628665:31614;1628665:61550;1628665:3233940;1628665:3233937;1628665:29799;21475:9319927;21475:7202757;21475:3472605;21475:3473865;21967:29841;122217803:30914;25935:31381,20130608.0,0.0,2013-06-08,2013,6
15108904,36234619723,50006602,50008168,10984217:46154;1628665:92012;1628665:29790;1628665:31614;1628665:61550;1628665:3233940;1628665:3233936;1628665:3233937;1628665:29798;1628665:29778;1628665:3233938;1628665:29796;1628665:133527;1628665:108579;1628665:29782;1628665:29799;21475:9319927;21475:7202757;21475:3472605;21475:3473865;21475:3229496;21475:38368874,1,2014-11-13,2014,11,3,1,10984217:46154;1628665:92012;1628665:29790;1628665:31614;1628665:61550;1628665:3233940;1628665:3233936;1628665:3233937;1628665:29798;1628665:29778;1628665:3233938;1628665:29796;1628665:133527;1628665:108579;1628665:29782;1628665:29799;21475:9319927;21475:7202757;21475:3472605;21475:3473865;21475:3229496;21475:38368874,20121214.0,1.0,2012-12-14,2012,12
697241495,15838328461,50012359,122650008,1628665:61550;1628665:3233940;1628665:29778;1628665:3233938;1628665:29784;1628665:29782;22007:30386;22007:30387;22007:30388;22007:30389;22007:30390;22007:30391;22007:30392;22007:30393;22007:30394;22007:30395;22007:30396;22007:30397;22007:30398;22007:30399;22007:30400;22007:30338;1628366:3230095;8185016:31619;23654:22101;7222700:139386;25935:21991;25935:21990;25935:31381;21458:32013388;1633959:3550062,1,2013-04-11,2013,4,3,1,1628665:61550;1628665:3233940;1628665:29778;1628665:3233938;1628665:29784;1628665:29782;22007:30386;22007:30387;22007:30388;22007:30389;22007:30390;22007:30391;22007:30392;22007:30393;22007:30394;22007:30395;22007:30396;22007:30397;22007:30398;22007:30399;22007:30400;22007:30338;1628366:3230095;8185016:31619;23654:22101;7222700:139386;25935:21991;25935:21990;25935:31381;21458:32013388;1633959:3550062,20100517.0,0.0,2010-05-17,2010,5
692815952,41054973614,50012359,122650008,21458:21599;1628665:29778;1628665:29784;1628665:29782;1628665:29799;22007:30385;22007:30386;22007:30387;22007:30388;22007:30389;22007:30390;22007:30391;22007:30392;22007:30393;22007:30394;22007:30395;22007:30396;22007:30397;22007:30398;22007:30399;22007:30400;22007:30338;122217803:30914;124129949:31540;122218021:31619;23654:121090;25935:21991;25935:21990;122277820:18340619;13023209:693493464,1,2014-09-20,2014,9,5,1,21458:21599;1628665:29778;1628665:29784;1628665:29782;1628665:29799;22007:30385;22007:30386;22007:30387;22007:30388;22007:30389;22007:30390;22007:30391;22007:30392;22007:30393;22007:30394;22007:30395;22007:30396;22007:30397;22007:30398;22007:30399;22007:30400;22007:30338;122217803:30914;124129949:31540;122218021:31619;23654:121090;25935:21991;25935:21990;122277820:18340619;13023209:693493464,20130714.0,1.0,2013-07-14,2013,7
30438040,15533087731,50013207,50008168,1628665:3233941;1628665:3233942;1628665:3233939;1628665:92012;1628665:29790;2904342:30905;22019:3228688;22019:3265977;22019:3248884;22019:3340598;25935:31381;1633959:3474551;32047:93471;8151548:29800;13394971:30993;13395135:33213;13512632:68089,1,2012-07-24,2012,7,1,1,1628665:3233941;1628665:3233942;1628665:3233939;1628665:92012;1628665:29790;2904342:30905;22019:3228688;22019:3265977;22019:3248884;22019:3340598;25935:31381;1633959:3474551;32047:93471;8151548:29800;13394971:30993;13395135:33213;13512632:68089,,0.0,2003-10-17,2003,10
50168231,35640867251,50015146,28,21475:137325,1,2013-11-21,2013,11,3,1,21475:137325,,0.0,2009-04-28,2009,4
346883797,5774771230,50006521,50014815,21458:4192454;1633959:3739509,10,2013-01-11,2013,1,4,10,21458:4192454;1633959:3739509,20120328.0,0.0,2012-03-28,2012,3
35009662,19029831028,50010555,50008168,21458:21599;8595719:102434466;1633959:3489448;25935:31381;1628665:3233941;1628665:3233942;22019:3228688;3783431:38363840;32047:93471;1628366:30915;8151548:29800;3988915:7197959;1628348:11468;3731658:30903,1,2013-05-08,2013,5,2,1,21458:21599;8595719:102434466;1633959:3489448;25935:31381;1628665:3233941;1628665:3233942;22019:3228688;3783431:38363840;32047:93471;1628366:30915;8151548:29800;3988915:7197959;1628348:11468;3731658:30903,20121124.0,1.0,2012-11-24,2012,11
166937481,18246384723,50012244,50014815,23119:3615594;21458:30992;1628665:61550;1628665:3233940;1628665:3233936;1628665:3233937;1628665:29798;1628665:29778;1628665:3233938;1628665:82340;1628665:29787;1628665:29784,1,2014-01-04,2014,1,5,1,23119:3615594;21458:30992;1628665:61550;1628665:3233940;1628665:3233936;1628665:3233937;1628665:29798;1628665:29778;1628665:3233938;1628665:82340;1628665:29787;1628665:29784,20130620.0,1.0,2013-06-20,2013,6
694874554,10074559658,50006097,28,1628665:3233942;1628665:29790;1628665:29798;1628665:3233938;1628665:29784;1628665:29785;1628665:29782;5112993:132527;21475:135183931;11684888:22986;21458:12360836,1,2015-02-04,2015,2,2,1,1628665:3233942;1628665:29790;1628665:29798;1628665:3233938;1628665:29784;1628665:29785;1628665:29782;5112993:132527;21475:135183931;11684888:22986;21458:12360836,20121122.0,0.0,2012-11-22,2012,11
929851,15450068504,50018615,38,21458:3270826;21475:108283;6941953:21799;6933666:4421827;33595:16453265;6933553:106727,7,2012-08-28,2012,8,1,7,21458:3270826;21475:108283;6941953:21799;6933666:4421827;33595:16453265;6933553:106727,20110403.0,0.0,2011-04-03,2011,4
1087643545,17761773755,50026494,50022520,21458:9912391;1633959:236057728;11782288:11580,1,2013-07-14,2013,7,6,1,21458:9912391;1633959:236057728;11782288:11580,20130629.0,1.0,2013-06-29,2013,6
240345601,23220500950,50010555,50008168,21458:28911;8495201:28911;25935:31381;1628665:3233941;1628665:3233942;1628665:3233939;1628665:92012;1628665:29790;22019:3275004;22019:3261251;22019:3238327;3783431:38363840;32047:93471;1628366:30915;8151548:29800;3988915:7197959;1628348:11468;3731658:30903,1,2013-07-09,2013,7,1,1,21458:28911;8495201:28911;25935:31381;1628665:3233941;1628665:3233942;1628665:3233939;1628665:92012;1628665:29790;22019:3275004;22019:3261251;22019:3238327;3783431:38363840;32047:93471;1628366:30915;8151548:29800;3988915:7197959;1628348:11468;3731658:30903,20130413.0,1.0,2013-04-13,2013,4
33702305,40517200867,50018831,50014815,21458:121876159;14101819:667039952;139264218:553375966;123923464:29775;25935:51746;7250727:3218944;33337:45388404;22757:29230;122217774:44947,2,2014-11-03,2014,11,0,2,21458:121876159;14101819:667039952;139264218:553375966;123923464:29775;25935:51746;7250727:3218944;33337:45388404;22757:29230;122217774:44947,20130318.0,0.0,2013-03-18,2013,3
241837911,20248930866,50011993,28,21458:36861313;1633959:322534304;1628862:3241136;1628861:3251270;32959:104026;31367:82126;3989193:31542;3989126:3726638;11684888:104528258;21475:137325;1628665:29784;1628665:3233941;1628665:3233942;1628665:3233939;1628665:92012;1628665:29790;1628665:31614;32549:26762606;32549:99061;32549:99060,1,2013-10-20,2013,10,6,1,21458:36861313;1633959:322534304;1628862:3241136;1628861:3251270;32959:104026;31367:82126;3989193:31542;3989126:3726638;11684888:104528258;21475:137325;1628665:29784;1628665:3233941;1628665:3233942;1628665:3233939;1628665:92012;1628665:29790;1628665:31614;32549:26762606;32549:99061;32549:99060,20121225.0,0.0,2012-12-25,2012,12
83942488,36873348815,50012431,50014815,21458:4435058;1633959:3227805;2397831:16561212;6851446:46160;6851445:33553046;1628665:3233941;1628665:3233942;1628665:3233939;1628665:3233938;1628665:82340;1628665:29787;1628665:108579;1628665:29785;1628665:29782;2397831:16561295;3731429:37463482;3731429:37472463;3731429:33896524;3731429:30552929;23349:3611335;23349:7540967,1,2014-01-14,2014,1,1,1,21458:4435058;1633959:3227805;2397831:16561212;6851446:46160;6851445:33553046;1628665:3233941;1628665:3233942;1628665:3233939;1628665:3233938;1628665:82340;1628665:29787;1628665:108579;1628665:29785;1628665:29782;2397831:16561295;3731429:37463482;3731429:37472463;3731429:33896524;3731429:30552929;23349:3611335;23349:7540967,20100621.0,1.0,2010-06-21,2010,6
83744798,15727837800,50013187,28,21475:11488282;11988555:59661751;11988132:7521231;11684888:104528258;21458:119991231;13849037:173528173;2397831:16561025,1,2013-02-26,2013,2,1,1,21475:11488282;11988555:59661751;11988132:7521231;11684888:104528258;21458:119991231;13849037:173528173;2397831:16561025,20120805.0,1.0,2012-08-05,2012,8
425087423,16986642032,50012442,50008168,21458:30992;23378:34726;1628665:3233941;1628665:3233942;1628665:3233939;1628665:92012;22009:29800;122217803:30915;122218066:44012;122217801:3265977;122217801:3248884;122217801:3340598;122217801:3284610;122217801:34731;122217801:125938;122217801:2026;122217801:3238422;122217801:50793479;122217801:3251926;122217801:3287412;122217801:3263874;122217801:3377924;122217801:3385599;122217801:2375;122217801:3226274;122217801:28232;122217801:112997257;122217801:112997258;122217801:112997259;122217801:112997262;122217801:112997263;122217801:112997264;122217801:75837125;122217801:112997265;122217801:112997266;122217801:112997268;25935:31381;31368:82130,1,2014-07-21,2014,7,0,1,21458:30992;23378:34726;1628665:3233941;1628665:3233942;1628665:3233939;1628665:92012;22009:29800;122217803:30915;122218066:44012;122217801:3265977;122217801:3248884;122217801:3340598;122217801:3284610;122217801:34731;122217801:125938;122217801:2026;122217801:3238422;122217801:50793479;122217801:3251926;122217801:3287412;122217801:3263874;122217801:3377924;122217801:3385599;122217801:2375;122217801:3226274;122217801:28232;122217801:112997257;122217801:112997258;122217801:112997259;122217801:112997262;122217801:112997263;122217801:112997264;122217801:75837125;122217801:112997265;122217801:112997266;122217801:112997268;25935:31381;31368:82130,20111123.0,1.0,2011-11-23,2011,11
59596068,13044166016,50007011,50008168,21458:3307249;1633959:3437177;1628665:3233942;1628665:61550;1628665:3233938;1628665:82340;1628665:29787;1628665:29784;3130834:20953716;1628324:7202757;35931:133201;2124281:12439576;25935:31381;5426651:29841;1628165:30993;8151548:29800,1,2013-04-12,2013,4,4,1,21458:3307249;1633959:3437177;1628665:3233942;1628665:61550;1628665:3233938;1628665:82340;1628665:29787;1628665:29784;3130834:20953716;1628324:7202757;35931:133201;2124281:12439576;25935:31381;5426651:29841;1628165:30993;8151548:29800,20130428.0,1.0,2013-04-28,2013,4
90961714,21415840626,50013711,50008168,21458:91586564;1633959:3367760;23181:31429;35779:131776;1628366:30916;25935:21991;8151548:29802;13394971:31379;13395135:30912;1628665:3233942;1628665:29798;1628665:29784;22019:3228688;22019:3265977;22019:3340598;22019:34731,1,2013-01-09,2013,1,2,1,21458:91586564;1633959:3367760;23181:31429;35779:131776;1628366:30916;25935:21991;8151548:29802;13394971:31379;13395135:30912;1628665:3233942;1628665:29798;1628665:29784;22019:3228688;22019:3265977;22019:3340598;22019:34731,20120210.0,0.0,2012-02-10,2012,2
282788237,19023455943,50006030,50022520,21458:7915350;1633959:4026311;11747508:29282;2047506:21953;2048732:104880;3732007:104582;2397831:16560972;2055177:104585;2049608:106664;1629342:30912;6619922:27180717;2049586:3218241;1628366:30915;1628665:29784;1628665:29796;21967:29774;21967:29773;21967:29772;21967:29775,1,2013-05-13,2013,5,0,1,21458:7915350;1633959:4026311;11747508:29282;2047506:21953;2048732:104880;3732007:104582;2397831:16560972;2055177:104585;2049608:106664;1629342:30912;6619922:27180717;2049586:3218241;1628366:30915;1628665:29784;1628665:29796;21967:29774;21967:29773;21967:29772;21967:29775,20101206.0,1.0,2010-12-06,2010,12
115930791,16001019378,50006602,50008168,30497:46154;30498:46160;1628665:3233941;1628324:7202757;5426651:29841;1628366:3230095;25935:31381;21458:128214526;1633959:135168,1,2013-05-11,2013,5,5,1,30497:46154;30498:46160;1628665:3233941;1628324:7202757;5426651:29841;1628366:3230095;25935:31381;21458:128214526;1633959:135168,20130519.0,0.0,2013-05-19,2013,5
647746339,39486145157,50012474,28,1628665:3233941;1628665:3233942;1628665:3233939;1628665:92012;21475:275708185,1,2014-11-12,2014,11,2,1,1628665:3233941;1628665:3233942;1628665:3233939;1628665:92012;21475:275708185,20130207.0,1.0,2013-02-07,2013,2
388415192,8484189532,50016037,28,3972079:28154;3972049:40595450,1,2012-11-21,2012,11,2,1,3972079:28154;3972049:40595450,,1.0,2009-09-18,2009,9
191039747,7984139502,50008859,28,21458:3467176;6110401:13149672;11964518:106663665;11684888:22986;21475:275708185;1628665:3233941,1,2014-12-31,2014,12,2,1,21458:3467176;6110401:13149672;11964518:106663665;11684888:22986;21475:275708185;1628665:3233941,20140709.0,0.0,2014-07-09,2014,7
137364326,41879958756,50013636,50008168,1628665:3233941;1628665:3233942;1628665:3233939;1628665:92012;1628665:29790;1628665:31614;1628665:3233936;1628665:3233937;1628665:29798;1628665:3233938;1628665:82340;1628665:29793;1628665:131622;1628665:29796;25935:31381;32047:93470;122217801:3248884;122217801:3340598;122217801:125938;122217801:50793479;122217801:138748;22135:31410;122217803:30916;22009:29800;122277569:31923;2049128:117906617;22066:31379;22022:110150624;122277668:119686;21458:350049718;140266108:19015184,1,2014-11-19,2014,11,2,1,1628665:3233941;1628665:3233942;1628665:3233939;1628665:92012;1628665:29790;1628665:31614;1628665:3233936;1628665:3233937;1628665:29798;1628665:3233938;1628665:82340;1628665:29793;1628665:131622;1628665:29796;25935:31381;32047:93470;122217801:3248884;122217801:3340598;122217801:125938;122217801:50793479;122217801:138748;22135:31410;122217803:30916;22009:29800;122277569:31923;2049128:117906617;22066:31379;22022:110150624;122277668:119686;21458:350049718;140266108:19015184,20101112.0,0.0,2010-11-12,2010,11
279185110,26285792643,50012361,122650008,1628665:3233942;1628665:92012;1628665:29796;1628665:133527;22007:30390;22007:30391;22007:30392;22007:30393;22007:30394;22007:30395;22007:30396;22007:30397;22007:30398;22007:30399;22007:30400;22007:30338;22007:30401;1628366:32799;3071908:104867;8185014:29560;8185021:125116;8185016:31619;2236228:30912;25935:21991;25935:21990;25935:31381;21458:3249720;1633959:125774;2397831:16560972,1,2013-08-21,2013,8,2,1,1628665:3233942;1628665:92012;1628665:29796;1628665:133527;22007:30390;22007:30391;22007:30392;22007:30393;22007:30394;22007:30395;22007:30396;22007:30397;22007:30398;22007:30399;22007:30400;22007:30338;22007:30401;1628366:32799;3071908:104867;8185014:29560;8185021:125116;8185016:31619;2236228:30912;25935:21991;25935:21990;25935:31381;21458:3249720;1633959:125774;2397831:16560972,,1.0,2007-08-16,2007,8
66755460,6237968940,50010555,50008168,21458:30992;25935:31381;1628665:3233941;1628665:29778;1628665:3233938;1628665:82340;1628665:29796;1628665:108579;1628665:29782;1628665:29799;122217801:3238327;122217801:3228688;122217801:3265977;122277773:38363840;32047:93470;122217803:3230095;22009:29800;33069:104880;1628348:11468;122217806:30902;35397:29773,1,2014-03-02,2014,3,6,1,21458:30992;25935:31381;1628665:3233941;1628665:29778;1628665:3233938;1628665:82340;1628665:29796;1628665:108579;1628665:29782;1628665:29799;122217801:3238327;122217801:3228688;122217801:3265977;122277773:38363840;32047:93470;122217803:3230095;22009:29800;33069:104880;1628348:11468;122217806:30902;35397:29773,20110307.0,1.0,2011-03-07,2011,3
841216238,39168664475,50018831,50014815,122217774:3340598;21458:4348502;1629846:4339941;37585763:21671;123923464:29772;123923464:29773;123923464:29774;123923464:29775;123923464:107056168;25935:51746;7250727:21892;33337:46475170;22757:28481,1,2014-10-20,2014,10,0,1,122217774:3340598;21458:4348502;1629846:4339941;37585763:21671;123923464:29772;123923464:29773;123923464:29774;123923464:29775;123923464:107056168;25935:51746;7250727:21892;33337:46475170;22757:28481,20130505.0,0.0,2013-05-05,2013,5
84890647,35673538787,50010558,50008168,21458:94702980;13023209:7912010;25935:31381;1628348:3229644;10144346:29641138;22009:21671;122217965:3227750;122217803:30916;22066:3225204;33069:104912;22061:30912;33203:3502330;1628665:29790;1628665:31614;1628665:61550;1628665:3233940;1628665:3233936;1628665:3233937;122217801:3238327;122217801:3228688;122217801:3265977;122217801:3248884;122217801:3340598;122217801:34731;32047:93470;122217973:3229394;1628306:3229398,1,2014-03-16,2014,3,6,1,21458:94702980;13023209:7912010;25935:31381;1628348:3229644;10144346:29641138;22009:21671;122217965:3227750;122217803:30916;22066:3225204;33069:104912;22061:30912;33203:3502330;1628665:29790;1628665:31614;1628665:61550;1628665:3233940;1628665:3233936;1628665:3233937;122217801:3238327;122217801:3228688;122217801:3265977;122217801:3248884;122217801:3340598;122217801:34731;32047:93470;122217973:3229394;1628306:3229398,20130228.0,1.0,2013-02-28,2013,2
95849627,18777262460,50009542,50014815,21458:32270;5325100:275389634;21489:82362;1633959:3512433;2191842:13613107;21475:114229;1628665:3233938;1628665:82340;1628665:29796;1628665:29782;21479:104453110,1,2013-08-06,2013,8,1,1,21458:32270;5325100:275389634;21489:82362;1633959:3512433;2191842:13613107;21475:114229;1628665:3233938;1628665:82340;1628665:29796;1628665:29782;21479:104453110,,0.0,2006-12-23,2006,12
58386865,39897792904,50012464,50014815,21458:30992;1628665:3233942;1628665:3233938;122218067:28619,1,2015-01-30,2015,1,4,1,21458:30992;1628665:3233942;1628665:3233938;122218067:28619,20130319.0,1.0,2013-03-19,2013,3
816959238,22706648500,50018854,38,21458:82887531;1633959:219448041;6933666:112911;6933553:106727;33595:16453265,1,2013-05-04,2013,5,5,1,21458:82887531;1633959:219448041;6933666:112911;6933553:106727;33595:16453265,20120621.0,0.0,2012-06-21,2012,6
293128525,17378981300,50012777,50014815,21458:46850;1628665:3233941;1628665:3233942;1628665:3233939;1628665:92012;1628665:29790;1628665:31614;1628665:61550;1628665:3233940;1628665:3233936;1628665:3233937;1628665:29798;1628665:29778;1628665:3233938;1628665:82340;1628665:29787;1628665:29784;1628665:29793;1628665:131622;1633959:3396700,1,2013-03-07,2013,3,3,1,21458:46850;1628665:3233941;1628665:3233942;1628665:3233939;1628665:92012;1628665:29790;1628665:31614;1628665:61550;1628665:3233940;1628665:3233936;1628665:3233937;1628665:29798;1628665:29778;1628665:3233938;1628665:82340;1628665:29787;1628665:29784;1628665:29793;1628665:131622;1633959:3396700,20130306.0,1.0,2013-03-06,2013,3
75613245,37880332798,50006602,50008168,10984217:21985;21479:106713;1628665:3233941;1628665:3233942;1628665:3233939;1628665:92012;1628665:29790;1628665:31614;21475:3473865;21475:3229496;21475:38368874;21475:19811010;122217803:30915,1,2014-03-25,2014,3,1,1,10984217:21985;21479:106713;1628665:3233941;1628665:3233942;1628665:3233939;1628665:92012;1628665:29790;1628665:31614;21475:3473865;21475:3229496;21475:38368874;21475:19811010;122217803:30915,20111122.0,1.0,2011-11-22,2011,11
78613406,17198495783,50012365,122650008,21458:6987722;1633959:3342793;1628366:30916;2397831:16561404;23346:46084;8185015:29855;8185016:31619;8185018:31686;1629233:3269393;3034215:3224847;8185021:117233;8185017:31691;2232918:14466536;25935:21991;25935:21990;25935:31381;1628665:3233941;1628665:3233942;1628665:3233939;1628665:92012;1628665:29790;1628665:31614;1628665:61550;1628665:3233940;22007:30392;22007:30393;22007:30394;22007:30395;22007:30396;22007:30397;22007:30398;22007:30399;22007:30400;23346:46085;8185016:135739;2397831:16561295,1,2012-12-16,2012,12,6,1,21458:6987722;1633959:3342793;1628366:30916;2397831:16561404;23346:46084;8185015:29855;8185016:31619;8185018:31686;1629233:3269393;3034215:3224847;8185021:117233;8185017:31691;2232918:14466536;25935:21991;25935:21990;25935:31381;1628665:3233941;1628665:3233942;1628665:3233939;1628665:92012;1628665:29790;1628665:31614;1628665:61550;1628665:3233940;22007:30392;22007:30393;22007:30394;22007:30395;22007:30396;22007:30397;22007:30398;22007:30399;22007:30400;23346:46085;8185016:135739;2397831:16561295,,1.0,2007-11-04,2007,11
48419732,4956964934,50018412,50014815,6851452:7431151;21458:8510716;7172908:125942,2,2013-05-17,2013,5,4,2,6851452:7431151;21458:8510716;7172908:125942,20100409.0,0.0,2010-04-09,2010,4
16265490,9497763160,50006602,50008168,21458:28911;30497:46155;30498:46160;1628665:29778;1628665:3233938;1628324:3473865;1628324:3229496;1628324:38368874;1628324:19811010;1628366:30915;25935:31381,2,2013-04-09,2013,4,1,2,21458:28911;30497:46155;30498:46160;1628665:29778;1628665:3233938;1628324:3473865;1628324:3229496;1628324:38368874;1628324:19811010;1628366:30915;25935:31381,,0.0,2009-12-09,2009,12
197411149,41152012097,121452056,50008168,21458:48332;1628665:29778;1628665:29796;122217801:3340598;122217801:34731;122217801:2026;122217801:3238422;122217801:50793479;122217801:3251926;122277773:31429;122217803:30914;25935:21991;22066:29563,1,2014-11-12,2014,11,2,1,21458:48332;1628665:29778;1628665:29796;122217801:3340598;122217801:34731;122217801:2026;122217801:3238422;122217801:50793479;122217801:3251926;122277773:31429;122217803:30914;25935:21991;22066:29563,20100429.0,0.0,2010-04-29,2010,4
106735420,19899285873,50018831,50014815,21458:21897;7255172:3218942;7255193:294608336;21487:29774;6798969:51746;7250727:21892;33337:3218948;9174839:3336046;33595:29230;34311491:12708906;1556:3383493,1,2013-10-10,2013,10,3,1,21458:21897;7255172:3218942;7255193:294608336;21487:29774;6798969:51746;7250727:21892;33337:3218948;9174839:3336046;33595:29230;34311491:12708906;1556:3383493,20130709.0,1.0,2013-07-09,2013,7
338773232,12726865474,50012485,50014815,21458:3305789;4859783:137592;5103676:55782;5125522:6745810;2815901:25891187,1,2012-07-22,2012,7,6,1,21458:3305789;4859783:137592;5103676:55782;5125522:6745810;2815901:25891187,20120807.0,1.0,2012-08-07,2012,8
1020368066,41101540039,50010536,50008168,21458:146852659;22061:21671;22066:30993;25935:21990;32047:93471;33069:104912;1628348:11468;13023209:3441230;115931637:36783665;122217803:3230095;122217965:3227750;1628665:3233942;1628665:29796;1628665:29782;122217801:3340598,4,2014-10-04,2014,10,5,4,21458:146852659;22061:21671;22066:30993;25935:21990;32047:93471;33069:104912;1628348:11468;13023209:3441230;115931637:36783665;122217803:3230095;122217965:3227750;1628665:3233942;1628665:29796;1628665:29782;122217801:3340598,20100601.0,1.0,2010-06-01,2010,6
143808779,38080383704,251725,28,21458:27489493;13023209:578090130;33305535:669073460;22061:9217015;14215263:53029;21479:3262142;11684888:11468;21475:275708185;1628665:3233941;1628665:3233942;1628665:3233939;1628665:92012;1628665:29790;1628665:31614;1628665:61550;1628665:3233940;1628665:3233936;1628665:3233937;1628665:29798;1628665:29778,1,2014-09-08,2014,9,0,1,21458:27489493;13023209:578090130;33305535:669073460;22061:9217015;14215263:53029;21479:3262142;11684888:11468;21475:275708185;1628665:3233941;1628665:3233942;1628665:3233939;1628665:92012;1628665:29790;1628665:31614;1628665:61550;1628665:3233940;1628665:3233936;1628665:3233937;1628665:29798;1628665:29778,20101001.0,1.0,2010-10-01,2010,10
72341311,18004159980,121394024,50008168,21458:33514;1628665:3233938;1628665:29796;1628665:29782;13023209:3345222;122217801:3261251;122217801:3238327;122217801:3228688;122217801:3265977;22009:29800;122217803:30914;21477:4195556;21477:30731631;21477:106779;21477:3979320;21477:3232480;21477:3232478;21477:30731632;21477:24927057;21477:28695579;21477:3354400;21477:4069612;25935:31381;13512069:40366865;21475:61944851;21475:20145005,1,2014-11-09,2014,11,6,1,21458:33514;1628665:3233938;1628665:29796;1628665:29782;13023209:3345222;122217801:3261251;122217801:3238327;122217801:3228688;122217801:3265977;22009:29800;122217803:30914;21477:4195556;21477:30731631;21477:106779;21477:3979320;21477:3232480;21477:3232478;21477:30731632;21477:24927057;21477:28695579;21477:3354400;21477:4069612;25935:31381;13512069:40366865;21475:61944851;21475:20145005,20140406.0,0.0,2014-04-06,2014,4
1094274418,42132824541,121394024,50008168,1628665:3233941;1628665:31614;1628665:61550;1628665:3233940;1628665:3233936;122217801:34731;122217801:2026;122217801:50793479;122217801:3287412;22009:29800;122217803:30916;21477:4195556;21477:30731631;21477:106779;21477:3979320;21477:4069612;25935:31381;13512069:48867;21475:20145005;21475:234713719;21475:493281617;21475:493281618;21458:3351062,1,2014-12-14,2014,12,6,1,1628665:3233941;1628665:31614;1628665:61550;1628665:3233940;1628665:3233936;122217801:34731;122217801:2026;122217801:50793479;122217801:3287412;22009:29800;122217803:30916;21477:4195556;21477:30731631;21477:106779;21477:3979320;21477:4069612;25935:31381;13512069:48867;21475:20145005;21475:234713719;21475:493281617;21475:493281618;21458:3351062,20130803.0,0.0,2013-08-03,2013,8
658919521,16394503918,50012245,50014815,21458:30992;1628665:3233941;1628665:3233942;1628665:3233939;1628665:92012;1628665:29790;1628665:31614;1628665:61550;1628665:3233940;1628665:3233936;1628665:3233937;1628665:29798;1628665:29778;1628665:3233938;1628665:82340;1628665:29787;1628665:29784;1628665:29793;1628665:131622;1628665:29796;1628665:29782;1628665:29799;21967:29772;21967:29773;21967:29774;21967:29775;21956:3681512,1,2014-04-05,2014,4,5,1,21458:30992;1628665:3233941;1628665:3233942;1628665:3233939;1628665:92012;1628665:29790;1628665:31614;1628665:61550;1628665:3233940;1628665:3233936;1628665:3233937;1628665:29798;1628665:29778;1628665:3233938;1628665:82340;1628665:29787;1628665:29784;1628665:29793;1628665:131622;1628665:29796;1628665:29782;1628665:29799;21967:29772;21967:29773;21967:29774;21967:29775;21956:3681512,20131014.0,0.0,2013-10-14,2013,10
689783888,4534860816,50023722,28,21458:30992;1628665:3233941;1628665:3233942;1628665:3233939;1628665:92012;11684888:11468;33969:26726008;21475:275708185;36300280:750265793,1,2015-01-09,2015,1,4,1,21458:30992;1628665:3233941;1628665:3233942;1628665:3233939;1628665:92012;11684888:11468;33969:26726008;21475:275708185;36300280:750265793,20140304.0,0.0,2014-03-04,2014,3
423008263,17767144594,50005971,50014815,3731115:52367;21458:6286567;5163550:3302951;1633959:3261072,5,2012-07-17,2012,7,1,5,3731115:52367;21458:6286567;5163550:3302951;1633959:3261072,20120812.0,1.0,2012-08-12,2012,8
606024981,21594983443,50013636,50008168,1628665:29798;1628665:29796;25935:21991;32047:93470;22019:31001;22019:34731;22019:2026;22019:50793479;22019:3287412;22019:3377924;22135:31412;1628366:32799;8151548:3309760;13529746:21983;13529646:117906618;13394971:29563;22022:102274034;13539026:21984;21458:42256;13590582:3287820,1,2013-10-09,2013,10,2,1,1628665:29798;1628665:29796;25935:21991;32047:93470;22019:31001;22019:34731;22019:2026;22019:50793479;22019:3287412;22019:3377924;22135:31412;1628366:32799;8151548:3309760;13529746:21983;13529646:117906618;13394971:29563;22022:102274034;13539026:21984;21458:42256;13590582:3287820,20140326.0,0.0,2014-03-26,2014,3
57613642,25157808743,50006820,28,21458:529577936;123045929:3413282;13023209:50793479;21475:275708185;2397831:40203;11646255:10541578;21479:28619;11684888:11468,2,2014-06-24,2014,6,1,2,21458:529577936;123045929:3413282;13023209:50793479;21475:275708185;2397831:40203;11646255:10541578;21479:28619;11684888:11468,20130720.0,0.0,2013-07-20,2013,7
21185033,15851569810,50010558,50008168,21458:157888367;1633959:185607583;25935:21991;1628348:3229644;3079382:29641138;8151548:3297582;1627349:140223;1628366:30916;13394971:30993;3988915:29447291;13395135:30912;13399649:3306112;32047:93470;1628665:3233939;1628665:92012;1628665:61550;1628665:3233938;1628665:82340;1628665:29784;22019:31001;22019:34731;22019:2026;22019:50793479;22019:3287412;22019:3377924;22019:2375;22019:28232,1,2012-11-05,2012,11,0,1,21458:157888367;1633959:185607583;25935:21991;1628348:3229644;3079382:29641138;8151548:3297582;1627349:140223;1628366:30916;13394971:30993;3988915:29447291;13395135:30912;13399649:3306112;32047:93470;1628665:3233939;1628665:92012;1628665:61550;1628665:3233938;1628665:82340;1628665:29784;22019:31001;22019:34731;22019:2026;22019:50793479;22019:3287412;22019:3377924;22019:2375;22019:28232,,1.0,2006-04-07,2006,4
1081341647,12273717040,50010236,50014815,21458:34925;3031071:3586025;1628665:3233942;1628665:3233939;1628665:92012;1628665:29790;1628665:131622;1628665:108579;1628665:29799;3091143:29821535;5434312:9742895;5434423:93697,1,2013-04-25,2013,4,3,1,21458:34925;3031071:3586025;1628665:3233942;1628665:3233939;1628665:92012;1628665:29790;1628665:131622;1628665:108579;1628665:29799;3091143:29821535;5434312:9742895;5434423:93697,20141209.0,1.0,2014-12-09,2014,12
40305507,36380970504,50013636,50008168,21458:120644504;14061094:379136427;1628665:29790;1628665:3233936;1628665:29798;1628665:133527;25935:21990;1633959:379136427;32047:93471;22019:3340598;22019:3284610;22019:34731;22019:2026;22019:50793479;22135:31412;1628366:30916;8151548:29800;13529746:21983;13529646:117906617;13394971:29563;22022:110150624;13539026:117942785,1,2013-12-13,2013,12,4,1,21458:120644504;14061094:379136427;1628665:29790;1628665:3233936;1628665:29798;1628665:133527;25935:21990;1633959:379136427;32047:93471;22019:3340598;22019:3284610;22019:34731;22019:2026;22019:50793479;22135:31412;1628366:30916;8151548:29800;13529746:21983;13529646:117906617;13394971:29563;22022:110150624;13539026:117942785,20111017.0,1.0,2011-10-17,2011,10
732541962,26523564056,50008875,28,1628665:3233941;1628665:3233942;1628665:3233939;21475:137325;21458:24572510;46237552:24572510;1633959:24572510;2397831:40203,1,2013-08-17,2013,8,5,1,1628665:3233941;1628665:3233942;1628665:3233939;21475:137325;21458:24572510;46237552:24572510;1633959:24572510;2397831:40203,20121228.0,1.0,2012-12-28,2012,12
243385,22131823066,50012442,50008168,1628665:29778;1628665:29799;8151548:29800;1627349:114518;1628366:32799;23004:44010;21967:29774;21967:29773;22019:3265977;22019:3340598;22019:34731;22019:2026;22019:112997262;25935:31381;13394971:31379;31368:82130;13395135:21671;21458:120644548;41622358:137972368;1633959:137972368,1,2013-09-02,2013,9,0,1,1628665:29778;1628665:29799;8151548:29800;1627349:114518;1628366:32799;23004:44010;21967:29774;21967:29773;22019:3265977;22019:3340598;22019:34731;22019:2026;22019:112997262;25935:31381;13394971:31379;31368:82130;13395135:21671;21458:120644548;41622358:137972368;1633959:137972368,20110710.0,0.0,2011-07-10,2011,7
10339332,13174075495,50001732,50014815,21458:3409452;3066697:92335415;2815901:92335415;21479:82242;122217802:108306;122217802:108307;122217802:108309;122217802:108310;3316668:32831462;22891:21671;1628665:29778;1628665:29798;1628665:3233937;1628665:3233938,1,2014-05-26,2014,5,0,1,21458:3409452;3066697:92335415;2815901:92335415;21479:82242;122217802:108306;122217802:108307;122217802:108309;122217802:108310;3316668:32831462;22891:21671;1628665:29778;1628665:29798;1628665:3233937;1628665:3233938,20110910.0,0.0,2011-09-10,2011,9
22775189,23946808667,50018824,38,1628149:137594;22757:29230,1,2014-03-03,2014,3,0,1,1628149:137594;22757:29230,20120419.0,0.0,2012-04-19,2012,4
726334191,18989305426,121472022,50008168,1628665:3233941;1628665:3233942;1628665:3233939;1628665:92012;1628665:29790;1628665:31614;1628665:61550;1628665:3233940;1628665:3233936;1628665:3233937;1628665:29798;1628665:29778;1628665:3233938;1628665:82340;1628665:29787;1628665:29784;1628665:29793;1628665:131622;1628665:29796;1628665:133527;1628665:108579;1628665:29785;1628665:29782;1628665:29799,1,2014-12-26,2014,12,4,1,1628665:3233941;1628665:3233942;1628665:3233939;1628665:92012;1628665:29790;1628665:31614;1628665:61550;1628665:3233940;1628665:3233936;1628665:3233937;1628665:29798;1628665:29778;1628665:3233938;1628665:82340;1628665:29787;1628665:29784;1628665:29793;1628665:131622;1628665:29796;1628665:133527;1628665:108579;1628665:29785;1628665:29782;1628665:29799,20100225.0,1.0,2010-02-25,2010,2
37050995,21297820700,50009542,50014815,21489:24122327;1628665:3233941;1628665:3233942;21458:21909;2191842:13613106;21475:108284;5229140:47142;21479:104453110;3220477:64247728,1,2013-04-29,2013,4,0,1,21489:24122327;1628665:3233941;1628665:3233942;21458:21909;2191842:13613106;21475:108284;5229140:47142;21479:104453110;3220477:64247728,20121022.0,0.0,2012-10-22,2012,10
384841734,36809658862,50018436,50014815,1628665:3233941;1628665:3233942;1628665:3233939;1628665:92012;1628665:29790;1628665:31614;1628665:61550;1628665:3233940;1628665:3233936;1628665:3233937;1628665:29798;1628665:29778;1628665:3233938;1628665:82340;1628665:29787;1628665:29784;1628665:29793;1628665:131622;1628665:29796;1628665:133527;1628665:108579;1628665:29785;1628665:29782;1628665:29799;21458:3274668,1,2014-03-15,2014,3,5,1,1628665:3233941;1628665:3233942;1628665:3233939;1628665:92012;1628665:29790;1628665:31614;1628665:61550;1628665:3233940;1628665:3233936;1628665:3233937;1628665:29798;1628665:29778;1628665:3233938;1628665:82340;1628665:29787;1628665:29784;1628665:29793;1628665:131622;1628665:29796;1628665:133527;1628665:108579;1628665:29785;1628665:29782;1628665:29799;21458:3274668,20120830.0,1.0,2012-08-30,2012,8
1062425612,14402922681,50014129,28,21458:9266870;17585771:143914063;1628665:3233941;1628665:3233942;1628665:3233939;1628665:92012;1628665:29790;1628665:31614;1628665:61550;11945782:8795791;12082847:107548441;11684888:104528258,1,2012-11-18,2012,11,6,1,21458:9266870;17585771:143914063;1628665:3233941;1628665:3233942;1628665:3233939;1628665:92012;1628665:29790;1628665:31614;1628665:61550;11945782:8795791;12082847:107548441;11684888:104528258,20120902.0,0.0,2012-09-02,2012,9
25176194,18407251501,50016704,50022520,21458:3662539;5261385:3352843;13023209:3352843;21948:52657772;5261480:114541;21479:29800;122277773:114414;122217941:31484;1629333:65092868;122218045:106713;1629341:3272628;122218049:3271277;1629337:117245;22061:47029;122218046:117230;21477:114412;122217803:3230095;22066:65007541;122509742:17632913;1628665:92012;1628665:3233938;1628665:29793;21967:31457;21967:31458;21967:31461;21967:31462;21967:31465;21967:31466;21967:31469;21967:31470;21967:31473;21967:31474;21967:82020;21967:82023;21967:82024;21967:82026;21967:82027;21967:82030;21967:82029;21967:82032;21967:82033;21967:65572652;21967:7333702;21967:75367543;21967:49249;21967:3773385;21967:51223;21967:32124145;21967:7676814,1,2014-06-09,2014,6,0,1,21458:3662539;5261385:3352843;13023209:3352843;21948:52657772;5261480:114541;21479:29800;122277773:114414;122217941:31484;1629333:65092868;122218045:106713;1629341:3272628;122218049:3271277;1629337:117245;22061:47029;122218046:117230;21477:114412;122217803:3230095;22066:65007541;122509742:17632913;1628665:92012;1628665:3233938;1628665:29793;21967:31457;21967:31458;21967:31461;21967:31462;21967:31465;21967:31466;21967:31469;21967:31470;21967:31473;21967:31474;21967:82020;21967:82023;21967:82024;21967:82026;21967:82027;21967:82030;21967:82029;21967:82032;21967:82033;21967:65572652;21967:7333702;21967:75367543;21967:49249;21967:3773385;21967:51223;21967:32124145;21967:7676814,20140913.0,1.0,2014-09-13,2014,9
1706543412,15719276440,50012451,50008168,21458:30992;1628665:92012;1628665:29796;1628665:133527;1628665:108579;1628665:29782;1628665:29799;22019:3340598;22019:34731;22019:2026;22019:50793479;33030:29800;33162:33976;25935:31381;13512069:31494;1628324:3473865;1628324:3229496,2,2013-06-05,2013,6,2,2,21458:30992;1628665:92012;1628665:29796;1628665:133527;1628665:108579;1628665:29782;1628665:29799;22019:3340598;22019:34731;22019:2026;22019:50793479;33030:29800;33162:33976;25935:31381;13512069:31494;1628324:3473865;1628324:3229496,20110105.0,1.0,2011-01-05,2011,1
864297971,15679625429,50010557,50008168,21458:30992;13023209:3898432;25935:21991;1628665:3233942;122217801:3265977;122217801:3248884;122217801:3340598;122217801:3284610;122217801:34731;32047:93471;1627368:3218564;122217965:114518;22009:106713;22066:31379;33069:104911;22121:30905;22061:30912;1628348:3229644,1,2014-07-03,2014,7,3,1,21458:30992;13023209:3898432;25935:21991;1628665:3233942;122217801:3265977;122217801:3248884;122217801:3340598;122217801:3284610;122217801:34731;32047:93471;1627368:3218564;122217965:114518;22009:106713;22066:31379;33069:104911;22121:30905;22061:30912;1628348:3229644,20130309.0,0.0,2013-03-09,2013,3
771232308,27226684376,50010558,50008168,21458:239426179;1633959:3382115;25935:21991;1628665:29784;1628665:29787;22019:3284610;22019:3287412;22019:34731;22019:50793479;22019:2026;22019:3377924;32047:93470;1628305:117133457;1628306:3229402;1628348:11468;3079382:29641138;8151548:44428977;1627349:3227750;1628366:30915;13394971:3086;3988915:7197959;13395135:33213;13399649:3315982,1,2013-09-26,2013,9,3,1,21458:239426179;1633959:3382115;25935:21991;1628665:29784;1628665:29787;22019:3284610;22019:3287412;22019:34731;22019:50793479;22019:2026;22019:3377924;32047:93470;1628305:117133457;1628306:3229402;1628348:11468;3079382:29641138;8151548:44428977;1627349:3227750;1628366:30915;13394971:3086;3988915:7197959;13395135:33213;13399649:3315982,20100415.0,0.0,2010-04-15,2010,4
171219494,13398440711,50009540,50014815,21458:3511450;3266968:152678960;2191928:3716152;2191842:13613107;5168900:6474327;5173390:3570333;21479:44208,1,2013-09-15,2013,9,6,1,21458:3511450;3266968:152678960;2191928:3716152;2191842:13613107;5168900:6474327;5173390:3570333;21479:44208,20131109.0,0.0,2013-11-09,2013,11
1720825303,37286151338,50006030,50022520,21458:70437995;13023209:548343953;2815901:3692579;122218221:105007263;22121:31375;122217806:30902;122277569:21983;33069:104880;2049128:3228816;3732007:29800;2397831:16561212;22009:104585;21479:106713;22061:14033338;22066:65007541;122217965:3218241;122217803:30915;1628665:31614;1628665:61550;1628665:3233937;1628665:3233938;1628665:82340;1628665:29787;1628665:29784;1628665:29793;1628665:29796;1628665:29785;1628665:29782;21967:29774;21967:29773;21967:29775,1,2014-04-25,2014,4,4,1,21458:70437995;13023209:548343953;2815901:3692579;122218221:105007263;22121:31375;122217806:30902;122277569:21983;33069:104880;2049128:3228816;3732007:29800;2397831:16561212;22009:104585;21479:106713;22061:14033338;22066:65007541;122217965:3218241;122217803:30915;1628665:31614;1628665:61550;1628665:3233937;1628665:3233938;1628665:82340;1628665:29787;1628665:29784;1628665:29793;1628665:29796;1628665:29785;1628665:29782;21967:29774;21967:29773;21967:29775,20140721.0,0.0,2014-07-21,2014,7
476002223,13405998671,50018831,50014815,21458:21897;7255172:3218942;7255193:54739770;21487:29774;6798969:51746;7250727:21892;33337:3218948;1556:3265977,1,2013-04-03,2013,4,2,1,21458:21897;7255172:3218942;7255193:54739770;21487:29774;6798969:51746;7250727:21892;33337:3218948;1556:3265977,20120817.0,0.0,2012-08-17,2012,8
1124076737,14835220006,50013711,50008168,21458:30992;1628665:3233941;1628665:3233942;1628665:3233939;1628665:92012;1628665:29790;1628665:31614;1628665:61550;1628665:3233940;1628665:3233936;1628665:3233937;1628665:29798;1628665:29778;1628665:3233938;1628665:82340;1628665:29787;1628665:29784;1628665:29793;1628665:131622;1628665:29796;1628665:133527;1628665:108579;22019:2026;22019:50793479;22019:3287412;22019:3377924;23181:21980;35779:131770;1628366:3230095;25935:21991;8151548:11580;13394971:31379;13395135:21671;1633959:3241927,1,2013-03-16,2013,3,5,1,21458:30992;1628665:3233941;1628665:3233942;1628665:3233939;1628665:92012;1628665:29790;1628665:31614;1628665:61550;1628665:3233940;1628665:3233936;1628665:3233937;1628665:29798;1628665:29778;1628665:3233938;1628665:82340;1628665:29787;1628665:29784;1628665:29793;1628665:131622;1628665:29796;1628665:133527;1628665:108579;22019:2026;22019:50793479;22019:3287412;22019:3377924;23181:21980;35779:131770;1628366:3230095;25935:21991;8151548:11580;13394971:31379;13395135:21671;1633959:3241927,20121013.0,0.0,2012-10-13,2012,10
10405255,10775413892,50228021,50014815,1628665:108579;21458:21906;21479:21671;122217954:21671;1628149:110568;122451853:6474327;6478880:29772;6478880:29773;6478880:29774;6478880:11580;31174030:201515649;3097674:9248293,1,2014-12-24,2014,12,2,1,1628665:108579;21458:21906;21479:21671;122217954:21671;1628149:110568;122451853:6474327;6478880:29772;6478880:29773;6478880:29774;6478880:11580;31174030:201515649;3097674:9248293,20120214.0,0.0,2012-02-14,2012,2
17830874,20447923345,50014271,50014815,21458:226481757;39697969:359041591;116439521:47371;3748803:82310,1,2014-01-15,2014,1,2,1,21458:226481757;39697969:359041591;116439521:47371;3748803:82310,20130927.0,,2013-09-27,2013,9
64093162,43674029889,50010545,50008168,21458:617198087;1628665:3233942;1628665:29778;1628665:3233938;25935:31381;122217801:3265977;122217801:3340598;122217801:34731;122217801:2026;122217801:50793479,1,2015-01-29,2015,1,3,1,21458:617198087;1628665:3233942;1628665:29778;1628665:3233938;25935:31381;122217801:3265977;122217801:3340598;122217801:34731;122217801:2026;122217801:50793479,20100816.0,1.0,2010-08-16,2010,8
854553317,41158352472,50015727,50014815,21458:33622244;13023209:696791502;21967:52368;1628665:3233942;1628665:92012;1628665:29790;1628665:61550;1628665:3233940;1628665:29798;1628665:29778;1628665:82340;1628665:29793;1628665:131622;1628665:29796;1628665:108579;1628665:29785;1628665:29782,1,2015-02-01,2015,2,6,1,21458:33622244;13023209:696791502;21967:52368;1628665:3233942;1628665:92012;1628665:29790;1628665:61550;1628665:3233940;1628665:29798;1628665:29778;1628665:82340;1628665:29793;1628665:131622;1628665:29796;1628665:108579;1628665:29785;1628665:29782,20140119.0,0.0,2014-01-19,2014,1
60392074,41822227906,121452056,50008168,21458:259477807;13023209:8344812;122277773:30902;18553309:6038344;122217803:30916;25935:21991;22009:21671;22066:21671;22061:21671;1628665:29778;1628665:29799;122217801:3340598;122217801:34731;122217801:2026;122217801:50793479;122217801:3287412,1,2014-11-08,2014,11,5,1,21458:259477807;13023209:8344812;122277773:30902;18553309:6038344;122217803:30916;25935:21991;22009:21671;22066:21671;22061:21671;1628665:29778;1628665:29799;122217801:3340598;122217801:34731;122217801:2026;122217801:50793479;122217801:3287412,20130321.0,1.0,2013-03-21,2013,3
1069860359,35373986189,50005982,50014815,21458:30992;1628665:3233941;1628665:3233942;1628665:3233939;1628665:92012;1628665:61550;1628665:3233940;1628665:3233936;11570598:106576;11570530:11580;5112560:41327493;2815901:70286334;31654:3375913;1633959:3375913;2397831:16561404,1,2014-01-01,2014,1,2,1,21458:30992;1628665:3233941;1628665:3233942;1628665:3233939;1628665:92012;1628665:61550;1628665:3233940;1628665:3233936;11570598:106576;11570530:11580;5112560:41327493;2815901:70286334;31654:3375913;1633959:3375913;2397831:16561404,20130508.0,0.0,2013-05-08,2013,5
125703503,36220244871,50007014,50008168,21458:29563;1628665:29784;1628665:29782;21475:38370767,1,2014-10-28,2014,10,1,1,21458:29563;1628665:29784;1628665:29782;21475:38370767,20120725.0,0.0,2012-07-25,2012,7
725520721,22101231843,50024787,50008168,1628665:29796;1628665:29782;25935:21990;22019:34731;22019:2026;22019:50793479;22019:3287412;22019:3377924;22019:2375;32047:93470;8151548:3309760;13395135:30912;13394971:29563;1627349:3227750;1628366:32799;3988915:104912;21458:146484399,1,2013-10-21,2013,10,0,1,1628665:29796;1628665:29782;25935:21990;22019:34731;22019:2026;22019:50793479;22019:3287412;22019:3377924;22019:2375;32047:93470;8151548:3309760;13395135:30912;13394971:29563;1627349:3227750;1628366:32799;3988915:104912;21458:146484399,20111208.0,1.0,2011-12-08,2011,12
857559826,15239002450,50006099,50014815,21458:34925;5136732:4935947;22999:43891;2815901:3240845;13023209:51763629;21475:50991830;1628665:3233941;1628665:3233942,1,2014-06-07,2014,6,5,1,21458:34925;5136732:4935947;22999:43891;2815901:3240845;13023209:51763629;21475:50991830;1628665:3233941;1628665:3233942,20131013.0,0.0,2013-10-13,2013,10
34911780,16873424587,50016240,50014815,21458:8535341;4089047:130747;4089047:15213930;4089047:8182200;4089047:11580,2,2012-08-13,2012,8,0,2,21458:8535341;4089047:130747;4089047:15213930;4089047:8182200;4089047:11580,20100302.0,1.0,2010-03-02,2010,3
1589292035,19745033946,50010544,50008168,21458:3752459;1633959:301822414;25935:31381;1628348:11468;13394971:3086;13395135:33213;13510285:3450338;1628665:3233942;1628665:3233939;1628665:92012;1628665:29790;1628665:82340;1628665:29787;1628665:29784;22019:34731;22019:2026;22019:50793479;32047:93470,1,2014-01-08,2014,1,2,1,21458:3752459;1633959:301822414;25935:31381;1628348:11468;13394971:3086;13395135:33213;13510285:3450338;1628665:3233942;1628665:3233939;1628665:92012;1628665:29790;1628665:82340;1628665:29787;1628665:29784;22019:34731;22019:2026;22019:50793479;32047:93470,20110605.0,1.0,2011-06-05,2011,6
38130097,23232564633,50011819,50022520,21458:3269219;11867603:7142503;5163602:47386;5185211:47386;5163648:15830253;5163639:54372,1,2013-12-23,2013,12,0,1,21458:3269219;11867603:7142503;5163602:47386;5185211:47386;5163648:15830253;5163639:54372,20140127.0,1.0,2014-01-27,2014,1
17431245,9757291856,50016116,38,21458:94558;33595:110208;6933666:137594;4416375:14072987;15250478:7155932,1,2012-11-11,2012,11,6,1,21458:94558;33595:110208;6933666:137594;4416375:14072987;15250478:7155932,20110115.0,0.0,2011-01-15,2011,1
51598634,12758074281,50013177,28,21458:3467176;2889340:3394564;2397831:16561212;1627584:28619;11684888:104528258;2397831:16561295;21475:11488282,1,2013-03-07,2013,3,3,1,21458:3467176;2889340:3394564;2397831:16561212;1627584:28619;11684888:104528258;2397831:16561295;21475:11488282,20110612.0,0.0,2011-06-12,2011,6
97489185,16568126633,50012245,50014815,1628665:3233941;34682:29773;34682:29774;21458:3321752;1956054:4546929,3,2013-12-05,2013,12,3,3,1628665:3233941;34682:29773;34682:29774;21458:3321752;1956054:4546929,20140429.0,1.0,2014-04-29,2014,4
734958687,17733994279,50012451,50008168,21458:79644583;1633959:243947671;33030:29800;33162:33976;3156768:4195556;3156768:30731631;3156768:106779;3156768:3979320;3156768:3232480;3156768:3232478;3156768:30731632;3156768:24927057;3156768:28695579;3156768:4069612;25935:31381;13512069:40366865;1628324:3229493;1628324:3473865;1628324:3229496;1628665:3233941;1628665:3233942;1628665:3233939;1628665:92012;1628665:29790;1628665:31614;1628665:61550;1628665:3233940;1628665:3233936;1628665:3233937;1628665:29798;1628665:29778;1628665:3233938;1628665:82340;1628665:29787;1628665:29784;1628665:29793;1628665:131622;1628665:29796;1628665:133527;1628665:108579;1628665:29785;1628665:29782;1628665:29799;22019:3275004;22019:3261251;22019:3238327;22019:3228688;22019:3265977;22019:3340598;22019:34731;22019:2026;22019:50793479,1,2013-11-11,2013,11,0,1,21458:79644583;1633959:243947671;33030:29800;33162:33976;3156768:4195556;3156768:30731631;3156768:106779;3156768:3979320;3156768:3232480;3156768:3232478;3156768:30731632;3156768:24927057;3156768:28695579;3156768:4069612;25935:31381;13512069:40366865;1628324:3229493;1628324:3473865;1628324:3229496;1628665:3233941;1628665:3233942;1628665:3233939;1628665:92012;1628665:29790;1628665:31614;1628665:61550;1628665:3233940;1628665:3233936;1628665:3233937;1628665:29798;1628665:29778;1628665:3233938;1628665:82340;1628665:29787;1628665:29784;1628665:29793;1628665:131622;1628665:29796;1628665:133527;1628665:108579;1628665:29785;1628665:29782;1628665:29799;22019:3275004;22019:3261251;22019:3238327;22019:3228688;22019:3265977;22019:3340598;22019:34731;22019:2026;22019:50793479,20120916.0,1.0,2012-09-16,2012,9
474782625,12898343737,50013175,28,21458:3467176;2868997:3495359;5151733:3495359;11684888:22986;21475:275708185;1628665:3233941,1,2014-10-09,2014,10,3,1,21458:3467176;2868997:3495359;5151733:3495359;11684888:22986;21475:275708185;1628665:3233941,20140715.0,1.0,2014-07-15,2014,7
444309931,16025522463,50012365,122650008,21458:4033507;1633959:176820074;1628366:30916;2397831:16561343;23346:46086;8185015:29855;8185016:31619;8185018:117264;1629233:14543980;3034215:21943897;8185021:31415;8185017:31691;2232918:14466535;25935:21991;1628665:3233938;1628665:29784;1628665:29799;22007:30390;22007:30391;22007:30392;22007:30393;22007:30394;22007:30395;22007:30396;22007:30397;22007:30398;22007:30399;22007:30400;22007:30338;22007:30401;22007:78118763;39124336:18340619,1,2013-08-30,2013,8,4,1,21458:4033507;1633959:176820074;1628366:30916;2397831:16561343;23346:46086;8185015:29855;8185016:31619;8185018:117264;1629233:14543980;3034215:21943897;8185021:31415;8185017:31691;2232918:14466535;25935:21991;1628665:3233938;1628665:29784;1628665:29799;22007:30390;22007:30391;22007:30392;22007:30393;22007:30394;22007:30395;22007:30396;22007:30397;22007:30398;22007:30399;22007:30400;22007:30338;22007:30401;22007:78118763;39124336:18340619,20100810.0,0.0,2010-08-10,2010,8
324693962,19416126848,50023457,28,21458:8315125;18518914:268516032;122217816:3942912;11594183:16814297;11684888:11468;1628665:92012;1628665:31614;1628665:29778;1628665:108579;21475:275708185,1,2014-08-21,2014,8,3,1,21458:8315125;18518914:268516032;122217816:3942912;11594183:16814297;11684888:11468;1628665:92012;1628665:31614;1628665:29778;1628665:108579;21475:275708185,20140219.0,0.0,2014-02-19,2014,2
72555454,12759153835,50009544,50014815,21458:3375200;11716185:3945257;5289864:46775,1,2013-01-07,2013,1,0,1,21458:3375200;11716185:3945257;5289864:46775,20120302.0,1.0,2012-03-02,2012,3
260092225,20816740935,50010538,50008168,21458:9571605;1633959:3483442;25935:21990;1628348:3229644;1627349:114518;2919054:29805;3988915:104911;13394971:3269223;2904342:30905;13395135:30912;1628366:30916;8151548:9116395;1628665:133527;22019:34731;22019:2026;22019:50793479;22019:3287412;22019:3377924;22019:2375;32047:93470,1,2014-01-14,2014,1,1,1,21458:9571605;1633959:3483442;25935:21990;1628348:3229644;1627349:114518;2919054:29805;3988915:104911;13394971:3269223;2904342:30905;13395135:30912;1628366:30916;8151548:9116395;1628665:133527;22019:34731;22019:2026;22019:50793479;22019:3287412;22019:3377924;22019:2375;32047:93470,20111005.0,1.0,2011-10-05,2011,10
111621945,37405203875,50010558,50008168,21458:243086408;13023209:4941596;25935:21990;1628348:11468;10144346:29641134;22009:21671;122217965:3218241;122217803:30915;22066:31379;33069:104880;22061:14033338;33203:3502330;1628665:3233941;1628665:3233942;1628665:3233939;1628665:92012;1628665:29790;1628665:31614;1628665:61550;1628665:3233940;1628665:3233936;1628665:29798;1628665:3233938;1628665:82340;1628665:29787;1628665:29784;122217801:3265977;122217801:3340598;122217801:34731;122217801:2026;122217801:50793479;122217801:3287412;32047:93471;122217973:30363;1628306:3229402,1,2014-04-09,2014,4,2,1,21458:243086408;13023209:4941596;25935:21990;1628348:11468;10144346:29641134;22009:21671;122217965:3218241;122217803:30915;22066:31379;33069:104880;22061:14033338;33203:3502330;1628665:3233941;1628665:3233942;1628665:3233939;1628665:92012;1628665:29790;1628665:31614;1628665:61550;1628665:3233940;1628665:3233936;1628665:29798;1628665:3233938;1628665:82340;1628665:29787;1628665:29784;122217801:3265977;122217801:3340598;122217801:34731;122217801:2026;122217801:50793479;122217801:3287412;32047:93471;122217973:30363;1628306:3229402,20130809.0,1.0,2013-08-09,2013,8
687066529,38674183111,50013636,50008168,21458:178967972;28600435:21698249;1628665:29790;25935:21990;13023209:21698249;32047:93471;122217801:3340598;122217801:34731;122217801:2026;122217801:50793479;122217801:3287412;22135:31412;122217803:30915;22009:27417714;122277569:21982;2049128:117906617;22066:29563;22022:110150624;122277668:21984,1,2014-06-16,2014,6,0,1,21458:178967972;28600435:21698249;1628665:29790;25935:21990;13023209:21698249;32047:93471;122217801:3340598;122217801:34731;122217801:2026;122217801:50793479;122217801:3287412;22135:31412;122217803:30915;22009:27417714;122277569:21982;2049128:117906617;22066:29563;22022:110150624;122277668:21984,20110511.0,1.0,2011-05-11,2011,5
359601689,16383996535,50018831,50014815,21458:21897;7255172:3218942;7255193:54739770;21487:29774;6798969:51746;7250727:21892;33337:3218948,160,2012-11-05,2012,11,0,13,21458:21897;7255172:3218942;7255193:54739770;21487:29774;6798969:51746;7250727:21892;33337:3218948,20111215.0,0.0,2011-12-15,2011,12
150795260,36706144350,50013207,50008168,1628665:3233941;1628665:3233942;1628665:3233939;1628665:92012;1628665:29790;1628665:31614;1628665:61550;1628665:3233940;1628665:3233936;1628665:3233937;1628665:29798;1628665:29778;1628665:3233938;1628665:82340;1628665:29787;1628665:29784;1628665:29793;1628665:131622;1628665:29796;1628665:133527;1628665:29782;22121:30905;22019:3228688;22019:3265977;22019:3248884;22019:3340598;25935:31381;32047:93471;22009:27417714;22066:30993;1628348:11468,1,2014-02-18,2014,2,1,1,1628665:3233941;1628665:3233942;1628665:3233939;1628665:92012;1628665:29790;1628665:31614;1628665:61550;1628665:3233940;1628665:3233936;1628665:3233937;1628665:29798;1628665:29778;1628665:3233938;1628665:82340;1628665:29787;1628665:29784;1628665:29793;1628665:131622;1628665:29796;1628665:133527;1628665:29782;22121:30905;22019:3228688;22019:3265977;22019:3248884;22019:3340598;25935:31381;32047:93471;22009:27417714;22066:30993;1628348:11468,20121121.0,1.0,2012-11-21,2012,11
1133628211,35522172934,50013636,50008168,21458:186036046;28180343:3377838;1628665:3233941;1628665:3233942;1628665:3233939;1628665:92012;1628665:29790;1628665:31614;1628665:61550;1628665:3233940;1628665:3233936;1628665:29798;1628665:29778;1628665:3233938;1628665:82340;1628665:29787;1628665:29784;1628665:29793;1628665:131622;1628665:29796;1628665:133527;1628665:108579;1628665:29785;1628665:29782;25935:21990;13023209:3326392;32047:93471;22019:3228688;22019:3265977;22019:3340598;22019:34731;22135:31412;122217803:30916;22009:29801;122277569:21983;2049128:117906617;22066:30993;22022:110150624;122277668:21984,1,2014-02-18,2014,2,1,1,21458:186036046;28180343:3377838;1628665:3233941;1628665:3233942;1628665:3233939;1628665:92012;1628665:29790;1628665:31614;1628665:61550;1628665:3233940;1628665:3233936;1628665:29798;1628665:29778;1628665:3233938;1628665:82340;1628665:29787;1628665:29784;1628665:29793;1628665:131622;1628665:29796;1628665:133527;1628665:108579;1628665:29785;1628665:29782;25935:21990;13023209:3326392;32047:93471;22019:3228688;22019:3265977;22019:3340598;22019:34731;22135:31412;122217803:30916;22009:29801;122277569:21983;2049128:117906617;22066:30993;22022:110150624;122277668:21984,20120903.0,0.0,2012-09-03,2012,9
479631961,19452723965,50012375,50022520,21458:7009392;1628665:29790;1628665:31614;1628665:61550;1628665:92012;1628665:3233939;1628665:3233941;1628665:3233942;1633959:3254578;2397831:16561164;21967:29841;22021:29800;35759:30903;22131:30905;22122:29563;22123:30912;22124:30915;10296185:3227750,1,2013-04-30,2013,4,1,1,21458:7009392;1628665:29790;1628665:31614;1628665:61550;1628665:92012;1628665:3233939;1628665:3233941;1628665:3233942;1633959:3254578;2397831:16561164;21967:29841;22021:29800;35759:30903;22131:30905;22122:29563;22123:30912;22124:30915;10296185:3227750,20110725.0,0.0,2011-07-25,2011,7
277357538,19637551680,50014129,28,11945782:7813537;12082847:107548441;11684888:104528258;21475:137325;21458:153765928;20484147:231020429,1,2013-07-05,2013,7,4,1,11945782:7813537;12082847:107548441;11684888:104528258;21475:137325;21458:153765928;20484147:231020429,20120616.0,0.0,2012-06-16,2012,6
740015689,26605352858,50010558,50008168,25935:21991;1628665:3233938;1628665:29785;22019:34731;22019:2026;22019:50793479;22019:3287412;22019:3377924;22019:2375;22019:28232;22019:138749;32047:93470;1628305:3229394;1628306:3229402;1628348:3229644;3079382:29641138;8151548:29800;1627349:11462;1628366:32799;13394971:3086;3988915:7197959;13395135:33213;13399649:3315982;21458:294944119;1633959:3316273,1,2013-10-02,2013,10,2,1,25935:21991;1628665:3233938;1628665:29785;22019:34731;22019:2026;22019:50793479;22019:3287412;22019:3377924;22019:2375;22019:28232;22019:138749;32047:93470;1628305:3229394;1628306:3229402;1628348:3229644;3079382:29641138;8151548:29800;1627349:11462;1628366:32799;13394971:3086;3988915:7197959;13395135:33213;13399649:3315982;21458:294944119;1633959:3316273,20130926.0,0.0,2013-09-26,2013,9
810566789,4063063501,50011993,28,1628862:50271;1628861:3251252;32959:104027;1628665:3233938;1628665:29796;3989193:31542;3989126:3726638;32549:99201;32549:75475273;32549:75475274;32549:75475275;32549:75475276,1,2013-08-08,2013,8,3,1,1628862:50271;1628861:3251252;32959:104027;1628665:3233938;1628665:29796;3989193:31542;3989126:3726638;32549:99201;32549:75475273;32549:75475274;32549:75475275;32549:75475276,20140318.0,1.0,2014-03-18,2014,3
133595268,22373364858,50023790,28,1628665:3233941;1628665:3233942;1628665:3233939;1628665:92012;1628665:29790;1628665:31614;1628665:61550;1628665:3233940;1628665:3233936;1628665:3233937;1628665:29798;1628665:29778;1628665:3233938;11945730:125113;11945730:47034;11945730:131623;11945730:2054;11945730:48107;11945730:93943;11945730:21805;11945730:47734;11945697:107545789;21475:137325;11666049:40203,1,2013-04-27,2013,4,5,1,1628665:3233941;1628665:3233942;1628665:3233939;1628665:92012;1628665:29790;1628665:31614;1628665:61550;1628665:3233940;1628665:3233936;1628665:3233937;1628665:29798;1628665:29778;1628665:3233938;11945730:125113;11945730:47034;11945730:131623;11945730:2054;11945730:48107;11945730:93943;11945730:21805;11945730:47734;11945697:107545789;21475:137325;11666049:40203,20110919.0,1.0,2011-09-19,2011,9
1083497049,16934951160,50026467,50022520,21458:138004232;13023209:20098859;122277538:97699,1,2014-03-13,2014,3,3,1,21458:138004232;13023209:20098859;122277538:97699,20140815.0,0.0,2014-08-15,2014,8
27213666,19661743129,50013207,50008168,21458:21599;1628665:92012;1628665:29790;1628665:31614;1628665:29798;1628665:29778;1628665:29784;1628665:29785;1628665:29782;2904342:30905;22019:3340598;22019:34731;22019:2026;22019:50793479;22019:3287412;22019:3377924;25935:31381;1633959:235991932;32047:93472;13394971:30993;13395135:33213;13512632:44718;1628348:11468,1,2013-06-29,2013,6,5,1,21458:21599;1628665:92012;1628665:29790;1628665:31614;1628665:29798;1628665:29778;1628665:29784;1628665:29785;1628665:29782;2904342:30905;22019:3340598;22019:34731;22019:2026;22019:50793479;22019:3287412;22019:3377924;25935:31381;1633959:235991932;32047:93472;13394971:30993;13395135:33213;13512632:44718;1628348:11468,,0.0,2008-04-13,2008,4
345134125,15428632230,50006602,50008168,30497:21985;30498:46160;1628665:3233941;1628665:3233942;1628665:3233939;1628665:92012;1628665:29790;1628665:31614;1628665:61550;1628665:3233940;1628665:3233936;1628665:3233937;1628665:29798;1628665:29778;1628665:3233938;1628665:82340;1628665:29787;1628665:29784;1628665:29793;1628665:131622;1628665:29796;1628665:133527;1628665:108579;1628665:29785;1628665:29782;1628665:29799;1628324:3473865;1628324:3229496;1628324:38368874;1628324:19811010;5426651:29841;1628366:3230095;25935:31381,4,2012-10-31,2012,10,2,4,30497:21985;30498:46160;1628665:3233941;1628665:3233942;1628665:3233939;1628665:92012;1628665:29790;1628665:31614;1628665:61550;1628665:3233940;1628665:3233936;1628665:3233937;1628665:29798;1628665:29778;1628665:3233938;1628665:82340;1628665:29787;1628665:29784;1628665:29793;1628665:131622;1628665:29796;1628665:133527;1628665:108579;1628665:29785;1628665:29782;1628665:29799;1628324:3473865;1628324:3229496;1628324:38368874;1628324:19811010;5426651:29841;1628366:3230095;25935:31381,20130118.0,0.0,2013-01-18,2013,1
451100817,12351340442,50012360,122650008,21458:8225441;1628665:3233942;1628665:3233939;1628665:92012;1628665:29790;1633959:12346;22007:30391;22007:30392;22007:30393;22007:30394;22007:30395;22007:30396;22007:30397;22007:30398;22007:30399;22007:30400;22007:30338;1628366:32799;2397831:16560972;8185014:3228727;8185017:31691;21972:29855;8185016:31619;8185021:29667;8185020:14466340;25935:21991,1,2012-09-01,2012,9,5,1,21458:8225441;1628665:3233942;1628665:3233939;1628665:92012;1628665:29790;1633959:12346;22007:30391;22007:30392;22007:30393;22007:30394;22007:30395;22007:30396;22007:30397;22007:30398;22007:30399;22007:30400;22007:30338;1628366:32799;2397831:16560972;8185014:3228727;8185017:31691;21972:29855;8185016:31619;8185021:29667;8185020:14466340;25935:21991,20110724.0,1.0,2011-07-24,2011,7
667774265,39859536457,50012363,122650008,21458:30992;1628665:3233941;1628665:3233942;1628665:3233939;1628665:92012;1628665:29790;1628665:31614;1628665:61550;1628665:3233936;1628665:3233937;1628665:29798;1628665:29778;1628665:3233938;1628665:82340;1628665:29787;1628665:29784;1628665:29793;1628665:131622;1628665:29796;1628665:133527;1628665:108579;1628665:29785;1628665:29782;1628665:29799;22007:30376;22007:30377;22007:30378;22007:30381;22007:30382;22007:30383;22007:30384;22007:30385;22007:30386;22007:30387;122217803:30914;21948:3228727;25935:21991;25935:21990;25935:31381;122217744:4027090;2397831:16560944,1,2014-12-11,2014,12,3,1,21458:30992;1628665:3233941;1628665:3233942;1628665:3233939;1628665:92012;1628665:29790;1628665:31614;1628665:61550;1628665:3233936;1628665:3233937;1628665:29798;1628665:29778;1628665:3233938;1628665:82340;1628665:29787;1628665:29784;1628665:29793;1628665:131622;1628665:29796;1628665:133527;1628665:108579;1628665:29785;1628665:29782;1628665:29799;22007:30376;22007:30377;22007:30378;22007:30381;22007:30382;22007:30383;22007:30384;22007:30385;22007:30386;22007:30387;122217803:30914;21948:3228727;25935:21991;25935:21990;25935:31381;122217744:4027090;2397831:16560944,20131010.0,0.0,2013-10-10,2013,10
1045319175,41777738478,50010544,50008168,25935:31381;1628665:29784;1628665:29793;1628665:29796;122217801:2026;122217801:50793479;122217801:3287412;122217801:3377924;32047:93471;1628348:3229644;122218020:48960;33069:29447291;22121:31004;22066:30993;22009:114455;22061:14033338;13510285:3450338;13023209:3414605;21458:686920418,1,2014-10-29,2014,10,2,1,25935:31381;1628665:29784;1628665:29793;1628665:29796;122217801:2026;122217801:50793479;122217801:3287412;122217801:3377924;32047:93471;1628348:3229644;122218020:48960;33069:29447291;22121:31004;22066:30993;22009:114455;22061:14033338;13510285:3450338;13023209:3414605;21458:686920418,20110209.0,1.0,2011-02-09,2011,2
89781118,12745894835,50007011,50008168,21458:141403052;13023209:3234709;1628665:3233941;122217637:10907920;21475:9319927;123410248:133199;122218081:12439576;25935:31381;21967:29841;122217973:30993,1,2014-11-14,2014,11,4,1,21458:141403052;13023209:3234709;1628665:3233941;122217637:10907920;21475:9319927;123410248:133199;122218081:12439576;25935:31381;21967:29841;122217973:30993,20130112.0,1.0,2013-01-12,2013,1
2020957900,16310626305,121406041,50014815,21458:5954914;7979082:197263513,2,2014-08-29,2014,8,4,2,21458:5954914;7979082:197263513,20140430.0,0.0,2014-04-30,2014,4
102088293,10896260765,50018202,38,21458:138741;7230736:93826565;10011850:75369289;5393572:75369289;33595:44902;21475:137313;6933553:3313169;6933666:68145978,1,2012-07-23,2012,7,0,1,21458:138741;7230736:93826565;10011850:75369289;5393572:75369289;33595:44902;21475:137313;6933553:3313169;6933666:68145978,20130525.0,1.0,2013-05-25,2013,5
609791410,13447157946,50010555,50008168,21458:120468245;15434023:14713307;13023209:14713307;25935:31381;1628665:31614;1628665:3233938;1628665:82340;1628665:29787;122217801:3261251;122217801:3238327;122217801:3228688;122217801:3265977;122217801:3340598;122217801:34731;122277773:38363838;32047:93471;22066:30993;122217803:30914;22009:29800;33069:104912;1628348:11468;122217806:30902,1,2014-03-27,2014,3,3,1,21458:120468245;15434023:14713307;13023209:14713307;25935:31381;1628665:31614;1628665:3233938;1628665:82340;1628665:29787;122217801:3261251;122217801:3238327;122217801:3228688;122217801:3265977;122217801:3340598;122217801:34731;122277773:38363838;32047:93471;22066:30993;122217803:30914;22009:29800;33069:104912;1628348:11468;122217806:30902,20140220.0,1.0,2014-02-20,2014,2
397468855,17829565913,50016704,50022520,1628665:3233941;1628665:3233942;1628665:3233939;1628665:92012;1628665:29790;1628665:31614;1628665:61550;1628665:3233940;1628665:3233936;1628665:3233937;1628665:29798;1628665:29778;1628665:3233938;1628665:29787;1628665:29784;1628665:29793;1628665:131622;1628665:29796;1628665:133527;1628665:108579;1628665:29782;1628665:29799;21967:31453;21967:31454;21967:31456;21967:31457;21967:31458;21967:31460;21967:31461;21967:31462;21967:31465;21967:31466;21967:31468;21967:31469;21967:31470;21967:31472;21967:31473;21967:31474;21967:82020;21967:82021;21967:82023;21967:82024;21967:82026;21967:82027;21967:82030;21967:82029;21967:3248884;21967:82032;21967:82033;21948:52265297;5261480:114542;21479:29800;122277773:114414;122217941:10911715;1629333:3271268;122218045:106713;1629341:3272628;122218049:3271277;1629337:117245;122218046:109126;21477:114412;122217803:3230095;122509742:17632913;13023209:3358071;21458:3663370;17519991:3358071,1,2014-06-24,2014,6,1,1,1628665:3233941;1628665:3233942;1628665:3233939;1628665:92012;1628665:29790;1628665:31614;1628665:61550;1628665:3233940;1628665:3233936;1628665:3233937;1628665:29798;1628665:29778;1628665:3233938;1628665:29787;1628665:29784;1628665:29793;1628665:131622;1628665:29796;1628665:133527;1628665:108579;1628665:29782;1628665:29799;21967:31453;21967:31454;21967:31456;21967:31457;21967:31458;21967:31460;21967:31461;21967:31462;21967:31465;21967:31466;21967:31468;21967:31469;21967:31470;21967:31472;21967:31473;21967:31474;21967:82020;21967:82021;21967:82023;21967:82024;21967:82026;21967:82027;21967:82030;21967:82029;21967:3248884;21967:82032;21967:82033;21948:52265297;5261480:114542;21479:29800;122277773:114414;122217941:10911715;1629333:3271268;122218045:106713;1629341:3272628;122218049:3271277;1629337:117245;122218046:109126;21477:114412;122217803:3230095;122509742:17632913;13023209:3358071;21458:3663370;17519991:3358071,20140804.0,1.0,2014-08-04,2014,8
249709718,20135536355,50023632,50022520,21458:29427085;1633959:34734;27875797:15910739;27875798:34734;11746018:21978;11802954:105416591;2397831:16561025;22334:33553046;2049586:3349669;1628665:3233942;1628665:92012;1628665:82340;1628665:29793;1628665:131622;1628665:29782;21967:29775;21967:29776,1,2013-07-02,2013,7,1,1,21458:29427085;1633959:34734;27875797:15910739;27875798:34734;11746018:21978;11802954:105416591;2397831:16561025;22334:33553046;2049586:3349669;1628665:3233942;1628665:92012;1628665:82340;1628665:29793;1628665:131622;1628665:29782;21967:29775;21967:29776,20131120.0,1.0,2013-11-20,2013,11
275987542,41284638240,50013187,28,21458:32270;2979447:771643757;11988555:71108369;35833:114771;21475:275708185;1628665:3233941;1628665:3233942;1628665:3233939;1628665:92012;22891:106862020;22891:106862021;22891:106862022;22891:106862023;22891:57328981;22891:106862024;22891:106862025;22891:106862026;22891:89549981;22891:106862027,1,2015-01-19,2015,1,0,1,21458:32270;2979447:771643757;11988555:71108369;35833:114771;21475:275708185;1628665:3233941;1628665:3233942;1628665:3233939;1628665:92012;22891:106862020;22891:106862021;22891:106862022;22891:106862023;22891:57328981;22891:106862024;22891:106862025;22891:106862026;22891:89549981;22891:106862027,20140103.0,1.0,2014-01-03,2014,1
188600174,41460345919,50016704,50022520,1628665:3233941;1628665:3233942;1628665:3233939;1628665:92012;1628665:3233940;1628665:3233937;1628665:3233938;1628665:82340;1628665:29787;1628665:29784;1628665:29796;1628665:133527;1628665:108579;21967:3271382;21967:3271383;21967:3271384;21967:3271385;21967:58981374;21948:52657772;5261480:114541;21479:29800;122277773:114414;122217941:10911715;1629333:3271268;122218045:106713;1629341:3271303;122218046:3271316;21477:114412;122217803:3230095;22066:12343424;122509742:17632913;13023209:3371182;21458:3320136,1,2015-01-19,2015,1,0,1,1628665:3233941;1628665:3233942;1628665:3233939;1628665:92012;1628665:3233940;1628665:3233937;1628665:3233938;1628665:82340;1628665:29787;1628665:29784;1628665:29796;1628665:133527;1628665:108579;21967:3271382;21967:3271383;21967:3271384;21967:3271385;21967:58981374;21948:52657772;5261480:114541;21479:29800;122277773:114414;122217941:10911715;1629333:3271268;122218045:106713;1629341:3271303;122218046:3271316;21477:114412;122217803:3230095;22066:12343424;122509742:17632913;13023209:3371182;21458:3320136,20140121.0,1.0,2014-01-21,2014,1
116573081,22230172158,50008860,28,21458:44202814;1633959:3457714;29250178:52366;1627584:31542;2397831:16561343;11684888:104528258;1628665:29784;1628665:133527;2397831:16561404;21475:11488282,1,2013-04-22,2013,4,0,1,21458:44202814;1633959:3457714;29250178:52366;1627584:31542;2397831:16561343;11684888:104528258;1628665:29784;1628665:133527;2397831:16561404;21475:11488282,20121113.0,0.0,2012-11-13,2012,11
867476098,18721720021,50018831,50014815,21458:3316221;1629667:6866934;1828068:71038132;123923464:29775;25935:51746;7250727:3218944;33337:42923617;22757:29230;122218054:71038132,3,2014-09-23,2014,9,1,3,21458:3316221;1629667:6866934;1828068:71038132;123923464:29775;25935:51746;7250727:3218944;33337:42923617;22757:29230;122218054:71038132,20130806.0,0.0,2013-08-06,2013,8
78923188,19067790880,50013207,50008168,21458:31302704;1628665:29790;1628665:29778;1628665:3233938;2904342:30905;22019:2026;22019:50793479;22019:3287412;22019:3377924;22019:2375;22019:28232;25935:21991;1633959:284360385;32047:93470;8151548:29800;13394971:30993;13395135:30910;13512632:45026;1628348:11468,1,2013-10-01,2013,10,1,1,21458:31302704;1628665:29790;1628665:29778;1628665:3233938;2904342:30905;22019:2026;22019:50793479;22019:3287412;22019:3377924;22019:2375;22019:28232;25935:21991;1633959:284360385;32047:93470;8151548:29800;13394971:30993;13395135:30910;13512632:45026;1628348:11468,,0.0,2002-12-05,2002,12
800173649,38011223484,50013711,50008168,21458:80259091;13023209:53977013;122277773:31429;18553309:131777;122217803:30914;25935:21991;22009:29801;22066:30993;22061:30912;1628665:29796;122217801:3228688;122217801:3265977;122217801:3248884;122217801:3340598;122217801:3284610,1,2014-04-29,2014,4,1,1,21458:80259091;13023209:53977013;122277773:31429;18553309:131777;122217803:30914;25935:21991;22009:29801;22066:30993;22061:30912;1628665:29796;122217801:3228688;122217801:3265977;122217801:3248884;122217801:3340598;122217801:3284610,20130720.0,0.0,2013-07-20,2013,7
41338352,40175289795,50010548,50008168,21458:108838;13023209:654559764;122217965:3227750;25935:31381;22061:30912;22066:30993;1628348:3229644;122217803:30914;1628665:3233940;1628665:29778;1628665:3233938;1628665:133527;122217801:3265977;122217801:3340598;122217801:34731;122217801:2026,1,2015-02-05,2015,2,3,1,21458:108838;13023209:654559764;122217965:3227750;25935:31381;22061:30912;22066:30993;1628348:3229644;122217803:30914;1628665:3233940;1628665:29778;1628665:3233938;1628665:133527;122217801:3265977;122217801:3340598;122217801:34731;122217801:2026,,0.0,2008-01-30,2008,1
783992038,15974069820,50012442,50008168,21458:158296669;20648545:84575753;1628665:3233942;1633959:3889513;8151548:29800;1627349:140223;1628366:30916;23004:44012;21967:29774;21967:29773;21967:29772;21967:29775;34682:29773;34682:29774;34682:29775;34682:29776;22019:34731;22019:2026;22019:50793479;22019:3287412;22019:112997257;22019:112997258;22019:112997259;22019:112997260;22019:112997264;22019:75837125;22019:112997265;22019:112997266;25935:21991;25935:21990;25935:31381;13394971:30993;31368:27546545;13395135:30910,1,2013-02-01,2013,2,4,1,21458:158296669;20648545:84575753;1628665:3233942;1633959:3889513;8151548:29800;1627349:140223;1628366:30916;23004:44012;21967:29774;21967:29773;21967:29772;21967:29775;34682:29773;34682:29774;34682:29775;34682:29776;22019:34731;22019:2026;22019:50793479;22019:3287412;22019:112997257;22019:112997258;22019:112997259;22019:112997260;22019:112997264;22019:75837125;22019:112997265;22019:112997266;25935:21991;25935:21990;25935:31381;13394971:30993;31368:27546545;13395135:30910,,1.0,2008-07-23,2008,7
1040314082,35408076111,50012365,122650008,21458:6953764;1628665:29790;1628665:29798;1628665:29793;1628665:29785;1628665:29782;22007:30376;22007:30377;22007:30386;22007:30387;22007:30388;22007:30389;22007:30390;1628366:30916;2397831:16561212;23346:46084;8185015:18340619;8185016:31619;8185018:31686;1629233:14543986;3034215:3224847;8185017:31691;2232918:14466535;25935:21991;25935:21990;25935:31381;39124336:31536,1,2013-12-25,2013,12,2,1,21458:6953764;1628665:29790;1628665:29798;1628665:29793;1628665:29785;1628665:29782;22007:30376;22007:30377;22007:30386;22007:30387;22007:30388;22007:30389;22007:30390;1628366:30916;2397831:16561212;23346:46084;8185015:18340619;8185016:31619;8185018:31686;1629233:14543986;3034215:3224847;8185017:31691;2232918:14466535;25935:21991;25935:21990;25935:31381;39124336:31536,20120422.0,1.0,2012-04-22,2012,4
713724745,17534699048,50010557,50008168,25935:21990;1633959:188903760;1628665:29793;22019:2026;22019:50793479;22019:3287412;22019:3377924;22019:2375;32047:93470;1627368:3218566;1627349:3227750;1628432:106664;13394971:31379;3988915:7197959;2904342:30905;13395135:21671;1628348:11468,1,2013-01-02,2013,1,2,1,25935:21990;1633959:188903760;1628665:29793;22019:2026;22019:50793479;22019:3287412;22019:3377924;22019:2375;32047:93470;1627368:3218566;1627349:3227750;1628432:106664;13394971:31379;3988915:7197959;2904342:30905;13395135:21671;1628348:11468,20100424.0,0.0,2010-04-24,2010,4
186418698,9921844112,50001748,50014815,21458:50088;13023209:3889759;2397831:16560944;1628665:3233941;1628665:3233942;1628665:3233939;1628665:92012;1628665:29790;1628665:31614;1628665:61550;1628665:3233936;1628665:3233937;22066:21671,1,2014-03-24,2014,3,0,1,21458:50088;13023209:3889759;2397831:16560944;1628665:3233941;1628665:3233942;1628665:3233939;1628665:92012;1628665:29790;1628665:31614;1628665:61550;1628665:3233936;1628665:3233937;22066:21671,20120118.0,1.0,2012-01-18,2012,1
849873788,22306427962,50015399,50014815,21458:3559324;13023209:16461375;1628665:29778;1628665:3233938;1628665:29793;1628665:29796;1628665:133527;1628665:29782;22891:11580,1,2014-03-24,2014,3,0,1,21458:3559324;13023209:16461375;1628665:29778;1628665:3233938;1628665:29793;1628665:29796;1628665:133527;1628665:29782;22891:11580,20140519.0,0.0,2014-05-19,2014,5
55069180,38554350650,50012363,122650008,21458:30992;1628665:29778;22007:30376;22007:30377;22007:30378;22007:30379;22007:30380;22007:30381;122217803:30914;2397831:16560944;21948:9888862;124129949:55366;25935:21991;122217744:183656092,1,2015-01-27,2015,1,1,1,21458:30992;1628665:29778;22007:30376;22007:30377;22007:30378;22007:30379;22007:30380;22007:30381;122217803:30914;2397831:16560944;21948:9888862;124129949:55366;25935:21991;122217744:183656092,20140807.0,0.0,2014-08-07,2014,8
746338356,22783804746,50010236,50014815,21458:3409452;3038520:96261436;2815901:96261436;1628665:3233941;1628665:3233942;1628665:3233939;1628665:92012;1628665:29790;1628665:31614;1628665:61550;1628665:3233940;1628665:3233936;1628665:3233937;1628665:29798;1628665:29778;1628665:3233938;1628665:82340;3091143:29821533;5434312:9742895;5434423:93697,1,2013-08-31,2013,8,5,1,21458:3409452;3038520:96261436;2815901:96261436;1628665:3233941;1628665:3233942;1628665:3233939;1628665:92012;1628665:29790;1628665:31614;1628665:61550;1628665:3233940;1628665:3233936;1628665:3233937;1628665:29798;1628665:29778;1628665:3233938;1628665:82340;3091143:29821533;5434312:9742895;5434423:93697,20130806.0,1.0,2013-08-06,2013,8
110798294,20393276096,50013187,28,1628665:3233942;1628665:3233939;1628665:92012;1628665:29790;1628665:3233937;1628665:29798;1628665:29778;1628665:3233938;1628665:29793;1628665:131622;1628665:29796;21475:11488282;11988555:71108369;11988132:114770;11988438:106862020;11988438:106862021;11988438:106862022;11988438:106862023;11684888:104528258;21458:10594863;29340056:23506;2397831:16561025,1,2013-04-21,2013,4,6,1,1628665:3233942;1628665:3233939;1628665:92012;1628665:29790;1628665:3233937;1628665:29798;1628665:29778;1628665:3233938;1628665:29793;1628665:131622;1628665:29796;21475:11488282;11988555:71108369;11988132:114770;11988438:106862020;11988438:106862021;11988438:106862022;11988438:106862023;11684888:104528258;21458:10594863;29340056:23506;2397831:16561025,20120923.0,0.0,2012-09-23,2012,9
396311979,38600911631,50013636,50008168,21458:368115785;13023209:8162177;122765947:29283;25935:21991;32047:93471;22135:31412;122217803:30915;22009:29800;122277569:31730;2049128:117906617;22066:30993;22022:110150624;122277668:23751657;1628665:29778;1628665:29793;1628665:29796;1628665:29782;122217801:3265977;122217801:3248884;122217801:3340598;122217801:3284610;122217801:34731,1,2014-05-20,2014,5,1,1,21458:368115785;13023209:8162177;122765947:29283;25935:21991;32047:93471;22135:31412;122217803:30915;22009:29800;122277569:31730;2049128:117906617;22066:30993;22022:110150624;122277668:23751657;1628665:29778;1628665:29793;1628665:29796;1628665:29782;122217801:3265977;122217801:3248884;122217801:3340598;122217801:3284610;122217801:34731,20110926.0,1.0,2011-09-26,2011,9
581726208,35529901024,50001732,50014815,21458:107081726;26412317:715076262;21479:82242;122217802:108307;122217802:108309;122217802:108310;3316668:29821534;22891:382519543;1628665:3233941;1628665:3233942;1628665:3233939;1628665:92012,1,2014-11-02,2014,11,6,1,21458:107081726;26412317:715076262;21479:82242;122217802:108307;122217802:108309;122217802:108310;3316668:29821534;22891:382519543;1628665:3233941;1628665:3233942;1628665:3233939;1628665:92012,20150815.0,1.0,2015-08-15,2015,8
924007702,14569480798,50013636,50008168,21458:30992;1628665:3233941;25935:21991;32047:93472;22019:3340598;22019:34731;22019:2026;22019:50793479;22019:3287412;1628366:32799;13529746:21983;13529646:117906617;13394971:30993;22022:102274034;13539026:21984;13658074:128068238;1633959:128068238,2,2013-03-24,2013,3,6,2,21458:30992;1628665:3233941;25935:21991;32047:93472;22019:3340598;22019:34731;22019:2026;22019:50793479;22019:3287412;1628366:32799;13529746:21983;13529646:117906617;13394971:30993;22022:102274034;13539026:21984;13658074:128068238;1633959:128068238,,0.0,2009-12-24,2009,12
23208537,12897458131,50013636,50008168,21458:94850881;1633959:109239;13793737:48947;25935:31381;32047:93471;22135:116934;1628366:30916;13529746:21983;13529646:117906618;13394971:30993;22022:102274034;13539026:3548306;1628665:29790;1628665:29798;1628665:133527;22019:34731;22019:2026;22019:50793479;22019:3287412;22019:3377924,1,2013-01-20,2013,1,6,1,21458:94850881;1633959:109239;13793737:48947;25935:31381;32047:93471;22135:116934;1628366:30916;13529746:21983;13529646:117906618;13394971:30993;22022:102274034;13539026:3548306;1628665:29790;1628665:29798;1628665:133527;22019:34731;22019:2026;22019:50793479;22019:3287412;22019:3377924,,1.0,2008-04-16,2008,4
809244853,6979189785,50011993,28,122218042:33259;21475:135183931;1628861:3251254;32959:104027;1628665:3233941;1628665:3233942;1628665:3233939;1628665:29790;1628665:31614;1628665:61550;1628665:3233938;1628665:131622;1628665:29785;122217889:82126;21479:31542;6863019:3726638;6864839:99061;6864839:99060;6864839:99201;6864839:75475274;6864839:75475276;6864839:6903483;6864839:8670194;6864839:4105896;11684888:11468;13023209:7882315;21458:627047631,1,2014-12-20,2014,12,5,1,122218042:33259;21475:135183931;1628861:3251254;32959:104027;1628665:3233941;1628665:3233942;1628665:3233939;1628665:29790;1628665:31614;1628665:61550;1628665:3233938;1628665:131622;1628665:29785;122217889:82126;21479:31542;6863019:3726638;6864839:99061;6864839:99060;6864839:99201;6864839:75475274;6864839:75475276;6864839:6903483;6864839:8670194;6864839:4105896;11684888:11468;13023209:7882315;21458:627047631,20150502.0,0.0,2015-05-02,2015,5
383735470,20266883067,50009540,50014815,21458:3472889;3097809:114073077;2191928:47247;2191842:13613107;2815901:100976414;122451853:8871776;22277:51281955;1628665:3233941;1628665:3233942;1628665:3233939;1628665:92012;1628665:29790;1628665:31614;1628665:61550;1628665:3233940;21479:21671,1,2014-08-09,2014,8,5,1,21458:3472889;3097809:114073077;2191928:47247;2191842:13613107;2815901:100976414;122451853:8871776;22277:51281955;1628665:3233941;1628665:3233942;1628665:3233939;1628665:92012;1628665:29790;1628665:31614;1628665:61550;1628665:3233940;21479:21671,20110819.0,0.0,2011-08-19,2011,8
1858557399,15918599107,50026465,50022520,21458:3269094;13023209:3549094;122277538:97699,1,2014-03-18,2014,3,1,1,21458:3269094;13023209:3549094;122277538:97699,20141115.0,1.0,2014-11-15,2014,11
2214580556,40062433875,50010558,50008168,21458:85486457;13023209:3574386;25935:21990;1628348:3229644;10144346:29641138;22009:27417714;122217965:3227750;122217803:30914;22066:29563;33069:29447291;22061:3256499;33203:3502330;32047:93471;122217973:3229394;1628306:3229402;1628665:29790;1628665:29784;1628665:29796;122217801:3265977;122217801:3340598;122217801:34731;122217801:2026,1,2014-09-28,2014,9,6,1,21458:85486457;13023209:3574386;25935:21990;1628348:3229644;10144346:29641138;22009:27417714;122217965:3227750;122217803:30914;22066:29563;33069:29447291;22061:3256499;33203:3502330;32047:93471;122217973:3229394;1628306:3229402;1628665:29790;1628665:29784;1628665:29796;122217801:3265977;122217801:3340598;122217801:34731;122217801:2026,20121201.0,1.0,2012-12-01,2012,12
130263794,21934484610,50010536,50008168,21458:143706820;1633959:25969647;25935:31381;1628348:3229644;22128:31158;1627349:140223;1628366:32799;3988915:29447291;1628665:3233941;1628665:3233942;1628665:3233939;1628665:92012;1628665:29790;1628665:31614;1628665:61550;1628665:3233940;1628665:3233936;1628665:3233937;1628665:29798;1628665:29778;1628665:3233938;1628665:82340;1628665:29787;1628665:29784;1628665:29793;1628665:131622;1628665:29796;1628665:133527;1628665:108579;1628665:29785;1628665:29782;1628665:29799;22019:3340598;22019:34731;22019:2026;22019:50793479;22019:3287412;32047:93470,1,2013-02-23,2013,2,5,1,21458:143706820;1633959:25969647;25935:31381;1628348:3229644;22128:31158;1627349:140223;1628366:32799;3988915:29447291;1628665:3233941;1628665:3233942;1628665:3233939;1628665:92012;1628665:29790;1628665:31614;1628665:61550;1628665:3233940;1628665:3233936;1628665:3233937;1628665:29798;1628665:29778;1628665:3233938;1628665:82340;1628665:29787;1628665:29784;1628665:29793;1628665:131622;1628665:29796;1628665:133527;1628665:108579;1628665:29785;1628665:29782;1628665:29799;22019:3340598;22019:34731;22019:2026;22019:50793479;22019:3287412;32047:93470,20100429.0,0.0,2010-04-29,2010,4
676404930,19859302033,50013207,50008168,21458:67755984;13023209:3407979;22121:31004;25935:21990;22009:29800;22066:3269223;22061:30912;122217806:30902;1628665:3233936;1628665:29798;1628665:29778;1628665:29784;1628665:29782;1628665:29799;122217801:34731;122217801:2026;122217801:50793479;122217801:3287412;122217801:3377924;122217801:2375;32047:93470;1628348:11468,1,2014-03-08,2014,3,5,1,21458:67755984;13023209:3407979;22121:31004;25935:21990;22009:29800;22066:3269223;22061:30912;122217806:30902;1628665:3233936;1628665:29798;1628665:29778;1628665:29784;1628665:29782;1628665:29799;122217801:34731;122217801:2026;122217801:50793479;122217801:3287412;122217801:3377924;122217801:2375;32047:93470;1628348:11468,20141215.0,1.0,2014-12-15,2014,12
354804408,3621425317,211122,38,21458:21782;36786:42781029;6933553:3313377;13023102:3312418;5393572:75369987;33595:29230;21475:137322;6933666:68145978;14814533:40732,4,2014-01-08,2014,1,2,4,21458:21782;36786:42781029;6933553:3313377;13023102:3312418;5393572:75369987;33595:29230;21475:137322;6933666:68145978;14814533:40732,20130327.0,0.0,2013-03-27,2013,3
805018083,16242741819,50013636,50008168,21458:79372018;1633959:82208797;13784950:82208797;25935:21990;32047:93470;22135:31412;1628366:30916;8151548:3834909;13529746:21983;13529646:117906617;13394971:30993;22022:102274034;13539026:21984;1628665:3233941;1628665:3233942;1628665:3233939;1628665:92012;1628665:29790;1628665:31614;1628665:61550;1628665:3233940;1628665:3233937;1628665:29798;1628665:29778;1628665:3233938;1628665:29787;1628665:29793;1628665:131622;1628665:29796;1628665:133527;1628665:108579;22019:3284610;22019:34731;22019:125938;22019:2026;22019:3238422;22019:50793479;22019:3251926;22019:3287412;22019:3263874;22019:3377924;22019:3385599;22019:2375;22019:3226274;22019:28232,1,2014-01-08,2014,1,2,1,21458:79372018;1633959:82208797;13784950:82208797;25935:21990;32047:93470;22135:31412;1628366:30916;8151548:3834909;13529746:21983;13529646:117906617;13394971:30993;22022:102274034;13539026:21984;1628665:3233941;1628665:3233942;1628665:3233939;1628665:92012;1628665:29790;1628665:31614;1628665:61550;1628665:3233940;1628665:3233937;1628665:29798;1628665:29778;1628665:3233938;1628665:29787;1628665:29793;1628665:131622;1628665:29796;1628665:133527;1628665:108579;22019:3284610;22019:34731;22019:125938;22019:2026;22019:3238422;22019:50793479;22019:3251926;22019:3287412;22019:3263874;22019:3377924;22019:3385599;22019:2375;22019:3226274;22019:28232,20121006.0,1.0,2012-10-06,2012,10
72746697,37346822188,121394024,50008168,21458:58116770;1628665:29793;13023209:4076242;122217801:3238327;122217801:3228688;122217801:3265977;122217801:3340598;122217801:34731;22009:29800;122217803:30914;21477:4195556;21477:30731631;21477:106779;21477:3979320;21477:4069612;25935:21990;13512069:40366865;21475:61944851;21475:20145005;21475:234713719,1,2014-08-17,2014,8,6,1,21458:58116770;1628665:29793;13023209:4076242;122217801:3238327;122217801:3228688;122217801:3265977;122217801:3340598;122217801:34731;22009:29800;122217803:30914;21477:4195556;21477:30731631;21477:106779;21477:3979320;21477:4069612;25935:21990;13512069:40366865;21475:61944851;21475:20145005;21475:234713719,20140222.0,1.0,2014-02-22,2014,2
545936732,37988424283,50010558,50008168,21458:70136825;13023209:261718193;25935:21990;1628348:11468;10144346:29641136;22009:27417714;122217965:3218241;122217803:30915;22066:3086;33069:104880;22061:14033338;33203:3502330;1628665:29778;122217801:34731;122217801:2026;122217801:50793479;122217801:3287412;122217801:3377924;122217801:2375,1,2014-05-06,2014,5,1,1,21458:70136825;13023209:261718193;25935:21990;1628348:11468;10144346:29641136;22009:27417714;122217965:3218241;122217803:30915;22066:3086;33069:104880;22061:14033338;33203:3502330;1628665:29778;122217801:34731;122217801:2026;122217801:50793479;122217801:3287412;122217801:3377924;122217801:2375,,0.0,2006-08-10,2006,8
77723093,41830139440,50013207,50008168,1628665:3233939;1628665:92012;1628665:29790;22121:31004;122217801:3265977;122217801:3248884;122217801:3340598;122217801:3284610;122217801:34731;25935:21991;32047:93470;22009:27417714;22066:3225204;22061:30912;122217806:30902;1628348:11468,1,2014-11-10,2014,11,0,1,1628665:3233939;1628665:92012;1628665:29790;22121:31004;122217801:3265977;122217801:3248884;122217801:3340598;122217801:3284610;122217801:34731;25935:21991;32047:93470;22009:27417714;22066:3225204;22061:30912;122217806:30902;1628348:11468,20131221.0,0.0,2013-12-21,2013,12
75758080,5470994165,121408024,50008168,21458:4060206;13023209:125336;22009:29800;122217803:3290137;21477:30731631;25935:21991;21475:234713719;21475:493281617;21475:493281618;21475:493281619;1628665:31614;1628665:61550;1628665:3233938;122217801:3238327;122217801:3228688;122217801:3265977,1,2014-08-29,2014,8,4,1,21458:4060206;13023209:125336;22009:29800;122217803:3290137;21477:30731631;25935:21991;21475:234713719;21475:493281617;21475:493281618;21475:493281619;1628665:31614;1628665:61550;1628665:3233938;122217801:3238327;122217801:3228688;122217801:3265977,20120302.0,0.0,2012-03-02,2012,3
25526539,7755758394,50007011,50008168,21458:81571633;1633959:82651;3130834:20953716;35931:133199;2124281:12439576;25935:31381;1628165:30993;8151548:29800;1628665:3233941;1628665:3233942;1628665:29793;1628324:9319927;5426651:29772,5,2012-11-08,2012,11,3,5,21458:81571633;1633959:82651;3130834:20953716;35931:133199;2124281:12439576;25935:31381;1628165:30993;8151548:29800;1628665:3233941;1628665:3233942;1628665:29793;1628324:9319927;5426651:29772,20140309.0,1.0,2014-03-09,2014,3
95428725,25921288431,251725,28,21458:129188456;13023209:690915475;46037845:690915475;14215263:52992;21479:3262142;21475:275708185;1628665:3233941;1628665:3233942;1628665:3233939;1628665:92012;1628665:29790;1628665:31614;1628665:61550;1628665:3233940;1628665:3233936;1628665:3233937;1628665:29798;1628665:29778;1628665:29784;1628665:133527;1628665:108579;1628665:29785,1,2014-09-09,2014,9,1,1,21458:129188456;13023209:690915475;46037845:690915475;14215263:52992;21479:3262142;21475:275708185;1628665:3233941;1628665:3233942;1628665:3233939;1628665:92012;1628665:29790;1628665:31614;1628665:61550;1628665:3233940;1628665:3233936;1628665:3233937;1628665:29798;1628665:29778;1628665:29784;1628665:133527;1628665:108579;1628665:29785,20120331.0,0.0,2012-03-31,2012,3
755743741,35015569650,50018831,50014815,21458:21899;7255169:3223183;7262195:71095410;123923464:29772;25935:51746;7250727:21892;33337:74682848;122217774:3254604;22757:29230,1,2014-11-10,2014,11,0,1,21458:21899;7255169:3223183;7262195:71095410;123923464:29772;25935:51746;7250727:21892;33337:74682848;122217774:3254604;22757:29230,20140717.0,0.0,2014-07-17,2014,7
183137017,25548712116,50024842,50008168,1628665:3233942;1628665:29790;1628665:3233936;1628665:3233938;1628665:29793;25935:21991;13545112:43704;13545177:117969336;21458:3286858;2246106:3705978,2,2013-12-12,2013,12,3,2,1628665:3233942;1628665:29790;1628665:3233936;1628665:3233938;1628665:29793;25935:21991;13545112:43704;13545177:117969336;21458:3286858;2246106:3705978,,0.0,2007-11-05,2007,11
32418211,15660287003,50023663,28,11760865:38327843;11760785:4023751,1,2012-11-26,2012,11,0,1,11760865:38327843;11760785:4023751,,1.0,2009-09-29,2009,9
705498556,3595424276,50016704,50022520,21458:3662539;5261385:3388818;1633959:3388818;5261493:52657772;5261480:37474085;34394:29800;33017:114414;33016:104551;1629333:3271268;1629323:106664;1629335:3271277;1629337:117245;1629342:30912;1629344:3271316;1629348:114412;1628366:3230095;6619922:27180717;1628665:82340;1628665:29782;22142:31457;22142:31458;22142:31461;22142:31462;22142:31465;22142:31466;22142:31469,1,2012-11-11,2012,11,6,1,21458:3662539;5261385:3388818;1633959:3388818;5261493:52657772;5261480:37474085;34394:29800;33017:114414;33016:104551;1629333:3271268;1629323:106664;1629335:3271277;1629337:117245;1629342:30912;1629344:3271316;1629348:114412;1628366:3230095;6619922:27180717;1628665:82340;1628665:29782;22142:31457;22142:31458;22142:31461;22142:31462;22142:31465;22142:31466;22142:31469,20121004.0,0.0,2012-10-04,2012,10
669342381,20398471742,50012474,28,1633959:179401547;21458:30992;11981271:106786339;11644036:28619;11684888:104528258;21475:137325,1,2014-02-08,2014,2,5,1,1633959:179401547;21458:30992;11981271:106786339;11644036:28619;11684888:104528258;21475:137325,20131018.0,1.0,2013-10-18,2013,10
824413527,37679509075,50018436,50014815,1628665:3233941;1628665:3233942;1628665:3233939;1628665:92012;1628665:29790;1628665:31614;1628665:61550;1628665:3233940;1628665:3233936;1628665:3233937;1628665:29798;1628665:29778;1628665:3233938;1628665:82340;1628665:29787;1628665:29784;1628665:29793;1628665:131622;1628665:29796;1628665:133527;1628665:108579,1,2014-04-07,2014,4,0,1,1628665:3233941;1628665:3233942;1628665:3233939;1628665:92012;1628665:29790;1628665:31614;1628665:61550;1628665:3233940;1628665:3233936;1628665:3233937;1628665:29798;1628665:29778;1628665:3233938;1628665:82340;1628665:29787;1628665:29784;1628665:29793;1628665:131622;1628665:29796;1628665:133527;1628665:108579,20131201.0,0.0,2013-12-01,2013,12
180473754,42171808031,121452026,28,21458:63982785;13023209:3551662;144992429:3551662;21475:275708185;1628665:3233941;1628665:3233942;1628665:3233939;1628665:92012;1628665:29790;1628665:31614;1628665:61550;1628665:3233940;1628665:3233936;1628665:3233937;1628665:29798;1628665:29778;1628665:3233938;1628665:82340;1628665:29787,1,2015-01-07,2015,1,2,1,21458:63982785;13023209:3551662;144992429:3551662;21475:275708185;1628665:3233941;1628665:3233942;1628665:3233939;1628665:92012;1628665:29790;1628665:31614;1628665:61550;1628665:3233940;1628665:3233936;1628665:3233937;1628665:29798;1628665:29778;1628665:3233938;1628665:82340;1628665:29787,20130522.0,0.0,2013-05-22,2013,5
355762297,14854905804,50023790,28,11666049:40203;21458:30992;1628665:3233941;1628665:3233942;1628665:3233939;1628665:92012;1628665:29790;1628665:31614;1628665:61550;1628665:3233940;1628665:3233936;1628665:3233937;1628665:29798;1628665:29778;1628665:3233938;1628665:82340;1628665:29787;1628665:29784;1628665:29793;1628665:131622;1628665:29796;1628665:133527;1628665:108579;1628665:29785;1628665:29782;1628665:29799;11945730:125113;11945730:47034;11945730:131623;11945730:2054;11945730:48107;11945730:93943;11945730:21805;11945730:47734;11945697:73437541;21475:137325,3,2013-09-22,2013,9,6,3,11666049:40203;21458:30992;1628665:3233941;1628665:3233942;1628665:3233939;1628665:92012;1628665:29790;1628665:31614;1628665:61550;1628665:3233940;1628665:3233936;1628665:3233937;1628665:29798;1628665:29778;1628665:3233938;1628665:82340;1628665:29787;1628665:29784;1628665:29793;1628665:131622;1628665:29796;1628665:133527;1628665:108579;1628665:29785;1628665:29782;1628665:29799;11945730:125113;11945730:47034;11945730:131623;11945730:2054;11945730:48107;11945730:93943;11945730:21805;11945730:47734;11945697:73437541;21475:137325,,0.0,2009-09-23,2009,9
665216877,41725198233,121450022,50008168,1628665:3233941;1628665:3233942;1628665:3233939;1628665:92012;1628665:29790;1628665:31614;1628665:61550;1628665:3233940;1628665:3233936;1628665:3233937;1628665:29798;1628665:29778;1628665:3233938;1628665:82340;122217801:31001;122217801:3275004;122217801:3261251;22009:27417714;122217803:30916;21477:4195556;21477:4069612;25935:31381;13512069:7884489;21475:61944851;21475:20145005;21458:11633015,1,2014-12-04,2014,12,3,1,1628665:3233941;1628665:3233942;1628665:3233939;1628665:92012;1628665:29790;1628665:31614;1628665:61550;1628665:3233940;1628665:3233936;1628665:3233937;1628665:29798;1628665:29778;1628665:3233938;1628665:82340;122217801:31001;122217801:3275004;122217801:3261251;22009:27417714;122217803:30916;21477:4195556;21477:4069612;25935:31381;13512069:7884489;21475:61944851;21475:20145005;21458:11633015,20140226.0,0.0,2014-02-26,2014,2
648024036,38493052092,50023670,28,1628665:3233941;1628665:3233942;1628665:3233939;1628665:92012;1628665:29790;1628665:31614;1628665:61550;1628665:3233940;1628665:3233936;1628665:3233937;1628665:29798;1628665:29778;1628665:3233938;1628665:82340;1628665:29787;1628665:29784;1628665:29793;1628665:131622;1628665:29796;1628665:133527;1628665:108579;1628665:29785;1628665:29782;1628665:29799;11684888:11468;33969:4518396;21475:135183931;21458:3929381,4,2014-12-12,2014,12,4,4,1628665:3233941;1628665:3233942;1628665:3233939;1628665:92012;1628665:29790;1628665:31614;1628665:61550;1628665:3233940;1628665:3233936;1628665:3233937;1628665:29798;1628665:29778;1628665:3233938;1628665:82340;1628665:29787;1628665:29784;1628665:29793;1628665:131622;1628665:29796;1628665:133527;1628665:108579;1628665:29785;1628665:29782;1628665:29799;11684888:11468;33969:4518396;21475:135183931;21458:3929381,20110730.0,1.0,2011-07-30,2011,7
743394056,40228281930,50012431,50014815,1628665:3233941;1628665:3233942;1628665:3233939;1628665:92012;1628665:29790;122277773:37463482;122277773:3268651;122277773:21671;22009:106713;122217803:3290137;122218005:3611335;122218005:3930669;122218005:4276223;122218005:3365477;122218005:16603332;122218005:6325797;122218005:11284238;122218005:4124441;122218005:7604967;122218005:3662176;122218005:4312026;21967:29772;21967:29775;21967:29774;21967:29773;21475:493281620;21458:656943470,1,2014-10-29,2014,10,2,1,1628665:3233941;1628665:3233942;1628665:3233939;1628665:92012;1628665:29790;122277773:37463482;122277773:3268651;122277773:21671;22009:106713;122217803:3290137;122218005:3611335;122218005:3930669;122218005:4276223;122218005:3365477;122218005:16603332;122218005:6325797;122218005:11284238;122218005:4124441;122218005:7604967;122218005:3662176;122218005:4312026;21967:29772;21967:29775;21967:29774;21967:29773;21475:493281620;21458:656943470,20101125.0,0.0,2010-11-25,2010,11
2757,17429550751,50010555,50008168,21458:30992;25935:31381;1628665:29796;1628665:133527;1628665:29785;22019:3238327;22019:3228688;22019:3265977;22019:3340598;3783431:38363839;32047:93471;13394971:29563;1628366:30915;8151548:29800;3988915:104912;1628348:11468;3731658:30903;35397:98170;1633959:33625815,1,2013-04-10,2013,4,2,1,21458:30992;25935:31381;1628665:29796;1628665:133527;1628665:29785;22019:3238327;22019:3228688;22019:3265977;22019:3340598;3783431:38363839;32047:93471;13394971:29563;1628366:30915;8151548:29800;3988915:104912;1628348:11468;3731658:30903;35397:98170;1633959:33625815,20130311.0,1.0,2013-03-11,2013,3
13848376,40827442866,50013636,50008168,21458:46906;13023209:684718298;13585062:684718298;25935:21991;32047:93470;22135:31412;22009:106665;122277569:21983;2049128:117906617;22066:31379;22022:102274034;122277668:119686;1628665:3233941;1628665:29790;1628665:31614;1628665:3233940;1628665:3233938;1628665:29796;122217801:2026;122217801:50793479;122217801:3287412;122217801:3377924;122217801:2375;122217801:28232;122217801:138748,1,2014-11-11,2014,11,1,1,21458:46906;13023209:684718298;13585062:684718298;25935:21991;32047:93470;22135:31412;22009:106665;122277569:21983;2049128:117906617;22066:31379;22022:102274034;122277668:119686;1628665:3233941;1628665:29790;1628665:31614;1628665:3233940;1628665:3233938;1628665:29796;122217801:2026;122217801:50793479;122217801:3287412;122217801:3377924;122217801:2375;122217801:28232;122217801:138748,20140821.0,1.0,2014-08-21,2014,8
138180945,18706404728,50014863,50014815,21458:30992,5,2014-05-15,2014,5,3,5,21458:30992,,0.0,2008-09-28,2008,9
415971,20854308837,50010548,50008168,1628665:131622;25935:21991;22019:31001;22019:3340598;22019:3284610;1628348:11468,1,2013-01-28,2013,1,0,1,1628665:131622;25935:21991;22019:31001;22019:3340598;22019:3284610;1628348:11468,20121111.0,0.0,2012-11-11,2012,11
44732791,16292306416,50010544,50008168,21458:132897299;1633959:192564453;25935:21991;1628348:3229645;1628021:46055;3988915:29447291;2904342:31004;13394971:30993;8151548:109279;13395135:30912;13510285:3450338;2919706:3269152;1628665:3233941;1628665:3233942;1628665:3233939;1628665:92012;1628665:29790;1628665:31614;1628665:61550;1628665:3233936;1628665:3233937;1628665:29798;1628665:29778;1628665:3233938;1628665:82340;1628665:131622;1628665:133527;1628665:108579;1628665:29785;1628665:29782;1628665:29799;22019:2026;22019:50793479;22019:3287412;22019:3377924;22019:2375;22019:28232;32047:93470,1,2014-01-14,2014,1,1,1,21458:132897299;1633959:192564453;25935:21991;1628348:3229645;1628021:46055;3988915:29447291;2904342:31004;13394971:30993;8151548:109279;13395135:30912;13510285:3450338;2919706:3269152;1628665:3233941;1628665:3233942;1628665:3233939;1628665:92012;1628665:29790;1628665:31614;1628665:61550;1628665:3233936;1628665:3233937;1628665:29798;1628665:29778;1628665:3233938;1628665:82340;1628665:131622;1628665:133527;1628665:108579;1628665:29785;1628665:29782;1628665:29799;22019:2026;22019:50793479;22019:3287412;22019:3377924;22019:2375;22019:28232;32047:93470,20110828.0,0.0,2011-08-28,2011,8
121722809,15071189647,50006843,38,21458:651590254;138005505:545784036;140516361:7702546;122218219:21797;21475:108283;1628149:96059;22757:21671;6940834:29865;2815901:56559555,2,2015-01-04,2015,1,6,2,21458:651590254;138005505:545784036;140516361:7702546;122218219:21797;21475:108283;1628149:96059;22757:21671;6940834:29865;2815901:56559555,20140601.0,1.0,2014-06-01,2014,6
83472357,12555432766,50005982,50014815,1628665:3233941;1628665:29796;11570598:106576;11570530:28619;5112560:108284;21458:27514171;7666677:3412568;1633959:3799000;2397831:33557,1,2013-06-11,2013,6,1,1,1628665:3233941;1628665:29796;11570598:106576;11570530:28619;5112560:108284;21458:27514171;7666677:3412568;1633959:3799000;2397831:33557,20130120.0,1.0,2013-01-20,2013,1
65651861,21971788076,50010558,50008168,1628665:3233941;1628665:3233942;22019:3340598;22019:34731;22019:2026;22019:50793479;22019:3287412,1,2013-03-15,2013,3,4,1,1628665:3233941;1628665:3233942;22019:3340598;22019:34731;22019:2026;22019:50793479;22019:3287412,20111124.0,1.0,2011-11-24,2011,11
213455117,38988107114,121452056,50008168,21458:30992;1628665:3233938;1628665:29784;122217801:2026;122217801:50793479;122217801:3287412;122277773:31429;18553309:21671;122217803:30915;25935:21991;22009:29800,1,2014-06-27,2014,6,4,1,21458:30992;1628665:3233938;1628665:29784;122217801:2026;122217801:50793479;122217801:3287412;122277773:31429;18553309:21671;122217803:30915;25935:21991;22009:29800,20150702.0,0.0,2015-07-02,2015,7
14342858,17894670737,50023598,28,1628665:3233941;32959:27062789;21475:385579823;11666049:62519847,1,2014-11-05,2014,11,2,1,1628665:3233941;32959:27062789;21475:385579823;11666049:62519847,20110207.0,0.0,2011-02-07,2011,2
917524288,10303049467,50012456,50014815,21458:46896;1628665:3233941;1628665:3233942;1628665:3233939;1628665:92012;1628665:61550,30,2013-05-03,2013,5,4,13,21458:46896;1628665:3233941;1628665:3233942;1628665:3233939;1628665:92012;1628665:61550,20110624.0,0.0,2011-06-24,2011,6
21838963,16364059790,121470030,50014815,21458:46896,5,2014-06-24,2014,6,1,5,21458:46896,20140310.0,0.0,2014-03-10,2014,3
45661628,14022380103,121456023,50014815,21458:32270;5325100:64465545;13023209:64465545;2191842:13613107;21475:63635630;21596:4447778;21479:44210;1628665:3233936;1628665:29798;1628665:61550;1628665:29790;1628665:3233940;1628665:3233937;1628665:31614;1628665:29778,1,2014-10-08,2014,10,2,1,21458:32270;5325100:64465545;13023209:64465545;2191842:13613107;21475:63635630;21596:4447778;21479:44210;1628665:3233936;1628665:29798;1628665:61550;1628665:29790;1628665:3233940;1628665:3233937;1628665:31614;1628665:29778,20131015.0,1.0,2013-10-15,2013,10
61127135,18444305120,50008875,28,21458:3467176;1633959:3235337;35132072:3235337;2397831:16561343;11945665:11580;11684888:104528258;2397831:16561295;21475:11488282,1,2013-05-23,2013,5,3,1,21458:3467176;1633959:3235337;35132072:3235337;2397831:16561343;11945665:11580;11684888:104528258;2397831:16561295;21475:11488282,20120317.0,1.0,2012-03-17,2012,3
785043910,39602511660,121364022,50008168,1628665:23420;1628665:23424;1628665:29790;25935:21991;22061:30912;122277773:21953;122217801:3340598;122217801:125938;122217801:3238422;122217801:3287412;122217801:3377924;122217801:3385599;122217801:2375;122217801:28232;30640:93471;122217803:30915;22009:29800;22066:31379;22121:30906;1628348:11468,2,2014-10-03,2014,10,4,2,1628665:23420;1628665:23424;1628665:29790;25935:21991;22061:30912;122277773:21953;122217801:3340598;122217801:125938;122217801:3238422;122217801:3287412;122217801:3377924;122217801:3385599;122217801:2375;122217801:28232;30640:93471;122217803:30915;22009:29800;22066:31379;22121:30906;1628348:11468,20130530.0,0.0,2013-05-30,2013,5
57494340,20062826101,50012456,50014815,21458:46896;1628665:3233938;1628665:29796,10,2014-03-08,2014,3,5,10,21458:46896;1628665:3233938;1628665:29796,20140518.0,0.0,2014-05-18,2014,5
628378860,16236503292,50013636,50008168,21458:30992;1628665:29790;1628665:3233940;1628665:3233936;1628665:3233937;1628665:29798;1628665:3233938;1628665:29784;1628665:131622;1628665:133527;1628665:29782;25935:31381;32047:93471;122217801:3265977;122217801:3340598;122217801:34731;22135:31412;122217803:30914;22009:29800;122277569:31923;2049128:117906617;22022:102274034;122277668:102565;13658074:3240171,1,2014-09-25,2014,9,3,1,21458:30992;1628665:29790;1628665:3233940;1628665:3233936;1628665:3233937;1628665:29798;1628665:3233938;1628665:29784;1628665:131622;1628665:133527;1628665:29782;25935:31381;32047:93471;122217801:3265977;122217801:3340598;122217801:34731;22135:31412;122217803:30914;22009:29800;122277569:31923;2049128:117906617;22022:102274034;122277668:102565;13658074:3240171,20120816.0,0.0,2012-08-16,2012,8
1911445233,38373903143,50013711,50008168,1628665:3233941;1628665:3233942;122217801:2026;122217801:50793479;122217801:3287412;122217801:3377924;122217801:2375;122217801:28232;122277773:31429;18553309:131773;122217803:30915;25935:21991;22009:27417714;22066:29563;22061:21671;13023209:3399388;21458:24923231,2,2014-04-19,2014,4,5,2,1628665:3233941;1628665:3233942;122217801:2026;122217801:50793479;122217801:3287412;122217801:3377924;122217801:2375;122217801:28232;122277773:31429;18553309:131773;122217803:30915;25935:21991;22009:27417714;22066:29563;22061:21671;13023209:3399388;21458:24923231,20120430.0,1.0,2012-04-30,2012,4
343603914,13045695341,50015582,50022520,21458:3414450;3949303:112911;6375347:7204873,1,2013-02-17,2013,2,6,1,21458:3414450;3949303:112911;6375347:7204873,20130225.0,1.0,2013-02-25,2013,2
918918455,16294746265,50012379,50022520,21458:3618313;1628665:3233939;1628665:92012;1628665:3233938;1628665:82340;21967:29773;21967:29774;21967:29775;22021:29800;1627349:114518;1628366:32799;22122:29563;22128:30909;3079382:29641138;1633959:3886081;2397831:16561164,1,2013-03-02,2013,3,5,1,21458:3618313;1628665:3233939;1628665:92012;1628665:3233938;1628665:82340;21967:29773;21967:29774;21967:29775;22021:29800;1627349:114518;1628366:32799;22122:29563;22128:30909;3079382:29641138;1633959:3886081;2397831:16561164,,0.0,2008-10-22,2008,10
325759617,18770494335,50023651,28,1628665:3233942;11964265:34245;11684888:11468;21475:135183931;21458:276845722;11666049:62519847,1,2014-03-14,2014,3,4,1,1628665:3233942;11964265:34245;11684888:11468;21475:135183931;21458:276845722;11666049:62519847,20100812.0,1.0,2010-08-12,2010,8
353221225,36095707144,50012365,122650008,21458:3379652;1633959:355121751;1628366:30916;2397831:16561164;23346:3224852;8185016:31619;8185021:117233;8185017:31691;2232918:14466536;25935:21991;1628665:3233938;1628665:29784;1628665:29799;22007:30385;22007:30386;22007:30387;22007:30388;22007:30389,1,2013-12-12,2013,12,3,1,21458:3379652;1633959:355121751;1628366:30916;2397831:16561164;23346:3224852;8185016:31619;8185021:117233;8185017:31691;2232918:14466536;25935:21991;1628665:3233938;1628665:29784;1628665:29799;22007:30385;22007:30386;22007:30387;22007:30388;22007:30389,20110813.0,0.0,2011-08-13,2011,8
61079421,18769969047,50014274,50014815,21458:6870189;3963564:111002037;45618231:47327;3748803:3984338,1,2013-08-03,2013,8,5,1,21458:6870189;3963564:111002037;45618231:47327;3748803:3984338,20130501.0,1.0,2013-05-01,2013,5
69841787,38264188766,50018860,28,21458:3602856;1628665:3233941;1628665:3233942;1628665:3233939;1628665:92012;1628665:29790;1628665:31614;1628665:61550;1628861:21671;21475:385579823;11684888:11468,1,2014-04-08,2014,4,1,1,21458:3602856;1628665:3233941;1628665:3233942;1628665:3233939;1628665:92012;1628665:29790;1628665:31614;1628665:61550;1628861:21671;21475:385579823;11684888:11468,20140725.0,0.0,2014-07-25,2014,7
20451388,17358761118,211122,38,21458:21782;36786:42781029;6933553:3313377;13023102:2507;5393572:2507;33595:29230;21475:137322;6933666:68145978;14814533:40732,1,2013-03-21,2013,3,3,1,21458:21782;36786:42781029;6933553:3313377;13023102:2507;5393572:2507;33595:29230;21475:137322;6933666:68145978;14814533:40732,20120129.0,1.0,2012-01-29,2012,1
42558014,22369788243,50010558,50008168,25935:31381;1628665:3233941;1628665:3233942;1628665:3233939;1628665:92012;22019:3265977;22019:3340598;22019:3284610;22019:125938;22019:2026;22019:50793479;32047:93471;1628305:117133457;1628306:3229402;1628348:3229644;3079382:29641138;8151548:106665;1627349:11462;1628366:32799;13394971:30993;3988915:7197959;13395135:33213;13399649:3315982;21458:123416286;1633959:217154145,1,2013-03-21,2013,3,3,1,25935:31381;1628665:3233941;1628665:3233942;1628665:3233939;1628665:92012;22019:3265977;22019:3340598;22019:3284610;22019:125938;22019:2026;22019:50793479;32047:93471;1628305:117133457;1628306:3229402;1628348:3229644;3079382:29641138;8151548:106665;1627349:11462;1628366:32799;13394971:30993;3988915:7197959;13395135:33213;13399649:3315982;21458:123416286;1633959:217154145,20100704.0,0.0,2010-07-04,2010,7
75200815,18064299870,50018831,50014815,21458:21897;7255172:3218942;7255193:135454586;123923464:29773;25935:51746;7250727:21892;33337:70368813;122217774:130875,1,2014-09-13,2014,9,5,1,21458:21897;7255172:3218942;7255193:135454586;123923464:29773;25935:51746;7250727:21892;33337:70368813;122217774:130875,20131114.0,0.0,2013-11-14,2013,11
124527924,9590124906,50013711,50008168,21458:4224125;1633959:56173426;23181:31427;1628665:3233942;22019:2026;22019:50793479;35779:131771;1628366:30915;25935:21991,1,2012-10-18,2012,10,3,1,21458:4224125;1633959:56173426;23181:31427;1628665:3233942;22019:2026;22019:50793479;35779:131771;1628366:30915;25935:21991,20110930.0,1.0,2011-09-30,2011,9
775584118,2254371483,50018820,38,21458:21783;1633959:6304221;6933666:4421827;21475:108284;33595:29230,1,2013-08-16,2013,8,4,1,21458:21783;1633959:6304221;6933666:4421827;21475:108284;33595:29230,20121023.0,0.0,2012-10-23,2012,10
78375309,26632468078,50013636,50008168,21458:30992;13658074:7433090;1628665:29796;1628665:3233938;1628665:3233939;25935:31381;1633959:7433090;32047:93471;22019:3228688;22019:3340598;22019:34731;1628366:32799;8151548:29800;13529746:21983;13394971:30993;22022:110150624;13539026:29479,1,2013-08-16,2013,8,4,1,21458:30992;13658074:7433090;1628665:29796;1628665:3233938;1628665:3233939;25935:31381;1633959:7433090;32047:93471;22019:3228688;22019:3340598;22019:34731;1628366:32799;8151548:29800;13529746:21983;13394971:30993;22022:110150624;13539026:29479,20130322.0,1.0,2013-03-22,2013,3
13101455,13887162135,50012423,28,21458:8535341;1628665:3233941;1628665:3233942;1628665:3233939;1628665:92012;1628665:29790;1628665:31614;1628665:61550;1628665:3233940;1628665:3233936;1628665:3233937;1628665:29798;1628665:29778;1628665:3233938;1628665:82340;1628665:29787;1628665:29784;1628665:29793;1628665:131622;1628665:29796;1628665:133527;1633959:3277607;36099:31158;2397831:16560972;11684888:104528258,1,2012-08-29,2012,8,2,1,21458:8535341;1628665:3233941;1628665:3233942;1628665:3233939;1628665:92012;1628665:29790;1628665:31614;1628665:61550;1628665:3233940;1628665:3233936;1628665:3233937;1628665:29798;1628665:29778;1628665:3233938;1628665:82340;1628665:29787;1628665:29784;1628665:29793;1628665:131622;1628665:29796;1628665:133527;1633959:3277607;36099:31158;2397831:16560972;11684888:104528258,20110819.0,0.0,2011-08-19,2011,8
790148926,40018409687,50018436,50014815,1628665:3233941;1628665:3233942;1628665:3233939;1628665:92012;1628665:29790;1628665:31614;1628665:61550;1628665:3233940;1628665:3233936;1628665:3233937;1628665:29798;1628665:29778;1628665:3233938;1628665:82340;1628665:29787;1628665:29784;1628665:29793;1628665:131622;1628665:29796;1628665:133527;1628665:108579;1628665:29785;1628665:29782;1628665:29799;21458:39761251,1,2014-11-24,2014,11,0,1,1628665:3233941;1628665:3233942;1628665:3233939;1628665:92012;1628665:29790;1628665:31614;1628665:61550;1628665:3233940;1628665:3233936;1628665:3233937;1628665:29798;1628665:29778;1628665:3233938;1628665:82340;1628665:29787;1628665:29784;1628665:29793;1628665:131622;1628665:29796;1628665:133527;1628665:108579;1628665:29785;1628665:29782;1628665:29799;21458:39761251,20140827.0,1.0,2014-08-27,2014,8
76580427,25481540232,50014274,50014815,21458:21473;3748803:3984338;5260764:28867;2815901:81059009;5432702:3319075;5460145:49285,1,2013-06-07,2013,6,4,1,21458:21473;3748803:3984338;5260764:28867;2815901:81059009;5432702:3319075;5460145:49285,20120307.0,1.0,2012-03-07,2012,3
23086954,3219122303,50014273,50014815,21458:21915;5547994:3839412;5608188:47338;3748803:37911801,1,2013-01-25,2013,1,4,1,21458:21915;5547994:3839412;5608188:47338;3748803:37911801,20111008.0,0.0,2011-10-08,2011,10
1754594929,13592670420,50018438,50014815,21458:30992;1628665:29790;1628665:31614;1628665:3233938;1628665:29785;21479:30686,1,2014-09-20,2014,9,5,1,21458:30992;1628665:29790;1628665:31614;1628665:3233938;1628665:29785;21479:30686,20140826.0,0.0,2014-08-26,2014,8
18190851,17092246580,50014129,28,11945782:7813537;12082847:107548441;21475:11488282;21458:153765928;20484147:214966159,2,2013-03-31,2013,3,6,2,11945782:7813537;12082847:107548441;21475:11488282;21458:153765928;20484147:214966159,20110101.0,0.0,2011-01-01,2011,1
1649930323,36491323240,50006602,50008168,21458:3267699;10984217:21985;1628665:3233941;1628665:3233942;21475:3473865;21475:3229496;25935:31381,1,2014-07-29,2014,7,1,1,21458:3267699;10984217:21985;1628665:3233941;1628665:3233942;21475:3473865;21475:3229496;25935:31381,20101004.0,0.0,2010-10-04,2010,10
751654337,13224096340,50013636,50008168,1628665:29790;1628665:29798;1628665:29778;1628665:3233938;25935:31381;32047:93472;22019:3340598;22019:34731;22019:2026;22019:50793479;22019:3287412;22135:116934;1628366:3230095;8151548:29800;13529746:21983;13529646:117906617;13394971:30993;22022:102274034;13539026:117942782;21458:121411630;14034552:121411630;1633959:131824519,1,2013-03-22,2013,3,4,1,1628665:29790;1628665:29798;1628665:29778;1628665:3233938;25935:31381;32047:93472;22019:3340598;22019:34731;22019:2026;22019:50793479;22019:3287412;22135:116934;1628366:3230095;8151548:29800;13529746:21983;13529646:117906617;13394971:30993;22022:102274034;13539026:117942782;21458:121411630;14034552:121411630;1633959:131824519,,1.0,2008-09-27,2008,9
338734269,38898356938,50023663,28,21458:3421771;1628665:131622;1628665:29796;1628665:133527;1628665:108579;1628665:29782;1628665:29799;1628665:29793;122277597:44149;11666049:40203;21475:275708185,1,2014-08-22,2014,8,4,1,21458:3421771;1628665:131622;1628665:29796;1628665:133527;1628665:108579;1628665:29782;1628665:29799;1628665:29793;122277597:44149;11666049:40203;21475:275708185,20130926.0,1.0,2013-09-26,2013,9
414883979,18476245692,50012442,50008168,21458:136463252;1633959:262662292;43775713:262662292;8151548:11580;1627349:3218241;1628366:30915;23004:44010;21967:29774;25935:31381;13394971:29563;31368:21976;13395135:21671;1628665:3233942;1628665:31614;1628665:3233938;1628665:29782;22019:3248884;22019:3284610;22019:125938;22019:3238422;22019:3251926;22019:3263874;22019:112997259;22019:112997260,1,2013-06-14,2013,6,4,1,21458:136463252;1633959:262662292;43775713:262662292;8151548:11580;1627349:3218241;1628366:30915;23004:44010;21967:29774;25935:31381;13394971:29563;31368:21976;13395135:21671;1628665:3233942;1628665:31614;1628665:3233938;1628665:29782;22019:3248884;22019:3284610;22019:125938;22019:3238422;22019:3251926;22019:3263874;22019:112997259;22019:112997260,,0.0,2008-03-27,2008,3
679878153,17187307783,50013636,50008168,21458:3531293;13627770:3294135;1628665:29778;25935:21991;32047:93471;122217801:3261251;122217801:3238327;122217801:3228688;122217801:3265977;122217801:3248884;22135:31412;122217803:30915;22009:29800;122277569:31923;2049128:117906617;22066:31377;22022:110150624;122277668:119686,1,2014-08-06,2014,8,2,1,21458:3531293;13627770:3294135;1628665:29778;25935:21991;32047:93471;122217801:3261251;122217801:3238327;122217801:3228688;122217801:3265977;122217801:3248884;22135:31412;122217803:30915;22009:29800;122277569:31923;2049128:117906617;22066:31377;22022:110150624;122277668:119686,20130927.0,0.0,2013-09-27,2013,9
38061660,19866862313,50010549,50008168,21458:77147458;1633959:305833808;25935:31381;1628348:11468;1627349:36783070;3988915:104912;2904342:30905;13394971:125202070;8151548:29800;13395135:30910;2919054:55366;1628665:29785;1628665:29782;1628665:29799;22019:3238327;22019:3228688;22019:3265977;22019:3340598;22019:34731,1,2013-11-11,2013,11,0,1,21458:77147458;1633959:305833808;25935:31381;1628348:11468;1627349:36783070;3988915:104912;2904342:30905;13394971:125202070;8151548:29800;13395135:30910;2919054:55366;1628665:29785;1628665:29782;1628665:29799;22019:3238327;22019:3228688;22019:3265977;22019:3340598;22019:34731,20111203.0,1.0,2011-12-03,2011,12
56663970,8007595536,50016034,28,3988595:107129;1628665:131622;1628665:29796;1628665:133527;1628665:29785;1628665:29782;1628665:29799;3972049:5412331;11684888:104528258,1,2013-10-25,2013,10,4,1,3988595:107129;1628665:131622;1628665:29796;1628665:133527;1628665:29785;1628665:29782;1628665:29799;3972049:5412331;11684888:104528258,,1.0,2009-11-16,2009,11
1641457379,18721720021,50018831,50014815,21458:3316221;1629667:6866934;1828068:71038132;123923464:29775;25935:51746;7250727:3218944;33337:42923617;22757:29230;122218054:71038132,1,2014-09-30,2014,9,1,1,21458:3316221;1629667:6866934;1828068:71038132;123923464:29775;25935:51746;7250727:3218944;33337:42923617;22757:29230;122218054:71038132,20131226.0,1.0,2013-12-26,2013,12
46951908,21763132643,50023536,28,11666049:40203;21458:201887971;1628665:3233941;1628665:3233942;1628665:3233939;1628665:92012;1628665:29790;1628665:31614;1628665:61550;1628665:3233940;1628665:3233936;1628665:3233937;1628665:29798;11684888:11468;21475:135183931,1,2014-08-29,2014,8,4,1,11666049:40203;21458:201887971;1628665:3233941;1628665:3233942;1628665:3233939;1628665:92012;1628665:29790;1628665:31614;1628665:61550;1628665:3233940;1628665:3233936;1628665:3233937;1628665:29798;11684888:11468;21475:135183931,,1.0,2009-12-17,2009,12
15786531,40445341453,50010557,50008168,25935:21991;1628665:3233941;122217801:3340598;122217801:34731;122217801:125938;122217801:2026;122217801:50793479;32047:93470;1627368:3218565;122217965:3227750;22009:106713;33069:104880;22121:30905;1628348:11468,1,2014-08-28,2014,8,3,1,25935:21991;1628665:3233941;122217801:3340598;122217801:34731;122217801:125938;122217801:2026;122217801:50793479;32047:93470;1627368:3218565;122217965:3227750;22009:106713;33069:104880;22121:30905;1628348:11468,,0.0,2008-09-22,2008,9
1134007073,38861930269,50008705,28,21458:10361989;18095482:607530038;122277609:106920289;21475:275708185;1628665:29790;1628665:3233937;1628665:29787,1,2014-11-11,2014,11,1,1,21458:10361989;18095482:607530038;122277609:106920289;21475:275708185;1628665:29790;1628665:3233937;1628665:29787,20131231.0,,2013-12-31,2013,12
730302768,14663445988,50006095,28,21458:8152439;1633959:3281344;22999:43891;5107128:50789519;11684888:104528258;1628665:3233941;1628665:3233942;1628665:3233939;1628665:29790;1628665:31614;1628665:61550;22999:44123,1,2012-09-23,2012,9,6,1,21458:8152439;1633959:3281344;22999:43891;5107128:50789519;11684888:104528258;1628665:3233941;1628665:3233942;1628665:3233939;1628665:29790;1628665:31614;1628665:61550;22999:44123,20110330.0,1.0,2011-03-30,2011,3
760737575,43059024152,50013636,50008168,21458:19888865;1628665:3233941;1628665:3233942;1628665:3233939;1628665:92012;1628665:31614;25935:31381;13023209:184329890;32047:93471;122217801:3284610;122217801:34731;122217801:2026;122217801:50793479;122217801:3287412;22135:31412;122217803:30916;22009:29800;122277569:21983;2049128:117906617;22066:30993;22022:102274034;122277668:21984,1,2015-01-21,2015,1,2,1,21458:19888865;1628665:3233941;1628665:3233942;1628665:3233939;1628665:92012;1628665:31614;25935:31381;13023209:184329890;32047:93471;122217801:3284610;122217801:34731;122217801:2026;122217801:50793479;122217801:3287412;22135:31412;122217803:30916;22009:29800;122277569:21983;2049128:117906617;22066:30993;22022:102274034;122277668:21984,20150306.0,1.0,2015-03-06,2015,3
174880005,43530317698,50010566,50008168,21458:30992;13023209:11396424;25935:21991;1628665:3233942;122217801:2026;122217801:50793479;122217801:3287412;122217801:3377924;122217801:2375;122217801:28232;122217801:138748;122217801:138749;32047:93470;1628348:11468;33069:29447291;22121:30905;22009:21671;122217803:30914;22066:29563;22061:21671;122217965:3227750,1,2015-02-03,2015,2,1,1,21458:30992;13023209:11396424;25935:21991;1628665:3233942;122217801:2026;122217801:50793479;122217801:3287412;122217801:3377924;122217801:2375;122217801:28232;122217801:138748;122217801:138749;32047:93470;1628348:11468;33069:29447291;22121:30905;22009:21671;122217803:30914;22066:29563;22061:21671;122217965:3227750,,0.0,2007-09-10,2007,9
393380275,25185692215,50006602,50008168,21458:101888304;13023209:263960433;10984217:30035;21479:106713;21967:29841;122217803:30915;25935:21991;1628665:3233942;1628665:92012;1628665:31614;1628665:61550;1628665:29778;1628665:3233938;1628665:82340;21475:3229496;21475:38368874;21475:19811010,1,2014-07-29,2014,7,1,1,21458:101888304;13023209:263960433;10984217:30035;21479:106713;21967:29841;122217803:30915;25935:21991;1628665:3233942;1628665:92012;1628665:31614;1628665:61550;1628665:29778;1628665:3233938;1628665:82340;21475:3229496;21475:38368874;21475:19811010,20100209.0,0.0,2010-02-09,2010,2
882909923,36344284817,50010558,50008168,21458:128507972;1633959:34723;25935:21990;1628348:3229644;3079382:29641138;8151548:3309760;1627349:11462;1628366:32799;13394971:30993;3988915:29447291;13395135:33213;13399649:3306112;1628665:3233939;1628665:92012;1628665:29790;1628665:31614;1628665:61550;1628665:3233940;22019:3340598;22019:34731;22019:2026;32047:93470;1628305:3229394;1628306:3229402,1,2014-01-04,2014,1,5,1,21458:128507972;1633959:34723;25935:21990;1628348:3229644;3079382:29641138;8151548:3309760;1627349:11462;1628366:32799;13394971:30993;3988915:29447291;13395135:33213;13399649:3306112;1628665:3233939;1628665:92012;1628665:29790;1628665:31614;1628665:61550;1628665:3233940;22019:3340598;22019:34731;22019:2026;32047:93470;1628305:3229394;1628306:3229402,20120516.0,1.0,2012-05-16,2012,5
132357204,3331637994,50012777,50014815,21458:3276130;1628665:3233941;1628665:3233942;1628665:3233939;1628665:92012;1628665:29790;1628665:31614;1628665:61550;1628665:3233940;1628665:3233936;1628665:3233937;1628665:29798;1628665:29778;1628665:3233938;1628665:82340;1628665:29787;1628665:29784;1628665:29793;1628665:131622;1628665:29796;1628665:133527;1628665:108579;1628665:29785;1628665:29782;1628665:29799;1633959:6094431,1,2013-09-07,2013,9,5,1,21458:3276130;1628665:3233941;1628665:3233942;1628665:3233939;1628665:92012;1628665:29790;1628665:31614;1628665:61550;1628665:3233940;1628665:3233936;1628665:3233937;1628665:29798;1628665:29778;1628665:3233938;1628665:82340;1628665:29787;1628665:29784;1628665:29793;1628665:131622;1628665:29796;1628665:133527;1628665:108579;1628665:29785;1628665:29782;1628665:29799;1633959:6094431,20111125.0,1.0,2011-11-25,2011,11
659749250,12929573479,50006843,38,21458:139021;1642790:132993608;15821631:10411799;2815901:105221040;21476:21797;21475:114226;6933666:96059;33595:29230,1,2013-08-15,2013,8,3,1,21458:139021;1642790:132993608;15821631:10411799;2815901:105221040;21476:21797;21475:114226;6933666:96059;33595:29230,20121015.0,0.0,2012-10-15,2012,10
264008927,36480276601,50010557,50008168,21458:93980776;22009:106713;22061:30912;22066:30993;22121:30905;25935:21991;32047:93470;33069:104880;1627368:3218563;1628348:11468;13023209:3395272;122217965:3227750;1628665:29799;1628665:29778;122217801:3226274;122217801:3385599;122217801:3263874;122217801:3251926;122217801:3238422,1,2014-12-12,2014,12,4,1,21458:93980776;22009:106713;22061:30912;22066:30993;22121:30905;25935:21991;32047:93470;33069:104880;1627368:3218563;1628348:11468;13023209:3395272;122217965:3227750;1628665:29799;1628665:29778;122217801:3226274;122217801:3385599;122217801:3263874;122217801:3251926;122217801:3238422,20120325.0,0.0,2012-03-25,2012,3
133546192,36493816594,50013200,28,1628665:29790;1628665:31614;1628665:3233938;1628665:82340;11684888:22986;21475:135183931;21458:3499420;45407474:4017657;113312081:3952645;2397831:16560944,1,2014-03-17,2014,3,0,1,1628665:29790;1628665:31614;1628665:3233938;1628665:82340;11684888:22986;21475:135183931;21458:3499420;45407474:4017657;113312081:3952645;2397831:16560944,20130707.0,,2013-07-07,2013,7
66569606,13668555620,50006602,50008168,21458:48847441;10984217:30035;21479:106713;1628665:3233942;1628665:29778;1628665:3233938;21475:3472605;21475:3473865;21475:3229496;21475:38368874;122217803:30916;25935:31381;13023209:8849689,1,2014-12-12,2014,12,4,1,21458:48847441;10984217:30035;21479:106713;1628665:3233942;1628665:29778;1628665:3233938;21475:3472605;21475:3473865;21475:3229496;21475:38368874;122217803:30916;25935:31381;13023209:8849689,20120123.0,1.0,2012-01-23,2012,1
2062636887,35188277593,50023591,50022520,21458:91451367;13023209:3421274;122277773:119686;122277569:21983;21477:22516235;122217803:3290137;122217803:30916;122217803:30914;11761801:119493;22009:29800;1628665:3233942;1628665:3233939;1628665:92012;1628665:61550;1628665:3233940;1628665:3233936;1628665:3233937;1628665:29778;1628665:3233938;1628665:82340;1628665:29787;1628665:29784;1628665:29793;21967:29774;21967:29775;21967:29776;21967:29841,1,2014-12-12,2014,12,4,1,21458:91451367;13023209:3421274;122277773:119686;122277569:21983;21477:22516235;122217803:3290137;122217803:30916;122217803:30914;11761801:119493;22009:29800;1628665:3233942;1628665:3233939;1628665:92012;1628665:61550;1628665:3233940;1628665:3233936;1628665:3233937;1628665:29778;1628665:3233938;1628665:82340;1628665:29787;1628665:29784;1628665:29793;21967:29774;21967:29775;21967:29776;21967:29841,20150315.0,1.0,2015-03-15,2015,3
86828233,19444551906,121364022,50008168,21458:108838;1628665:29778;1628665:29782;1628665:29784;1628665:29785;1628665:29787;1628665:29796;25935:21991;22061:14033338;122277773:30904;122217801:3340598;122217801:34731;122217801:2026;122217801:50793479;122217801:3287412;122217801:3377924;30640:93470;122217803:30915;22009:27417714;22066:30993;22121:30905;1628348:11468;13023209:3884331,1,2014-05-31,2014,5,5,1,21458:108838;1628665:29778;1628665:29782;1628665:29784;1628665:29785;1628665:29787;1628665:29796;25935:21991;22061:14033338;122277773:30904;122217801:3340598;122217801:34731;122217801:2026;122217801:50793479;122217801:3287412;122217801:3377924;30640:93470;122217803:30915;22009:27417714;22066:30993;22121:30905;1628348:11468;13023209:3884331,,0.0,2008-01-21,2008,1
270377458,7279461500,50010566,50008168,25935:21991;32047:93471;1627349:114518;1628366:32799;3988915:104912;8151548:3297582;13395135:30912;1628665:92012;1628665:3233938;1628665:3233942;1628665:61550;22019:3228688;22019:3238327;22019:3261251;22019:3265977;21458:4450386;1633959:2506,1,2012-09-13,2012,9,3,1,25935:21991;32047:93471;1627349:114518;1628366:32799;3988915:104912;8151548:3297582;13395135:30912;1628665:92012;1628665:3233938;1628665:3233942;1628665:61550;22019:3228688;22019:3238327;22019:3261251;22019:3265977;21458:4450386;1633959:2506,20120402.0,0.0,2012-04-02,2012,4
125840215,19829152567,50003700,28,1628665:3233941;1628665:3233942;1628665:3233939;1628665:92012;6725953:48332;22044:29735;6796859:52368;8004773:76775745;12703156:3372959;11684888:104528258;21458:153298888;19483953:75677576,1,2013-11-02,2013,11,5,1,1628665:3233941;1628665:3233942;1628665:3233939;1628665:92012;6725953:48332;22044:29735;6796859:52368;8004773:76775745;12703156:3372959;11684888:104528258;21458:153298888;19483953:75677576,20110502.0,0.0,2011-05-02,2011,5
930683689,14308010723,50012245,50014815,21458:76453079;15924000:4455375;1628665:3233942;1628665:29784;1628665:29785;1628665:29782;1628665:29799;34682:29772;34682:29773;34682:29774,1,2013-08-31,2013,8,5,1,21458:76453079;15924000:4455375;1628665:3233942;1628665:29784;1628665:29785;1628665:29782;1628665:29799;34682:29772;34682:29773;34682:29774,20131013.0,,2013-10-13,2013,10
49561550,627441547,50012798,50014815,21458:46880;5112606:4235309;2815901:4235309;1633959:4235309;3730901:110556,1,2013-02-28,2013,2,3,1,21458:46880;5112606:4235309;2815901:4235309;1633959:4235309;3730901:110556,20130604.0,1.0,2013-06-04,2013,6
889878950,41352889142,50010558,50008168,21458:30992;25935:21990;1628665:29784;1628665:29799;122217801:3340598;122217801:34731;122217801:2026;122217801:50793479;122217801:3287412;32047:93470;122217973:117133366;1628306:3229402;1628348:3229644;10144346:29641138;22009:29800;122217965:29431631;122217803:30914;22066:30993;33069:29447291;22061:14033338;33203:3502330,1,2014-10-14,2014,10,1,1,21458:30992;25935:21990;1628665:29784;1628665:29799;122217801:3340598;122217801:34731;122217801:2026;122217801:50793479;122217801:3287412;32047:93470;122217973:117133366;1628306:3229402;1628348:3229644;10144346:29641138;22009:29800;122217965:29431631;122217803:30914;22066:30993;33069:29447291;22061:14033338;33203:3502330,20130901.0,0.0,2013-09-01,2013,9
113554421,18263602472,50018831,50014815,21458:16311407;29259819:84303279;29449856:73647252;21487:29775;6798969:51746;7250727:21892;33337:3223235;33595:29230;1556:28893,12,2013-05-14,2013,5,1,12,21458:16311407;29259819:84303279;29449856:73647252;21487:29775;6798969:51746;7250727:21892;33337:3223235;33595:29230;1556:28893,20100909.0,0.0,2010-09-09,2010,9
290360210,13716364917,50015727,50014815,1628665:3233941;1628665:3233942;1628665:3233939;1628665:92012;1628665:29790;1628665:31614;1628665:61550;1628665:3233940;1628665:3233936;1628665:3233937;1628665:29798;1628665:29778;1628665:3233938;1628665:82340;1628665:29787;1628665:29784;1628665:29793;1628665:131622;1628665:29796;1628665:133527;1628665:108579;1628665:29785;1628665:29782;1628665:29799;7107736:3227806;21458:3274668;1633959:97517,1,2013-12-12,2013,12,3,1,1628665:3233941;1628665:3233942;1628665:3233939;1628665:92012;1628665:29790;1628665:31614;1628665:61550;1628665:3233940;1628665:3233936;1628665:3233937;1628665:29798;1628665:29778;1628665:3233938;1628665:82340;1628665:29787;1628665:29784;1628665:29793;1628665:131622;1628665:29796;1628665:133527;1628665:108579;1628665:29785;1628665:29782;1628665:29799;7107736:3227806;21458:3274668;1633959:97517,20131029.0,0.0,2013-10-29,2013,10
530044678,14682882892,50013711,50008168,21458:30992;1628665:3233942;1628665:31614;1628665:29778;1628665:82340;1628665:29796;22019:34731;22019:2026;22019:50793479;22019:3287412;22019:3377924;23181:31427;35779:131770;1628366:30915;25935:21991;8151548:29800;13394971:31377;13395135:30910,1,2013-04-17,2013,4,2,1,21458:30992;1628665:3233942;1628665:31614;1628665:29778;1628665:82340;1628665:29796;22019:34731;22019:2026;22019:50793479;22019:3287412;22019:3377924;23181:31427;35779:131770;1628366:30915;25935:21991;8151548:29800;13394971:31377;13395135:30910,,0.0,2008-01-01,2008,1
550066806,16726290116,50006602,50008168,30497:46155;30498:46160;1628665:29778;1628665:3233938;1628665:82340;1628665:29787;1628324:3473865;5426651:29773;1628366:3230095;25935:21990,1,2014-01-03,2014,1,4,1,30497:46155;30498:46160;1628665:29778;1628665:3233938;1628665:82340;1628665:29787;1628324:3473865;5426651:29773;1628366:3230095;25935:21990,20131101.0,1.0,2013-11-01,2013,11
593315800,35591558752,50010566,50008168,21458:32270;1633959:357991945;25935:21991;32047:93470;1628348:11468;3988915:104912;2904342:30905;8151548:11580;1628366:30916;13394971:3381725;13395135:30912;1627349:3218241;1628665:3233942;1628665:61550;1628665:3233938;1628665:82340;1628665:29784;22019:34731;22019:2026;22019:50793479;22019:3287412;22019:3377924;22019:2375;22019:28232,1,2013-11-11,2013,11,0,1,21458:32270;1633959:357991945;25935:21991;32047:93470;1628348:11468;3988915:104912;2904342:30905;8151548:11580;1628366:30916;13394971:3381725;13395135:30912;1627349:3218241;1628665:3233942;1628665:61550;1628665:3233938;1628665:82340;1628665:29784;22019:34731;22019:2026;22019:50793479;22019:3287412;22019:3377924;22019:2375;22019:28232,20120923.0,1.0,2012-09-23,2012,9
1063363684,36319082960,121402021,50008168,1628665:3233941;1628665:3233942;1628665:3233939;1628665:92012;1628665:29790;1628665:31614;1628665:61550;1628665:3233940;1628665:3233936;1628665:3233937;1628665:29798;1628665:29778;1628665:3233938;1628665:82340;1628665:29787;1628665:29784;1628665:29793;1628665:131622;1628665:29796;1628665:133527;1628665:108579;1628665:29785;1628665:29782;1628665:29799;25935:31381;122217801:3275004;122217801:3261251;122217801:3228688;122217801:3265977;22009:29800;13023209:3287856;21458:21952,1,2014-10-10,2014,10,4,1,1628665:3233941;1628665:3233942;1628665:3233939;1628665:92012;1628665:29790;1628665:31614;1628665:61550;1628665:3233940;1628665:3233936;1628665:3233937;1628665:29798;1628665:29778;1628665:3233938;1628665:82340;1628665:29787;1628665:29784;1628665:29793;1628665:131622;1628665:29796;1628665:133527;1628665:108579;1628665:29785;1628665:29782;1628665:29799;25935:31381;122217801:3275004;122217801:3261251;122217801:3228688;122217801:3265977;22009:29800;13023209:3287856;21458:21952,20141114.0,0.0,2014-11-14,2014,11
276632530,39142982662,50006028,50022520,21458:42110780;138121750:622459999;11761801:105117666;21479:21671;21477:21646;122217965:3227750;122217803:3290137;1628665:61550;21967:29772;21967:29773;21967:29774,1,2014-12-15,2014,12,0,1,21458:42110780;138121750:622459999;11761801:105117666;21479:21671;21477:21646;122217965:3227750;122217803:3290137;1628665:61550;21967:29772;21967:29773;21967:29774,20120716.0,1.0,2012-07-16,2012,7
47138383,13272130226,50018831,50014815,21458:34096;7255171:4339941;7262197:71038175;1556:29851;21487:29775;6798969:51746;7250727:21892;33337:3223235;33595:28481,2,2013-02-18,2013,2,0,2,21458:34096;7255171:4339941;7262197:71038175;1556:29851;21487:29775;6798969:51746;7250727:21892;33337:3223235;33595:28481,20101221.0,0.0,2010-12-21,2010,12
488469409,22458135479,50012432,50014815,21458:119533678;1628665:3233938;1628665:29796;1628665:29782;13023209:318123648;2397831:16561164;22009:106713,1,2014-09-04,2014,9,3,1,21458:119533678;1628665:3233938;1628665:29796;1628665:29782;13023209:318123648;2397831:16561164;22009:106713,20140809.0,1.0,2014-08-09,2014,8
2298687186,42483180297,50013636,50008168,21458:216724052;36628385:3332998;1628665:3233938;1628665:29784;1628665:29799;25935:21991;32047:93471;122217801:3265977;122217801:3248884;122217801:3340598;122217801:34731;122217801:125938;22135:31412;122217803:30916;22009:27417714;122277569:21983;2049128:117906617;22066:31379;22022:110150624;122277668:117942785,1,2015-01-28,2015,1,2,1,21458:216724052;36628385:3332998;1628665:3233938;1628665:29784;1628665:29799;25935:21991;32047:93471;122217801:3265977;122217801:3248884;122217801:3340598;122217801:34731;122217801:125938;22135:31412;122217803:30916;22009:27417714;122277569:21983;2049128:117906617;22066:31379;22022:110150624;122277668:117942785,20121009.0,1.0,2012-10-09,2012,10
52404311,13061238376,50013636,50008168,21458:216291676;13023209:3379870;35044286:3379870;25935:31381;22135:31412;122217803:30914;22009:29800;122277569:21983;2049128:117906617;22066:31379;22022:102274034;122277668:119686;122217803:30916;1628665:3233941;1628665:29790;1628665:3233940;1628665:3233936;1628665:29798;1628665:29787;1628665:29784;1628665:133527;1628665:29785;1628665:29782;122217801:2026;122217801:50793479;122217801:3287412;122217801:3377924;122217801:2375,1,2014-12-15,2014,12,0,1,21458:216291676;13023209:3379870;35044286:3379870;25935:31381;22135:31412;122217803:30914;22009:29800;122277569:21983;2049128:117906617;22066:31379;22022:102274034;122277668:119686;122217803:30916;1628665:3233941;1628665:29790;1628665:3233940;1628665:3233936;1628665:29798;1628665:29787;1628665:29784;1628665:133527;1628665:29785;1628665:29782;122217801:2026;122217801:50793479;122217801:3287412;122217801:3377924;122217801:2375,20100924.0,1.0,2010-09-24,2010,9
430319227,9807202789,50013874,28,21458:11580;1628665:3233941;1628665:3233942;1628665:3233939;1628665:92012;1628665:29790;1628665:31614;1628665:61550;1628665:3233940;1628665:3233936;1628665:3233937;1628665:29798;1628665:29778;1628665:3233938;1628665:82340;1628665:29787;21475:114224,1,2012-08-24,2012,8,4,1,21458:11580;1628665:3233941;1628665:3233942;1628665:3233939;1628665:92012;1628665:29790;1628665:31614;1628665:61550;1628665:3233940;1628665:3233936;1628665:3233937;1628665:29798;1628665:29778;1628665:3233938;1628665:82340;1628665:29787;21475:114224,20110615.0,0.0,2011-06-15,2011,6
929425316,39639604734,121426038,50014815,21458:12716434;4533980:178451822;141490074:47142;35451:493282112;22757:29230;2815901:112371155,1,2015-01-26,2015,1,0,1,21458:12716434;4533980:178451822;141490074:47142;35451:493282112;22757:29230;2815901:112371155,20110912.0,0.0,2011-09-12,2011,9
642755513,25469708168,50007011,50008168,1628665:3233941;1628665:3233942;1628665:3233939;1628665:92012;1628665:29790;1628665:61550;1628665:3233940;1628665:3233936;1628665:3233937;1628665:29798;1628665:29778;1628665:3233938;1628665:82340;1628665:29787;1628665:29784;1628665:29793;1628665:131622;1628665:29796;1628665:133527;1628665:108579;1628665:29785;122217637:20953716;21475:9319927;123410248:133197;25935:31381;21967:29841;13023209:50791424;21458:252285929,1,2014-03-20,2014,3,3,1,1628665:3233941;1628665:3233942;1628665:3233939;1628665:92012;1628665:29790;1628665:61550;1628665:3233940;1628665:3233936;1628665:3233937;1628665:29798;1628665:29778;1628665:3233938;1628665:82340;1628665:29787;1628665:29784;1628665:29793;1628665:131622;1628665:29796;1628665:133527;1628665:108579;1628665:29785;122217637:20953716;21475:9319927;123410248:133197;25935:31381;21967:29841;13023209:50791424;21458:252285929,20131026.0,0.0,2013-10-26,2013,10
163555902,18350255057,50010544,50008168,25935:21990;1628665:3233941;1628665:29798;22019:2026;22019:50793479;22019:3287412;22019:3385599;22019:3226274;22019:138748;32047:93471;1628348:3229645;1628021:48960;13510285:3450338,1,2013-01-03,2013,1,3,1,25935:21990;1628665:3233941;1628665:29798;22019:2026;22019:50793479;22019:3287412;22019:3385599;22019:3226274;22019:138748;32047:93471;1628348:3229645;1628021:48960;13510285:3450338,,1.0,2009-05-02,2009,5
31235454,16674140540,50013207,50008168,21458:584183620;1628665:3233941;1628665:3233942;1628665:3233939;1628665:92012;1628665:29790;1628665:31614;1628665:3233940;1628665:3233936;1628665:3233937;1628665:3233938;1628665:82340;1628665:29787;1628665:29784;1628665:29793;1628665:131622;1628665:108579;1628665:29785;1628665:29782;1628665:29799;22121:31004;122217801:3340598;122217801:34731;122217801:2026;122217801:50793479;122217801:3287412;122217801:3263874;122217801:3385599;122217801:3226274;25935:31381;13023209:3328571;32047:93470;22009:29800;22066:31379;22061:30912;122217806:30902,1,2014-10-07,2014,10,1,1,21458:584183620;1628665:3233941;1628665:3233942;1628665:3233939;1628665:92012;1628665:29790;1628665:31614;1628665:3233940;1628665:3233936;1628665:3233937;1628665:3233938;1628665:82340;1628665:29787;1628665:29784;1628665:29793;1628665:131622;1628665:108579;1628665:29785;1628665:29782;1628665:29799;22121:31004;122217801:3340598;122217801:34731;122217801:2026;122217801:50793479;122217801:3287412;122217801:3263874;122217801:3385599;122217801:3226274;25935:31381;13023209:3328571;32047:93470;22009:29800;22066:31379;22061:30912;122217806:30902,20110319.0,0.0,2011-03-19,2011,3
253581310,20005753685,50011993,28,21458:7087439;13023209:309254267;122218042:50276;1628861:21671;32959:104027;122217889:82125;21479:31542;6863019:3726638;11684888:11468;21475:135183931;1628665:133527;6864839:65569917;6864839:75472461;6864839:26762606;6864839:99061;6864839:99060;6864839:99201;6864839:75475273;6864839:75475274;6864839:75475275;6864839:75475276;6864839:99063;6864839:4105896;6864839:119507;6864839:119508;6864839:14391487;6864839:6345061;6864839:99064,1,2014-05-18,2014,5,6,1,21458:7087439;13023209:309254267;122218042:50276;1628861:21671;32959:104027;122217889:82125;21479:31542;6863019:3726638;11684888:11468;21475:135183931;1628665:133527;6864839:65569917;6864839:75472461;6864839:26762606;6864839:99061;6864839:99060;6864839:99201;6864839:75475273;6864839:75475274;6864839:75475275;6864839:75475276;6864839:99063;6864839:4105896;6864839:119507;6864839:119508;6864839:14391487;6864839:6345061;6864839:99064,20140411.0,0.0,2014-04-11,2014,4
914074800,12846555012,50013187,28,1628665:3233941;1628665:29790;1628665:31614;1628665:61550;1628665:3233937;1628665:3233938;1628665:29784;1628665:29793;1628665:131622;1628665:108579;1628665:29785;1628665:29782;1628665:29799;21475:275708185;11988555:71108369;35833:21671;22891:106862020;22891:106862021;22891:106862022;11684888:22986;21458:8806175;9331496:131771999;2397831:16561404,1,2014-07-01,2014,7,1,1,1628665:3233941;1628665:29790;1628665:31614;1628665:61550;1628665:3233937;1628665:3233938;1628665:29784;1628665:29793;1628665:131622;1628665:108579;1628665:29785;1628665:29782;1628665:29799;21475:275708185;11988555:71108369;35833:21671;22891:106862020;22891:106862021;22891:106862022;11684888:22986;21458:8806175;9331496:131771999;2397831:16561404,20140219.0,,2014-02-19,2014,2
829213583,20326213051,50013636,50008168,21458:30992;1628665:3233941;1628665:29790;1628665:3233936;25935:31381;122217801:3238327;122217801:3228688;122217801:3265977;122217801:3340598;122217801:34731;122217801:2026;122217801:50793479;122217801:3287412;122217801:3377924;13658074:125352,1,2014-12-22,2014,12,0,1,21458:30992;1628665:3233941;1628665:29790;1628665:3233936;25935:31381;122217801:3238327;122217801:3228688;122217801:3265977;122217801:3340598;122217801:34731;122217801:2026;122217801:50793479;122217801:3287412;122217801:3377924;13658074:125352,20131110.0,0.0,2013-11-10,2013,11
58199199,16436704905,211122,38,21458:3270818;33595:28871;21475:137322;6933553:22422831;6933666:96059;1661547:35957265;3822078:4193416,4,2012-10-16,2012,10,1,4,21458:3270818;33595:28871;21475:137322;6933553:22422831;6933666:96059;1661547:35957265;3822078:4193416,20110702.0,0.0,2011-07-02,2011,7
24829944,15098657498,50011819,50022520,21458:21910;5163602:47386;5185211:70306389;122277539:3820625;13023209:8984486;122277599:7550999;22757:21671,2,2014-09-20,2014,9,5,2,21458:21910;5163602:47386;5185211:70306389;122277539:3820625;13023209:8984486;122277599:7550999;22757:21671,20140826.0,1.0,2014-08-26,2014,8
167910527,16440368756,50010555,50008168,21458:30992;25935:31381;1628665:3233942;1628665:92012;1628665:29790;1628665:31614;1628665:61550;1628665:3233936;1628665:3233937;1628665:29798;1628665:3233938;1628665:82340;1628665:29787;1628665:29784;1628665:29793;1628665:131622;1628665:29796;1628665:133527;1628665:108579;1628665:29785;1628665:29782;22019:3275004;22019:3261251;22019:3238327;22019:3228688;22019:3265977;3783431:38363840;32047:93471;1628366:30915;8151548:29800;3988915:104912;1628348:11468;3731658:30903;35397:38363840;1633959:223984299,1,2013-03-12,2013,3,1,1,21458:30992;25935:31381;1628665:3233942;1628665:92012;1628665:29790;1628665:31614;1628665:61550;1628665:3233936;1628665:3233937;1628665:29798;1628665:3233938;1628665:82340;1628665:29787;1628665:29784;1628665:29793;1628665:131622;1628665:29796;1628665:133527;1628665:108579;1628665:29785;1628665:29782;22019:3275004;22019:3261251;22019:3238327;22019:3228688;22019:3265977;3783431:38363840;32047:93471;1628366:30915;8151548:29800;3988915:104912;1628348:11468;3731658:30903;35397:38363840;1633959:223984299,20121121.0,0.0,2012-11-21,2012,11
809862801,36251688391,50012475,28,21458:4192454;6448382:258706097;1633959:3407869;2048414:11183711;11684888:104528257;1628665:3233941;1628665:3233942;1628665:3233939;1628665:29790;1628665:31614;1628665:29798;1628665:3233938;1628665:29793;21475:11488282,1,2014-02-16,2014,2,6,1,21458:4192454;6448382:258706097;1633959:3407869;2048414:11183711;11684888:104528257;1628665:3233941;1628665:3233942;1628665:3233939;1628665:29790;1628665:31614;1628665:29798;1628665:3233938;1628665:29793;21475:11488282,20140121.0,1.0,2014-01-21,2014,1
119127104,20999672795,50006602,50008168,30497:21986;1628665:3233941;1628665:3233942;1628665:3233939;1628665:29790;1628665:31614;1628665:61550;1628665:3233940;1628665:3233936;1628665:3233937;1628324:7202757;1628324:3472605;1628324:3473865,1,2012-11-14,2012,11,2,1,30497:21986;1628665:3233941;1628665:3233942;1628665:3233939;1628665:29790;1628665:31614;1628665:61550;1628665:3233940;1628665:3233936;1628665:3233937;1628324:7202757;1628324:3472605;1628324:3473865,20110820.0,1.0,2011-08-20,2011,8
1844317769,2755199070,121434042,50014815,6851452:11580;21458:25491957;8381506:21178078,1,2014-11-25,2014,11,1,1,6851452:11580;21458:25491957;8381506:21178078,20140626.0,0.0,2014-06-26,2014,6
93083084,18645721965,50013715,50014815,123406276:101452097;138195525:118346423;1628665:29790;1628665:29798;1628665:3233938;1628665:29784;1628665:29793;1628665:133527;1628665:29782;1628665:29799;122277773:19394859;33337:112381348;21475:101394456;30570:78686283;8229921:101395842;21479:3431855;21458:143027833,1,2015-01-06,2015,1,1,1,123406276:101452097;138195525:118346423;1628665:29790;1628665:29798;1628665:3233938;1628665:29784;1628665:29793;1628665:133527;1628665:29782;1628665:29799;122277773:19394859;33337:112381348;21475:101394456;30570:78686283;8229921:101395842;21479:3431855;21458:143027833,20131211.0,0.0,2013-12-11,2013,12
363147332,41773696267,50010542,50008168,115931637:36783070;21458:178967972;13023209:11412492;25935:21990;1628665:61550;1628665:29784;1628665:29796;122217801:3284610;122217801:34731;122217801:2026;122217801:50793479;122217801:3287412;122217801:3377924;122217801:2375;122217801:28232;32047:93471;122217803:30916;122217965:114518;22009:29813;33069:29447291;22066:31379;6863019:3269145;22061:30912,1,2014-11-02,2014,11,6,1,115931637:36783070;21458:178967972;13023209:11412492;25935:21990;1628665:61550;1628665:29784;1628665:29796;122217801:3284610;122217801:34731;122217801:2026;122217801:50793479;122217801:3287412;122217801:3377924;122217801:2375;122217801:28232;32047:93471;122217803:30916;122217965:114518;22009:29813;33069:29447291;22066:31379;6863019:3269145;22061:30912,,1.0,2009-01-29,2009,1
294750833,38832277434,50005979,50022520,21458:86130413;13023209:604161987;122277773:3272703;122277593:21978;11644932:3227806;2397831:16561164;1628665:29790,1,2014-11-11,2014,11,1,1,21458:86130413;13023209:604161987;122277773:3272703;122277593:21978;11644932:3227806;2397831:16561164;1628665:29790,20130730.0,1.0,2013-07-30,2013,7
894103508,21891635252,121364031,50014815,1628665:61550;1628665:29787;1628665:29782;13023209:298103466;21458:17015778,1,2014-09-28,2014,9,6,1,1628665:61550;1628665:29787;1628665:29782;13023209:298103466;21458:17015778,20141021.0,0.0,2014-10-21,2014,10
834678463,15062218359,50015579,50022520,21458:114788475;15659055:48689;15659132:47566283,1,2014-04-19,2014,4,5,1,21458:114788475;15659055:48689;15659132:47566283,20140610.0,1.0,2014-06-10,2014,6
248962105,36448316530,50013636,50008168,21458:116358163;13023209:1860;13836024:1860;25935:31381;32047:93472;22135:31410;122217803:30914;22009:29800;122277569:21983;2049128:117906617;22066:30993;22022:110150624;122277668:119686;1628665:3233941;1628665:3233942;1628665:3233939;1628665:92012;1628665:29790;1628665:31614;1628665:61550;1628665:3233940;1628665:3233936;1628665:3233937;1628665:3233938;1628665:82340;1628665:29787;1628665:29784;1628665:29793;1628665:131622;1628665:29796;1628665:133527;1628665:108579;122217801:3261251;122217801:3238327;122217801:3228688;122217801:3265977;122217801:3248884;122217801:3340598;122217801:34731,1,2014-05-21,2014,5,2,1,21458:116358163;13023209:1860;13836024:1860;25935:31381;32047:93472;22135:31410;122217803:30914;22009:29800;122277569:21983;2049128:117906617;22066:30993;22022:110150624;122277668:119686;1628665:3233941;1628665:3233942;1628665:3233939;1628665:92012;1628665:29790;1628665:31614;1628665:61550;1628665:3233940;1628665:3233936;1628665:3233937;1628665:3233938;1628665:82340;1628665:29787;1628665:29784;1628665:29793;1628665:131622;1628665:29796;1628665:133527;1628665:108579;122217801:3261251;122217801:3238327;122217801:3228688;122217801:3265977;122217801:3248884;122217801:3340598;122217801:34731,20130726.0,0.0,2013-07-26,2013,7
41643429,12715037736,50024627,28,21458:3467176;13216395:40997313;11684888:22986;21475:275708185;1628665:3233941,1,2014-10-10,2014,10,4,1,21458:3467176;13216395:40997313;11684888:22986;21475:275708185;1628665:3233941,20140322.0,1.0,2014-03-22,2014,3
1050126413,37983949722,50018831,50014815,21458:74333163;46372201:61035386;128308189:74813223;123923464:29774;25935:51746;7250727:21892;33337:321398229;22757:29230;122218054:74813223;122217774:3245530,1,2014-11-11,2014,11,1,1,21458:74333163;46372201:61035386;128308189:74813223;123923464:29774;25935:51746;7250727:21892;33337:321398229;22757:29230;122218054:74813223;122217774:3245530,20140518.0,0.0,2014-05-18,2014,5
66248748,14869136708,50012456,50014815,21458:4488171;1633959:3369777,1,2012-07-14,2012,7,5,1,21458:4488171;1633959:3369777,20120908.0,0.0,2012-09-08,2012,9
300931383,37653352823,50010558,50008168,21458:33514;13023209:33103556;25935:31381;1628348:11468;10144346:29641134;22009:29800;122217965:3218241;122217803:30915;22066:30993;33069:104880;22061:14033338;33203:3502330;1628665:3233938;1628665:29796;1628665:29782;122217801:3228688;122217801:3265977;122217801:3340598,1,2014-03-26,2014,3,2,1,21458:33514;13023209:33103556;25935:31381;1628348:11468;10144346:29641134;22009:29800;122217965:3218241;122217803:30915;22066:30993;33069:104880;22061:14033338;33203:3502330;1628665:3233938;1628665:29796;1628665:29782;122217801:3228688;122217801:3265977;122217801:3340598,20131219.0,0.0,2013-12-19,2013,12
816914951,18803570968,121382040,28,21458:4192454;13023209:599270316;32077644:599270316;21475:275708185,1,2014-12-12,2014,12,4,1,21458:4192454;13023209:599270316;32077644:599270316;21475:275708185,20140928.0,0.0,2014-09-28,2014,9
785311611,42426146535,50011993,28,21475:135183931;32959:104027;1628665:3233941;1628665:3233942;1628665:3233939;1628665:92012;1628665:29790;1628665:31614;1628665:61550;1628665:3233940;1628665:3233936;1628665:3233937;1628665:29798;1628665:29778;1628665:3233938;1628665:82340;1628665:29787;1628665:29784;1628665:29793;1628665:131622;1628665:29796;6863019:14997368;6864839:26762606,1,2015-01-20,2015,1,1,1,21475:135183931;32959:104027;1628665:3233941;1628665:3233942;1628665:3233939;1628665:92012;1628665:29790;1628665:31614;1628665:61550;1628665:3233940;1628665:3233936;1628665:3233937;1628665:29798;1628665:29778;1628665:3233938;1628665:82340;1628665:29787;1628665:29784;1628665:29793;1628665:131622;1628665:29796;6863019:14997368;6864839:26762606,20121003.0,0.0,2012-10-03,2012,10
264579453,14016642158,121540027,28,21458:3571901;128062138:564927689;11945782:7813537;11684888:22986;21479:28619;12082847:107548441;21475:275708185;1628665:11453;1628665:11516251;1628665:6074618;1628665:3233941;1628665:131277;1628665:3344677;1628665:3233942;1628665:4514833;1628665:174145480;1628665:3233939;1628665:11451;1628665:8245720;1628665:16385579;1628665:15783706,2,2014-11-26,2014,11,2,2,21458:3571901;128062138:564927689;11945782:7813537;11684888:22986;21479:28619;12082847:107548441;21475:275708185;1628665:11453;1628665:11516251;1628665:6074618;1628665:3233941;1628665:131277;1628665:3344677;1628665:3233942;1628665:4514833;1628665:174145480;1628665:3233939;1628665:11451;1628665:8245720;1628665:16385579;1628665:15783706,20140512.0,0.0,2014-05-12,2014,5
276219687,15654707348,50012564,50014815,21458:21906;13228646:4249290;13231686:3265977;4859783:4103416;4890199:3265977;8456532:47756298,1,2013-03-12,2013,3,1,1,21458:21906;13228646:4249290;13231686:3265977;4859783:4103416;4890199:3265977;8456532:47756298,20130529.0,1.0,2013-05-29,2013,5
269267507,15263653132,50013207,50008168,1628665:29784;22019:31001;22019:3275004;22019:3261251;22019:3238327;22019:3228688;22019:3265977;25935:21991,1,2013-02-16,2013,2,5,1,1628665:29784;22019:31001;22019:3275004;22019:3261251;22019:3238327;22019:3228688;22019:3265977;25935:21991,20121120.0,1.0,2012-11-20,2012,11
185178295,40129281930,50003700,28,123273479:69698323;21475:135183931;6725953:48332;3139975:48644;21958:28481;21458:3625758;18837527:263419534,1,2014-08-19,2014,8,1,1,123273479:69698323;21475:135183931;6725953:48332;3139975:48644;21958:28481;21458:3625758;18837527:263419534,20140813.0,1.0,2014-08-13,2014,8
1692582408,41266340079,50010558,50008168,25935:21991;1628665:3233942;1628665:3233939;1628665:29790;1628665:3233936;1628665:29798;1628665:29782;122217801:3248884;122217801:3284610;122217801:125938;122217801:3238422;122217801:3251926;122217801:3263874;32047:93470;122217973:30363;1628306:3229398;1628348:3229644;10144346:29641138;22009:29800;122217965:3227750;122217803:30914;22066:30993;33069:104880;22061:14033338;33203:3502330,1,2014-12-13,2014,12,5,1,25935:21991;1628665:3233942;1628665:3233939;1628665:29790;1628665:3233936;1628665:29798;1628665:29782;122217801:3248884;122217801:3284610;122217801:125938;122217801:3238422;122217801:3251926;122217801:3263874;32047:93470;122217973:30363;1628306:3229398;1628348:3229644;10144346:29641138;22009:29800;122217965:3227750;122217803:30914;22066:30993;33069:104880;22061:14033338;33203:3502330,20120712.0,0.0,2012-07-12,2012,7
178032355,17887907923,50011993,28,21458:3522114;1628862:33259;21475:137325;1628861:3251270;32959:104027;1628665:29790;1628665:3233936;1628665:29798;1628665:3233938;1628665:82340;1628665:29784;1628665:108579;1628665:29782;32549:75473803;11684888:104528258,13,2013-01-21,2013,1,0,13,21458:3522114;1628862:33259;21475:137325;1628861:3251270;32959:104027;1628665:29790;1628665:3233936;1628665:29798;1628665:3233938;1628665:82340;1628665:29784;1628665:108579;1628665:29782;32549:75473803;11684888:104528258,20130510.0,1.0,2013-05-10,2013,5
68067107,25909536641,50018820,38,21458:30992;6933666:137594;21475:108284;33595:16453265,1,2013-09-14,2013,9,5,1,21458:30992;6933666:137594;21475:108284;33595:16453265,20121114.0,1.0,2012-11-14,2012,11
1887892514,35459913094,50023670,28,21458:3864886;29160088:346333517;11684888:104528258;21475:137325;1628665:3233941;1628665:3233942;1628665:29790;1628665:31614;1628665:3233936;1628665:3233937;1628665:3233938;1628665:82340;1628665:29793;1628665:131622;1628665:29796;1628665:108579;1628665:29785;1628665:29782,1,2013-11-11,2013,11,0,1,21458:3864886;29160088:346333517;11684888:104528258;21475:137325;1628665:3233941;1628665:3233942;1628665:29790;1628665:31614;1628665:3233936;1628665:3233937;1628665:3233938;1628665:82340;1628665:29793;1628665:131622;1628665:29796;1628665:108579;1628665:29785;1628665:29782,,0.0,2009-12-10,2009,12
37273026,5450218363,50018854,38,6933666:96059;6933553:106727;33595:16453265;21458:38611410;1633959:38611410,6,2013-11-05,2013,11,1,6,6933666:96059;6933553:106727;33595:16453265;21458:38611410;1633959:38611410,20120212.0,1.0,2012-02-12,2012,2
195510961,41079030632,121394024,50008168,21458:91586564;13023209:22624483;22009:29800;122217803:30914;21477:4195556;21477:30731631;21477:4069612;25935:31381;13512069:40366865;21475:61944851;21475:20145005;21475:234713719;1628665:3233942;1628665:61550;1628665:29798;1628665:3233938;1628665:82340;122217801:3238327;122217801:3228688;122217801:3265977;122217801:3340598;122217801:34731;122217801:2026;122217801:50793479,1,2014-10-29,2014,10,2,1,21458:91586564;13023209:22624483;22009:29800;122217803:30914;21477:4195556;21477:30731631;21477:4069612;25935:31381;13512069:40366865;21475:61944851;21475:20145005;21475:234713719;1628665:3233942;1628665:61550;1628665:29798;1628665:3233938;1628665:82340;122217801:3238327;122217801:3228688;122217801:3265977;122217801:3340598;122217801:34731;122217801:2026;122217801:50793479,20120116.0,1.0,2012-01-16,2012,1
47836546,17877876267,50010565,50008168,21458:57091;1628665:3233941;1628665:3233942;1628665:3233939;1628665:29790;1628665:31614;1628665:61550;1628665:3233936;1628665:3233937;1628665:29798;1628665:3233938;1628665:82340;1628665:29787;1628665:29793;1628665:131622;1628665:29796;1628665:108579;1628665:29785;1628665:29782;1628324:7202757;31976:31741;8151548:29800;1633959:13438354;2397831:40203,2,2013-11-12,2013,11,1,2,21458:57091;1628665:3233941;1628665:3233942;1628665:3233939;1628665:29790;1628665:31614;1628665:61550;1628665:3233936;1628665:3233937;1628665:29798;1628665:3233938;1628665:82340;1628665:29787;1628665:29793;1628665:131622;1628665:29796;1628665:108579;1628665:29785;1628665:29782;1628324:7202757;31976:31741;8151548:29800;1633959:13438354;2397831:40203,20120901.0,0.0,2012-09-01,2012,9
48621253,18752150065,50013207,50008168,1628665:3233941;1628665:3233942;1628665:3233939;22019:3275004;25935:31381,1,2013-06-12,2013,6,2,1,1628665:3233941;1628665:3233942;1628665:3233939;22019:3275004;25935:31381,20130125.0,1.0,2013-01-25,2013,1
398312015,19641593301,50013176,28,1628665:3233941;1628665:3233942;21479:31542;1628149:106833;21475:275708185;21458:123461975;20810127:299265658,1,2014-08-05,2014,8,1,1,1628665:3233941;1628665:3233942;21479:31542;1628149:106833;21475:275708185;21458:123461975;20810127:299265658,20140623.0,1.0,2014-06-23,2014,6
150404943,21726207611,50012365,122650008,21458:280586167;1633959:12346;1628366:30916;2397831:16561295;23346:46084;8185015:3229359;8185016:31619;8185018:31686;1629233:14543980;3034215:3224847;8185021:31415;8185017:31691;2232918:14466535;25935:21991;25935:21990;1628665:29784;1628665:29796;1628665:133527;22007:30386;22007:30387;22007:30388;22007:30389;22007:30390;22007:30391;22007:30392;22007:30393;22007:30394;22007:30395;22007:30396;22007:30397;22007:30398;22007:30399;22007:30400;22007:30338;22007:30401;22007:78118851;22007:78118763;39124336:31536,1,2013-08-10,2013,8,5,1,21458:280586167;1633959:12346;1628366:30916;2397831:16561295;23346:46084;8185015:3229359;8185016:31619;8185018:31686;1629233:14543980;3034215:3224847;8185021:31415;8185017:31691;2232918:14466535;25935:21991;25935:21990;1628665:29784;1628665:29796;1628665:133527;22007:30386;22007:30387;22007:30388;22007:30389;22007:30390;22007:30391;22007:30392;22007:30393;22007:30394;22007:30395;22007:30396;22007:30397;22007:30398;22007:30399;22007:30400;22007:30338;22007:30401;22007:78118851;22007:78118763;39124336:31536,,0.0,2005-06-18,2005,6
267910347,17458282059,50012424,28,1628665:29798;1628665:29787;1628665:29784;1628665:29796,1,2014-12-14,2014,12,6,1,1628665:29798;1628665:29787;1628665:29784;1628665:29796,,0.0,2007-11-21,2007,11
438010029,23648236275,50012364,122650008,21458:30992;23378:22626448;1628665:3233941;1628665:3233942;1628665:3233939;1628665:92012;1633959:22626448;22007:30383;22007:30384;22007:30385;22007:30386;22007:30387;22007:30388;1628366:30915;2397831:16560881;1629216:47570;25935:31381,1,2013-05-04,2013,5,5,1,21458:30992;23378:22626448;1628665:3233941;1628665:3233942;1628665:3233939;1628665:92012;1633959:22626448;22007:30383;22007:30384;22007:30385;22007:30386;22007:30387;22007:30388;1628366:30915;2397831:16560881;1629216:47570;25935:31381,20120807.0,1.0,2012-08-07,2012,8
150330797,13130520515,50012431,50014815,21458:30992;1628665:3233942;1628665:31614;1628665:3233940;1628665:3233938;1628665:82340;1628665:29787;1628665:29784;1628665:29793;1628665:131622;1628665:29796;1628665:133527;3731429:37463482;3731429:37472463;3731429:33896524;3731429:37472554;3731429:30552929;23349:4312026;2397831:16561025,1,2013-08-25,2013,8,6,1,21458:30992;1628665:3233942;1628665:31614;1628665:3233940;1628665:3233938;1628665:82340;1628665:29787;1628665:29784;1628665:29793;1628665:131622;1628665:29796;1628665:133527;3731429:37463482;3731429:37472463;3731429:33896524;3731429:37472554;3731429:30552929;23349:4312026;2397831:16561025,20120404.0,0.0,2012-04-04,2012,4
64343163,26101924419,50012451,50008168,21458:30992;1628665:3233941;1628665:3233942;1628665:3233939;1628665:92012;1628665:29790;22019:2026;22019:50793479;22019:3287412;22019:3377924;33030:104582;33162:33976;3156768:4069612;25935:21990;13512069:31494;1628324:3229496;1628324:38368874;1628324:19811010;1628324:104936,1,2013-07-05,2013,7,4,1,21458:30992;1628665:3233941;1628665:3233942;1628665:3233939;1628665:92012;1628665:29790;22019:2026;22019:50793479;22019:3287412;22019:3377924;33030:104582;33162:33976;3156768:4069612;25935:21990;13512069:31494;1628324:3229496;1628324:38368874;1628324:19811010;1628324:104936,20100123.0,1.0,2010-01-23,2010,1
414338337,16510937165,50015727,50014815,21458:7421375;13023209:47313823;1628665:3233941;1628665:92012;1628665:29790;1628665:31614;1628665:61550;1628665:3233940;1628665:3233936;1628665:3233937;1628665:29798;1628665:29787;1628665:29784;1628665:29793;1628665:131622;1628665:29796;1628665:29782,1,2014-11-23,2014,11,6,1,21458:7421375;13023209:47313823;1628665:3233941;1628665:92012;1628665:29790;1628665:31614;1628665:61550;1628665:3233940;1628665:3233936;1628665:3233937;1628665:29798;1628665:29787;1628665:29784;1628665:29793;1628665:131622;1628665:29796;1628665:29782,20150123.0,1.0,2015-01-23,2015,1
44716356,36207455567,50012474,28,1628665:3233941;1628665:29790;1628665:3233936;32959:106786333;21475:275708185;21458:33154283;8948136:33154283,1,2014-04-27,2014,4,6,1,1628665:3233941;1628665:29790;1628665:3233936;32959:106786333;21475:275708185;21458:33154283;8948136:33154283,20130211.0,0.0,2013-02-11,2013,2
614946692,41106352035,50010555,50008168,25935:31381;1628665:29798;1628665:29778;122217801:3275004;122217801:3238327;21458:6074883;139245636:186414431,1,2014-09-11,2014,9,3,1,25935:31381;1628665:29798;1628665:29778;122217801:3275004;122217801:3238327;21458:6074883;139245636:186414431,20140611.0,1.0,2014-06-11,2014,6
763368008,14210690076,50012564,50014815,21458:3253031;1986623:58863214;7528763:48750349;122217774:34731;1628149:137593;15054114:21671;8456532:4244397,1,2014-05-26,2014,5,0,1,21458:3253031;1986623:58863214;7528763:48750349;122217774:34731;1628149:137593;15054114:21671;8456532:4244397,20140830.0,1.0,2014-08-30,2014,8
47737028,24624676830,50012471,50014815,21458:30992;35451:44652,2,2014-10-25,2014,10,5,2,21458:30992;35451:44652,20120320.0,1.0,2012-03-20,2012,3
108344071,7803405251,50006602,50008168,21458:6441039;1633959:83676837;30497:21985;30498:46160;5426651:29841;1628366:3230095;25935:31381;1628665:3233942;1628665:3233938;1628665:82340;1628665:29787;1628665:29784;1628665:29793;1628665:131622;1628665:29796;1628665:133527;1628665:108579;1628324:9319927;1628324:7202757;1628324:3472605;1628324:3473865,1,2013-08-12,2013,8,0,1,21458:6441039;1633959:83676837;30497:21985;30498:46160;5426651:29841;1628366:3230095;25935:31381;1628665:3233942;1628665:3233938;1628665:82340;1628665:29787;1628665:29784;1628665:29793;1628665:131622;1628665:29796;1628665:133527;1628665:108579;1628324:9319927;1628324:7202757;1628324:3472605;1628324:3473865,20100704.0,1.0,2010-07-04,2010,7
1017818160,9305940795,50013881,28,21475:137325,5,2013-11-30,2013,11,5,5,21475:137325,20111020.0,0.0,2011-10-20,2011,10
198339735,36717475719,50015146,28,21458:7125395;21475:135183931;33969:186181773;115046300:28643006;1628665:3233941;1628665:3233942;1628665:3233939;1628665:92012;1628665:29790;1628665:31614;1628665:61550,1,2014-06-28,2014,6,5,1,21458:7125395;21475:135183931;33969:186181773;115046300:28643006;1628665:3233941;1628665:3233942;1628665:3233939;1628665:92012;1628665:29790;1628665:31614;1628665:61550,20110128.0,0.0,2011-01-28,2011,1
32950783,18536773341,50232021,50014815,21458:77653168;1628665:61550;1628665:3233938;1628665:3233942;1633959:17040911;2397831:16560972;33969:4231825,1,2013-11-08,2013,11,4,1,21458:77653168;1628665:61550;1628665:3233938;1628665:3233942;1633959:17040911;2397831:16560972;33969:4231825,20131025.0,0.0,2013-10-25,2013,10
61526102,41324909102,50012365,122650008,21458:30992;1628665:3233941;1628665:3233942;1628665:3233939;1628665:92012;22007:30376;22007:30377;22007:30381;22007:30382;22007:30383;22007:30384;22007:30385;22007:30386;122217803:30916;23346:46084;124129949:3229359;122218021:31619;122218019:31686;21948:3228727;3034215:3224847;35730:125116;122217809:31691;122218045:14466535;25935:21991;25935:21990;25935:31381;13023209:28249;2397831:16561164,1,2015-01-30,2015,1,4,1,21458:30992;1628665:3233941;1628665:3233942;1628665:3233939;1628665:92012;22007:30376;22007:30377;22007:30381;22007:30382;22007:30383;22007:30384;22007:30385;22007:30386;122217803:30916;23346:46084;124129949:3229359;122218021:31619;122218019:31686;21948:3228727;3034215:3224847;35730:125116;122217809:31691;122218045:14466535;25935:21991;25935:21990;25935:31381;13023209:28249;2397831:16561164,20110523.0,0.0,2011-05-23,2011,5
92116962,14767143572,50014272,50014815,3748803:37769102;21458:21909;5661535:73641417;7711328:51223;5260764:28477,2,2012-10-10,2012,10,2,2,3748803:37769102;21458:21909;5661535:73641417;7711328:51223;5260764:28477,20120526.0,1.0,2012-05-26,2012,5
797916383,16261260713,50013636,50008168,21458:11580;1628665:29793;1628665:108579;25935:21991;22019:31001,5,2012-07-02,2012,7,0,5,21458:11580;1628665:29793;1628665:108579;25935:21991;22019:31001,20130418.0,0.0,2013-04-18,2013,4
86967455,40051583236,50013636,50008168,21458:64450589;13584487:7308074;1628665:3233941;1628665:3233942;1628665:3233939;1628665:92012;1628665:29790;1628665:31614;1628665:61550;1628665:29798;1628665:29778;1628665:3233938;1628665:82340;1628665:29793;1628665:29782;1628665:29799;25935:21991;13023209:7308074;32047:93471;122217801:34731;122217801:2026;122217801:50793479;122217801:3287412;122217801:3377924;22135:31412;122217803:30914;122277569:21983;2049128:117906617;22066:29563;22022:102274034;122277668:119686,1,2014-09-23,2014,9,1,1,21458:64450589;13584487:7308074;1628665:3233941;1628665:3233942;1628665:3233939;1628665:92012;1628665:29790;1628665:31614;1628665:61550;1628665:29798;1628665:29778;1628665:3233938;1628665:82340;1628665:29793;1628665:29782;1628665:29799;25935:21991;13023209:7308074;32047:93471;122217801:34731;122217801:2026;122217801:50793479;122217801:3287412;122217801:3377924;22135:31412;122217803:30914;122277569:21983;2049128:117906617;22066:29563;22022:102274034;122277668:119686,,0.0,2007-08-05,2007,8
199354107,40204309209,50013207,50008168,21458:99391909;1628665:29778;1628665:29793;22121:30905;122217801:3287412;122217801:3377924;122217801:2375;122217801:28232;122217801:138749;25935:21990;32047:93470;22009:29800;22066:30993;22061:21671;122217806:30902;1628348:11468;13023209:4472715,1,2014-09-09,2014,9,1,1,21458:99391909;1628665:29778;1628665:29793;22121:30905;122217801:3287412;122217801:3377924;122217801:2375;122217801:28232;122217801:138749;25935:21990;32047:93470;22009:29800;22066:30993;22061:21671;122217806:30902;1628348:11468;13023209:4472715,20100310.0,1.0,2010-03-10,2010,3
576767101,37755146599,50010558,50008168,25935:21990;1628665:3233936;1628665:29778;122217801:3265977;122217801:3248884;122217801:3340598;122217801:3284610;122217801:34731;32047:93470;122217973:30363;1628306:3229402;1628348:11468;10144346:29641138;22009:29800;122217965:3227750;122217803:30914;22066:29563;33069:104880;22061:14033338;33203:3502330;21458:210341992,1,2014-04-05,2014,4,5,1,25935:21990;1628665:3233936;1628665:29778;122217801:3265977;122217801:3248884;122217801:3340598;122217801:3284610;122217801:34731;32047:93470;122217973:30363;1628306:3229402;1628348:11468;10144346:29641138;22009:29800;122217965:3227750;122217803:30914;22066:29563;33069:104880;22061:14033338;33203:3502330;21458:210341992,20130601.0,1.0,2013-06-01,2013,6
350099492,37022012656,50008875,28,21458:30992;1628665:3233941;1628665:3233942;1628665:3233939;1628665:92012;1628665:29790;1628665:31614;2397831:40203;21475:135183931,1,2014-07-11,2014,7,4,1,21458:30992;1628665:3233941;1628665:3233942;1628665:3233939;1628665:92012;1628665:29790;1628665:31614;2397831:40203;21475:135183931,,0.0,2008-06-22,2008,6
210263456,41464527333,50010544,50008168,25935:31381;1628665:3233937;1628665:29798;1628665:29799;122217801:3340598;122217801:34731;122217801:2026;122217801:50793479;122217801:3287412;122217801:3377924;32047:93471;1628348:3229644;122218020:48960;33069:29447291;22121:30907;22066:31379;22009:109279;22061:14033338;13510285:3450338;6863019:3269153;13023209:42837584,1,2014-12-05,2014,12,4,1,25935:31381;1628665:3233937;1628665:29798;1628665:29799;122217801:3340598;122217801:34731;122217801:2026;122217801:50793479;122217801:3287412;122217801:3377924;32047:93471;1628348:3229644;122218020:48960;33069:29447291;22121:30907;22066:31379;22009:109279;22061:14033338;13510285:3450338;6863019:3269153;13023209:42837584,20120907.0,0.0,2012-09-07,2012,9
220079966,36169271442,50011993,28,1628862:3251297;21475:137325;1628861:3251270;32959:104027;1628665:3233941;1628665:3233942;1628665:3233939;1628665:92012;31367:82125;3989193:31542;3989126:3726638;32549:65569917;32549:75472461;11684888:104528258,1,2013-11-22,2013,11,4,1,1628862:3251297;21475:137325;1628861:3251270;32959:104027;1628665:3233941;1628665:3233942;1628665:3233939;1628665:92012;31367:82125;3989193:31542;3989126:3726638;32549:65569917;32549:75472461;11684888:104528258,20100808.0,0.0,2010-08-08,2010,8
22602471,37335072772,50016102,28,21458:3247837;21479:28619;1628665:3233941;1628665:3233942;122218042:41345394;4044098:50483;11684888:11468;21475:135183931,1,2015-01-01,2015,1,3,1,21458:3247837;21479:28619;1628665:3233941;1628665:3233942;122218042:41345394;4044098:50483;11684888:11468;21475:135183931,,1.0,2009-06-01,2009,6
21887268,35498150675,50006602,50008168,30497:46154;30498:46160;1628665:3233941;1628665:3233942;1628665:3233939;1628324:3473865;1628324:3229496;1628324:38368874;5426651:29841;1628366:3230095;25935:31381;21458:37148508;1633959:3257029,2,2013-12-16,2013,12,0,2,30497:46154;30498:46160;1628665:3233941;1628665:3233942;1628665:3233939;1628324:3473865;1628324:3229496;1628324:38368874;5426651:29841;1628366:3230095;25935:31381;21458:37148508;1633959:3257029,20100526.0,0.0,2010-05-26,2010,5
1635059595,20012148622,50013636,50008168,1628665:3233941;1628665:3233942;1628665:3233939;1628665:92012;1628665:29790;1628665:108579;25935:21991;32047:93471;122217801:31001;122217801:3275004;122217801:34731;122217801:2026;122217801:50793479;122217801:3287412;122217801:3377924;122217801:2375;22135:31412;122217803:30914;22009:106665;122277569:31923;2049128:117906617;22066:31377;22022:102274034;122277668:119686;13023209:11369886;21458:48257537;13649963:11369886,1,2014-04-17,2014,4,3,1,1628665:3233941;1628665:3233942;1628665:3233939;1628665:92012;1628665:29790;1628665:108579;25935:21991;32047:93471;122217801:31001;122217801:3275004;122217801:34731;122217801:2026;122217801:50793479;122217801:3287412;122217801:3377924;122217801:2375;22135:31412;122217803:30914;22009:106665;122277569:31923;2049128:117906617;22066:31377;22022:102274034;122277668:119686;13023209:11369886;21458:48257537;13649963:11369886,,1.0,2007-09-19,2007,9
743631006,13841405997,50007011,50008168,21458:134275464;1633959:16150818;3130834:20953716;35931:133199;2124281:12439576;25935:31381;1628165:30993;8151548:106665;1628665:3233941;1628665:3233942;1628665:3233939;1628665:92012;1628665:29790;1628665:31614;1628665:61550;1628665:3233940;1628665:3233936;1628665:3233937;1628665:29798;1628665:29778;1628665:3233938;1628665:82340;1628665:29787;1628665:29784;1628665:29793;1628665:131622;1628665:29796;1628665:133527;1628665:108579;1628665:29785;1628665:29782;1628665:29799;1628324:9319927;5426651:29772,1,2013-03-28,2013,3,3,1,21458:134275464;1633959:16150818;3130834:20953716;35931:133199;2124281:12439576;25935:31381;1628165:30993;8151548:106665;1628665:3233941;1628665:3233942;1628665:3233939;1628665:92012;1628665:29790;1628665:31614;1628665:61550;1628665:3233940;1628665:3233936;1628665:3233937;1628665:29798;1628665:29778;1628665:3233938;1628665:82340;1628665:29787;1628665:29784;1628665:29793;1628665:131622;1628665:29796;1628665:133527;1628665:108579;1628665:29785;1628665:29782;1628665:29799;1628324:9319927;5426651:29772,20130224.0,1.0,2013-02-24,2013,2
156156175,18749520701,50009540,50014815,21458:21914;3095294:1860;2191928:11580;2191842:13613107;5168900:8871776;9285698:44208;1628665:3233942;1628665:29790;1628665:31614;1628665:3233940;1628665:3233936;1628665:3233937;1628665:29778;1628665:3233938;1628665:82340;1628665:131622;1628665:108579;21479:44208,1,2013-05-28,2013,5,1,1,21458:21914;3095294:1860;2191928:11580;2191842:13613107;5168900:8871776;9285698:44208;1628665:3233942;1628665:29790;1628665:31614;1628665:3233940;1628665:3233936;1628665:3233937;1628665:29778;1628665:3233938;1628665:82340;1628665:131622;1628665:108579;21479:44208,20130824.0,,2013-08-24,2013,8
348109281,13374569905,50013636,50008168,1628665:29798;1628665:29799;25935:31381;32047:93470;22019:3340598;22019:34731;22019:2026;22019:50793479;22019:3287412;22135:31412;1628366:30916;8151548:29800;13529746:21983;13529646:117906617;13394971:3086;22022:102274034;13539026:117942783;21458:3969626;13588365:3342259;1633959:3342259,1,2012-12-06,2012,12,3,1,1628665:29798;1628665:29799;25935:31381;32047:93470;22019:3340598;22019:34731;22019:2026;22019:50793479;22019:3287412;22135:31412;1628366:30916;8151548:29800;13529746:21983;13529646:117906617;13394971:3086;22022:102274034;13539026:117942783;21458:3969626;13588365:3342259;1633959:3342259,20100208.0,1.0,2010-02-08,2010,2
664236959,16563307133,121454045,38,6940834:29865;21458:33300;1628149:96059;22757:21671;33018:47042;22879:11514024;44095479:75374411,3,2014-10-07,2014,10,1,3,6940834:29865;21458:33300;1628149:96059;22757:21671;33018:47042;22879:11514024;44095479:75374411,20120726.0,0.0,2012-07-26,2012,7
111794341,19678488904,50010557,50008168,21458:158886753;1633959:3303995;25935:21990;1627368:3218565;1627349:3227750;1628432:106664;13394971:31379;3988915:7197959;2904342:31004;13395135:21671;1628348:11468;1628665:29784;22019:34731;22019:2026;22019:50793479;22019:3287412;22019:3377924;22019:2375;22019:28232;22019:138749;32047:93470,1,2013-01-23,2013,1,2,1,21458:158886753;1633959:3303995;25935:21990;1627368:3218565;1627349:3227750;1628432:106664;13394971:31379;3988915:7197959;2904342:31004;13395135:21671;1628348:11468;1628665:29784;22019:34731;22019:2026;22019:50793479;22019:3287412;22019:3377924;22019:2375;22019:28232;22019:138749;32047:93470,20100902.0,1.0,2010-09-02,2010,9
672591831,37402797191,50013207,50008168,21458:3274668;1628665:29793;1628665:29784;22121:30905;122217801:3340598;122217801:3248884;122217801:3265977;122217801:3228688;25935:21991;13023209:4303246;32047:93471;22009:29800;22066:31377;22061:114477;122217806:30902;1628348:11468,1,2014-02-26,2014,2,2,1,21458:3274668;1628665:29793;1628665:29784;22121:30905;122217801:3340598;122217801:3248884;122217801:3265977;122217801:3228688;25935:21991;13023209:4303246;32047:93471;22009:29800;22066:31377;22061:114477;122217806:30902;1628348:11468,20140807.0,1.0,2014-08-07,2014,8
127931487,16522031119,50013711,50008168,21458:28911;22019:3261251;22019:3275004;23181:31429;25935:21991;35779:131770;1628366:30915;1628665:3233941;8151548:29800;13394971:30993;13395135:33213,1,2012-08-03,2012,8,4,1,21458:28911;22019:3261251;22019:3275004;23181:31429;25935:21991;35779:131770;1628366:30915;1628665:3233941;8151548:29800;13394971:30993;13395135:33213,20120703.0,0.0,2012-07-03,2012,7
437556506,35158409536,50013636,50008168,1628665:3233941;1628665:3233942;1628665:3233939;1628665:92012;1628665:29790;1628665:31614;1628665:3233936;1628665:3233937;1628665:3233938;1628665:82340;1628665:29787;1628665:29793;1628665:131622;25935:21991;32047:93470;22019:3340598;22019:34731;22019:2026;22135:31410;1628366:30916;8151548:109279;13529746:21983;13529646:117906617;13394971:29563;22022:110150624;13539026:29479;21458:3752459;20794388:337036232;1633959:337030315,1,2013-12-26,2013,12,3,1,1628665:3233941;1628665:3233942;1628665:3233939;1628665:92012;1628665:29790;1628665:31614;1628665:3233936;1628665:3233937;1628665:3233938;1628665:82340;1628665:29787;1628665:29793;1628665:131622;25935:21991;32047:93470;22019:3340598;22019:34731;22019:2026;22135:31410;1628366:30916;8151548:109279;13529746:21983;13529646:117906617;13394971:29563;22022:110150624;13539026:29479;21458:3752459;20794388:337036232;1633959:337030315,20110928.0,0.0,2011-09-28,2011,9
674478679,40624526192,50009540,50014815,1628665:3233942;1628665:3233938;1628665:29793;1628665:131622;2191928:47386;2191842:13613106;21479:50666323;122451853:8871776;22277:3818789;2815901:657963733;21458:308169959,1,2014-12-14,2014,12,6,1,1628665:3233942;1628665:3233938;1628665:29793;1628665:131622;2191928:47386;2191842:13613106;21479:50666323;122451853:8871776;22277:3818789;2815901:657963733;21458:308169959,20140201.0,1.0,2014-02-01,2014,2
378028878,19285625410,50146022,50008168,1628665:23420;1628665:23423;1628665:29782;1628665:29785;1628665:29793;1628665:29799;33245:23416;8151548:106664;22019:3340598;22019:34731;22019:2026,1,2013-12-07,2013,12,5,1,1628665:23420;1628665:23423;1628665:29782;1628665:29785;1628665:29793;1628665:29799;33245:23416;8151548:106664;22019:3340598;22019:34731;22019:2026,20120208.0,0.0,2012-02-08,2012,2
697526248,10223139731,50012436,50014815,21458:30992;1628665:3233941;1628665:3233942;1628665:3233939;1628665:92012;1628665:31614;1628665:3233940;1628665:29798;1628665:3233938;1628665:82340;1628665:29784;3731780:82071;35833:493282107;22891:13617412;22891:27223956;22891:17981059;22891:16467323;22891:8767140;22891:30178017;22891:6264501;22891:8754869,1,2014-11-30,2014,11,6,1,21458:30992;1628665:3233941;1628665:3233942;1628665:3233939;1628665:92012;1628665:31614;1628665:3233940;1628665:29798;1628665:3233938;1628665:82340;1628665:29784;3731780:82071;35833:493282107;22891:13617412;22891:27223956;22891:17981059;22891:16467323;22891:8767140;22891:30178017;22891:6264501;22891:8754869,20150115.0,1.0,2015-01-15,2015,1
195018770,37548598470,50023664,50022520,21458:30992;1628665:3233941;1628665:29790;1628665:3233936;21967:29776;11761801:62519847,1,2014-07-28,2014,7,0,1,21458:30992;1628665:3233941;1628665:29790;1628665:3233936;21967:29776;11761801:62519847,20141109.0,0.0,2014-11-09,2014,11
44253932,19862187842,121404037,28,46372201:608832016;21458:3602856;29275545:590044355;32959:9414457;10144346:21978;11684888:22986;1628665:3233939;1628665:3233941;1628665:3233942;21475:402399771,1,2014-05-29,2014,5,3,1,46372201:608832016;21458:3602856;29275545:590044355;32959:9414457;10144346:21978;11684888:22986;1628665:3233939;1628665:3233941;1628665:3233942;21475:402399771,20100113.0,1.0,2010-01-13,2010,1
1091263211,16409261679,50012363,122650008,21458:30992;1628665:3233936;22007:30379;22007:30381;22007:30383;1628366:3230095;8185016:3269476;25935:21991;21870:4027090;27759919:183659775;2397831:16560881,1,2013-12-12,2013,12,3,1,21458:30992;1628665:3233936;22007:30379;22007:30381;22007:30383;1628366:3230095;8185016:3269476;25935:21991;21870:4027090;27759919:183659775;2397831:16560881,20130413.0,0.0,2013-04-13,2013,4
11768880,19025967309,50012364,122650008,21458:30992;1628665:3233942;1628665:3233939;1628665:92012;22007:30389;22007:30390;22007:30391;22007:30392;22007:30393;22007:30394;22007:30395;22007:30400;22007:30338;22007:30401;1628366:30915;1629216:47570;8185014:3228727;8185016:135739;25935:21991;23378:4491253;1633959:220908110;2397831:16561164,1,2013-04-11,2013,4,3,1,21458:30992;1628665:3233942;1628665:3233939;1628665:92012;22007:30389;22007:30390;22007:30391;22007:30392;22007:30393;22007:30394;22007:30395;22007:30400;22007:30338;22007:30401;1628366:30915;1629216:47570;8185014:3228727;8185016:135739;25935:21991;23378:4491253;1633959:220908110;2397831:16561164,20120107.0,1.0,2012-01-07,2012,1
84725909,9140692042,50013199,28,21458:82901;3034501:114289;1628665:3233942;2397831:40203;1627584:28619;21475:11488282,1,2013-01-16,2013,1,2,1,21458:82901;3034501:114289;1628665:3233942;2397831:40203;1627584:28619;21475:11488282,,0.0,2009-09-18,2009,9
321506990,27619548992,50018831,50014815,21458:21899;7255169:214265695;34417469:124836217;123923464:29774;25935:21991;7250727:21892;33337:46475170;22757:29230;34311491:12708906,1,2014-04-02,2014,4,2,1,21458:21899;7255169:214265695;34417469:124836217;123923464:29774;25935:21991;7250727:21892;33337:46475170;22757:29230;34311491:12708906,20130213.0,0.0,2013-02-13,2013,2
766386444,19978814543,50013176,28,1628665:108579;1628665:29782;1628665:133527;1628665:29799;1628665:92012;21475:275708185;21458:3415381;5761476:3366340,1,2014-08-12,2014,8,1,1,1628665:108579;1628665:29782;1628665:133527;1628665:29799;1628665:92012;21475:275708185;21458:3415381;5761476:3366340,20140115.0,0.0,2014-01-15,2014,1
1944471144,37068018309,50018820,38,21458:48948;13023209:546579852;1628149:4421827;21475:108284;22757:29230,1,2014-05-07,2014,5,2,1,21458:48948;13023209:546579852;1628149:4421827;21475:108284;22757:29230,20130819.0,1.0,2013-08-19,2013,8
378871709,43400739385,50012359,122650008,21458:21599;1628665:29778;1628665:29784;1628665:29799;22007:30391;22007:30392;22007:30393;22007:30394;22007:30395;22007:30396;22007:30397;22007:30398;22007:30399;22007:30400;22007:30338;22007:30401;22007:78118763;122217803:30914;124129949:31540;122218021:31619;23654:47698;21477:3917817;25935:21991;25935:21990;25935:31381;122277820:18340619,1,2015-02-01,2015,2,6,1,21458:21599;1628665:29778;1628665:29784;1628665:29799;22007:30391;22007:30392;22007:30393;22007:30394;22007:30395;22007:30396;22007:30397;22007:30398;22007:30399;22007:30400;22007:30338;22007:30401;22007:78118763;122217803:30914;124129949:31540;122218021:31619;23654:47698;21477:3917817;25935:21991;25935:21990;25935:31381;122277820:18340619,20120223.0,1.0,2012-02-23,2012,2
685810741,35778363795,50016704,50022520,21458:345085943;117687962:3254577;1633959:3254577;5261493:52265297;5261480:37474164;34394:29800;33017:114414;33016:104551;1629333:3271268;1629323:106664;1629341:3230695;1629335:3271277;1629337:117245;1629342:101277;1629344:109126;1629348:114412;1628366:3230095;6619922:65007541;16646653:17632913;1628665:29793;1628665:3233938;1628665:3233936;1628665:29790;1628665:3233941;22142:31474;22142:31473;22142:31470;22142:31469;22142:31466;22142:31465;22142:31462;22142:31461;22142:31458;22142:31457,1,2014-01-11,2014,1,5,1,21458:345085943;117687962:3254577;1633959:3254577;5261493:52265297;5261480:37474164;34394:29800;33017:114414;33016:104551;1629333:3271268;1629323:106664;1629341:3230695;1629335:3271277;1629337:117245;1629342:101277;1629344:109126;1629348:114412;1628366:3230095;6619922:65007541;16646653:17632913;1628665:29793;1628665:3233938;1628665:3233936;1628665:29790;1628665:3233941;22142:31474;22142:31473;22142:31470;22142:31469;22142:31466;22142:31465;22142:31462;22142:31461;22142:31458;22142:31457,20130322.0,1.0,2013-03-22,2013,3
735319921,16851632381,50015841,28,21458:3249744;12136937:3293487;3914866:75367741;11684888:104528258;1628665:3233941;1628665:3233942;1628665:92012;1628665:61550;1628665:29798;1628665:82340;1628665:29793;1628665:29782;21475:11488282,1,2013-03-10,2013,3,6,1,21458:3249744;12136937:3293487;3914866:75367741;11684888:104528258;1628665:3233941;1628665:3233942;1628665:92012;1628665:61550;1628665:29798;1628665:82340;1628665:29793;1628665:29782;21475:11488282,20121001.0,1.0,2012-10-01,2012,10
701712529,38502756936,50014530,50008168,21458:250004169;131605634:3267346;13023209:4154412;10144346:493822457;33203:13002432;22009:29800;25935:31381;1628665:3233942;1628665:92012;1628665:61550;1628665:29798;1628665:3233938;1628665:29784;1628665:29796;1628665:29785;1628665:29782;122217801:30309,1,2014-05-22,2014,5,3,1,21458:250004169;131605634:3267346;13023209:4154412;10144346:493822457;33203:13002432;22009:29800;25935:31381;1628665:3233942;1628665:92012;1628665:61550;1628665:29798;1628665:3233938;1628665:29784;1628665:29796;1628665:29785;1628665:29782;122217801:30309,20150402.0,1.0,2015-04-02,2015,4
115248467,7581710464,50012436,50014815,3731780:82071;3731347:132180;21458:130820852;1633959:2657;2397831:16561212,1,2013-04-13,2013,4,5,1,3731780:82071;3731347:132180;21458:130820852;1633959:2657;2397831:16561212,20130418.0,1.0,2013-04-18,2013,4
136517419,4869579038,50012777,50014815,21458:4531921;1628665:3233941;1628665:3233942;1628665:3233939;1628665:92012;1628665:29790;1628665:31614;1628665:61550;1628665:3233940;1628665:3233936;1628665:3233937;1628665:29798;1628665:29778;1628665:3233938;1628665:82340;1628665:29787;1628665:29784;1628665:29793;1628665:131622;1628665:29796;1628665:133527;1628665:108579;1628665:29785;1628665:29782;1628665:29799;13023209:572559803,1,2014-06-17,2014,6,1,1,21458:4531921;1628665:3233941;1628665:3233942;1628665:3233939;1628665:92012;1628665:29790;1628665:31614;1628665:61550;1628665:3233940;1628665:3233936;1628665:3233937;1628665:29798;1628665:29778;1628665:3233938;1628665:82340;1628665:29787;1628665:29784;1628665:29793;1628665:131622;1628665:29796;1628665:133527;1628665:108579;1628665:29785;1628665:29782;1628665:29799;13023209:572559803,20120712.0,1.0,2012-07-12,2012,7
40183850,20975155801,50018614,38,21458:43521269;1633959:121446860;6940804:20760743;21475:108284;6933666:96059;33595:29230,5,2013-11-08,2013,11,4,5,21458:43521269;1633959:121446860;6940804:20760743;21475:108284;6933666:96059;33595:29230,20120611.0,1.0,2012-06-11,2012,6
49997797,14757094773,50011993,28,21458:4260858;1633959:145012834;29277754:386695717;1628862:3251298;1628861:3251270;32959:104027;31367:82126;3989193:31542;3989126:3726638;11684888:104528258;21475:137325;1628665:3233938;1628665:82340;1628665:29787;1628665:29784;1628665:29793;1628665:131622;1628665:133527;1628665:108579;1628665:29785;1628665:29782;32549:75473805;32549:75473806;32549:75473807,1,2013-12-15,2013,12,6,1,21458:4260858;1633959:145012834;29277754:386695717;1628862:3251298;1628861:3251270;32959:104027;31367:82126;3989193:31542;3989126:3726638;11684888:104528258;21475:137325;1628665:3233938;1628665:82340;1628665:29787;1628665:29784;1628665:29793;1628665:131622;1628665:133527;1628665:108579;1628665:29785;1628665:29782;32549:75473805;32549:75473806;32549:75473807,,1.0,2009-08-16,2009,8
88718614,10028025233,50013207,50008168,21458:75407616;1628665:82340;1628665:29796;1628665:29782;2904342:30905;22019:3340598;22019:34731;22019:2026;22019:50793479;22019:3287412;22019:3377924;25935:21990;1633959:103831001;32047:93471;8151548:29800;13394971:3256567;13395135:33213;13512632:44718,1,2013-02-27,2013,2,2,1,21458:75407616;1628665:82340;1628665:29796;1628665:29782;2904342:30905;22019:3340598;22019:34731;22019:2026;22019:50793479;22019:3287412;22019:3377924;25935:21990;1633959:103831001;32047:93471;8151548:29800;13394971:3256567;13395135:33213;13512632:44718,,1.0,2009-10-10,2009,10
71241931,25928316853,50015146,28,21458:42425897;29151828:568782297;1628665:3233941;1628665:3233942;1628665:3233939;1628665:29790;1628665:31614;1628665:61550;1628665:3233936;1628665:3233937;1628665:29798;1628665:3233938;1628665:82340;1628665:29787;1628665:29793;1628665:131622;1628665:29796;1628665:108579;1628665:29785;21475:135183931,1,2014-06-09,2014,6,0,1,21458:42425897;29151828:568782297;1628665:3233941;1628665:3233942;1628665:3233939;1628665:29790;1628665:31614;1628665:61550;1628665:3233936;1628665:3233937;1628665:29798;1628665:3233938;1628665:82340;1628665:29787;1628665:29793;1628665:131622;1628665:29796;1628665:108579;1628665:29785;21475:135183931,20110831.0,1.0,2011-08-31,2011,8
1567601,12465395269,50016704,50022520,21458:3394654;5261331:3966218;1633959:3371968;5261493:52657772;5261480:37474085;34394:29800;33017:114414;33016:104551;1629333:3271268;1629323:106664;1629341:3230695;1629335:3271277;1629337:117245;1629342:30910;1629344:3271318;1629348:114412;1628366:3230095;6619922:65007541;16646653:52928015;1628665:3233942;1628665:3233938;22142:31457;22142:31458;22142:31461;22142:31462;22142:31465;22142:31466;22142:31469;22142:31470;22142:82023;22142:82026;22142:82029;22142:82032,1,2012-07-18,2012,7,2,1,21458:3394654;5261331:3966218;1633959:3371968;5261493:52657772;5261480:37474085;34394:29800;33017:114414;33016:104551;1629333:3271268;1629323:106664;1629341:3230695;1629335:3271277;1629337:117245;1629342:30910;1629344:3271318;1629348:114412;1628366:3230095;6619922:65007541;16646653:52928015;1628665:3233942;1628665:3233938;22142:31457;22142:31458;22142:31461;22142:31462;22142:31465;22142:31466;22142:31469;22142:31470;22142:82023;22142:82026;22142:82029;22142:82032,20120707.0,0.0,2012-07-07,2012,7
62789705,18471814723,50010236,50014815,21458:34925;3031071:4743392;3091143:29821535;21475:32572474;5434423:93697;1628665:3233942;1628665:29798;1628665:3233938;1628665:29787;3091143:29821536,1,2014-03-08,2014,3,5,1,21458:34925;3031071:4743392;3091143:29821535;21475:32572474;5434423:93697;1628665:3233942;1628665:29798;1628665:3233938;1628665:29787;3091143:29821536,20131111.0,0.0,2013-11-11,2013,11
486503874,16025509834,211122,38,21458:32264;33483:280655998;6933553:3313169;46434425:19785504;5393572:23409;33595:29230;6933666:137594,1,2013-07-20,2013,7,5,1,21458:32264;33483:280655998;6933553:3313169;46434425:19785504;5393572:23409;33595:29230;6933666:137594,20120910.0,1.0,2012-09-10,2012,9
129972565,20758892871,50011993,28,1628862:3251300;1628861:3251270;32959:104026;1628665:3233941;1628665:3233942;1628665:3233939;1628665:92012;1628665:29790;1628665:31614;1628665:61550;1628665:3233940;1628665:29798;31367:82126;3989193:31542;3989126:3726638;32549:26762606;21458:153317228,1,2012-12-20,2012,12,3,1,1628862:3251300;1628861:3251270;32959:104026;1628665:3233941;1628665:3233942;1628665:3233939;1628665:92012;1628665:29790;1628665:31614;1628665:61550;1628665:3233940;1628665:29798;31367:82126;3989193:31542;3989126:3726638;32549:26762606;21458:153317228,20110122.0,0.0,2011-01-22,2011,1
652992315,38307835540,50010544,50008168,21458:4102048;13023209:585794168;25935:21991;1628348:11468;122218020:48960;33069:104912;22121:30905;22066:30993;22009:109279;22061:30912;13510285:25153255;6863019:3269154;32047:93470;1628665:3233937;1628665:29798;1628665:29787;1628665:131622;122217801:34731;122217801:2026;122217801:50793479;122217801:3287412;122217801:3377924;122217801:2375;122217801:28232,1,2014-11-11,2014,11,1,1,21458:4102048;13023209:585794168;25935:21991;1628348:11468;122218020:48960;33069:104912;22121:30905;22066:30993;22009:109279;22061:30912;13510285:25153255;6863019:3269154;32047:93470;1628665:3233937;1628665:29798;1628665:29787;1628665:131622;122217801:34731;122217801:2026;122217801:50793479;122217801:3287412;122217801:3377924;122217801:2375;122217801:28232,,0.0,2008-12-31,2008,12
1113460719,12821052238,50014744,50014815,21458:21906;5161413:22971;6966305:77724938;5161333:11580,2,2013-04-17,2013,4,2,2,21458:21906;5161413:22971;6966305:77724938;5161333:11580,20130504.0,0.0,2013-05-04,2013,5
1924473311,20803900387,50006032,50022520,21458:3253031;8633271:3223079;122277773:3397761;2815901:217156015;13023209:6773267,1,2014-08-15,2014,8,4,1,21458:3253031;8633271:3223079;122277773:3397761;2815901:217156015;13023209:6773267,20140416.0,0.0,2014-04-16,2014,4
73927336,38023071537,50010536,50008168,1628665:29790;25935:31381;122217801:34731;122217801:2026;122217801:50793479;122217801:3287412;122217801:3377924;122217801:2375;32047:93471;1628348:3229644;22061:30909;122217965:3227750;122217803:30914;22066:30993;33069:29447291;21458:143435936,1,2014-04-06,2014,4,6,1,1628665:29790;25935:31381;122217801:34731;122217801:2026;122217801:50793479;122217801:3287412;122217801:3377924;122217801:2375;32047:93471;1628348:3229644;22061:30909;122217965:3227750;122217803:30914;22066:30993;33069:29447291;21458:143435936,20111015.0,1.0,2011-10-15,2011,10
2186831536,38380559230,50023531,28,1628665:3233941;1628665:3233942;1628665:3233939;32959:104361825;11684888:11468;21475:135183931;13023209:28890;21458:559862090;131208431:28890;11666049:40203,1,2014-10-08,2014,10,2,1,1628665:3233941;1628665:3233942;1628665:3233939;32959:104361825;11684888:11468;21475:135183931;13023209:28890;21458:559862090;131208431:28890;11666049:40203,20140519.0,1.0,2014-05-19,2014,5
130211481,38840988377,121466023,50008168,1628665:3233941;1628665:3233942;1628665:3233939;1628665:92012;1628665:29790;1628665:31614;1628665:61550;1628665:3233940;1628665:3233936;1628665:3233937;1628665:29798;1628665:29778;1628665:3233938;1628665:82340;1628665:29787;1628665:29784;25935:21991,2,2014-07-03,2014,7,3,2,1628665:3233941;1628665:3233942;1628665:3233939;1628665:92012;1628665:29790;1628665:31614;1628665:61550;1628665:3233940;1628665:3233936;1628665:3233937;1628665:29798;1628665:29778;1628665:3233938;1628665:82340;1628665:29787;1628665:29784;25935:21991,,0.0,2008-12-09,2008,12
10502300,13447157946,50010555,50008168,25935:31381;1628665:3233942;1628665:3233939;1628665:92012;1628665:29790;1628665:31614;1628665:61550;1628665:131622;1628665:108579;1628665:29785;22019:3238327;22019:3228688;22019:3265977;22019:3340598;22019:34731;3783431:38363838;32047:93471;1628366:30916;8151548:29800;3988915:104912;1628348:11468;3731658:30902;21458:120468245;15434023:7424278;1633959:7424278,1,2012-12-04,2012,12,1,1,25935:31381;1628665:3233942;1628665:3233939;1628665:92012;1628665:29790;1628665:31614;1628665:61550;1628665:131622;1628665:108579;1628665:29785;22019:3238327;22019:3228688;22019:3265977;22019:3340598;22019:34731;3783431:38363838;32047:93471;1628366:30916;8151548:29800;3988915:104912;1628348:11468;3731658:30902;21458:120468245;15434023:7424278;1633959:7424278,20120504.0,0.0,2012-05-04,2012,5
723449270,15455377491,50011993,28,21458:153990174;13023209:3384320;122218042:33255;122217931:39775;1628861:103095;32959:104027;122217889:82126;21479:31542;6863019:3726638;11684888:11468;21475:135183931;1628665:29790;6864839:75473804;6864839:75473805;6864839:75473806;6864839:75473807;6864839:75473808;6864839:67041518,1,2014-06-02,2014,6,0,1,21458:153990174;13023209:3384320;122218042:33255;122217931:39775;1628861:103095;32959:104027;122217889:82126;21479:31542;6863019:3726638;11684888:11468;21475:135183931;1628665:29790;6864839:75473804;6864839:75473805;6864839:75473806;6864839:75473807;6864839:75473808;6864839:67041518,20101003.0,0.0,2010-10-03,2010,10
682354444,22424383310,50018831,50014815,21458:21899;7255169:3223183;7262195:67380890;122217774:2655;123923464:29773;25935:21990;7250727:21892;33337:70368813,1,2014-12-01,2014,12,0,1,21458:21899;7255169:3223183;7262195:67380890;122217774:2655;123923464:29773;25935:21990;7250727:21892;33337:70368813,20140605.0,1.0,2014-06-05,2014,6
737930496,40405521372,50012431,50014815,21458:3508244;13023209:89350066;2815901:663908410;22009:106713;122217803:3290137;122277773:37463482;122277773:37472463;122277773:3269160;1628665:3233941;1628665:3233942;122218005:4276223;122218005:3365477;122218005:8800111;122218005:8662414,1,2014-08-29,2014,8,4,1,21458:3508244;13023209:89350066;2815901:663908410;22009:106713;122217803:3290137;122277773:37463482;122277773:37472463;122277773:3269160;1628665:3233941;1628665:3233942;122218005:4276223;122218005:3365477;122218005:8800111;122218005:8662414,20140515.0,1.0,2014-05-15,2014,5
750087385,37879266975,50010555,50008168,25935:31381;1628665:3233941;1628665:3233942;1628665:3233939;1628665:92012;122217801:31001;122217801:3275004;122217801:3261251;122217801:3238327;122217801:3228688;122217801:3265977;122217801:3248884;32047:93471;122217803:3230095;22009:29800;21458:54607597;8496784:110942617,2,2014-08-13,2014,8,2,2,25935:31381;1628665:3233941;1628665:3233942;1628665:3233939;1628665:92012;122217801:31001;122217801:3275004;122217801:3261251;122217801:3238327;122217801:3228688;122217801:3265977;122217801:3248884;32047:93471;122217803:3230095;22009:29800;21458:54607597;8496784:110942617,20150215.0,0.0,2015-02-15,2015,2
1711109878,22996052320,50013636,50008168,21458:30992;13658074:225021493;1628665:92012;1628665:31614;1628665:3233938;25935:21991;13023209:225021493;32047:93470;122217801:3340598;122217801:34731;122217801:2026;122217801:50793479;122217801:3287412;122217801:3377924;22135:31412;122217803:30914;122277569:21983;2049128:117906617;22066:30993;22022:102274034;122277668:119686,1,2015-01-15,2015,1,3,1,21458:30992;13658074:225021493;1628665:92012;1628665:31614;1628665:3233938;25935:21991;13023209:225021493;32047:93470;122217801:3340598;122217801:34731;122217801:2026;122217801:50793479;122217801:3287412;122217801:3377924;22135:31412;122217803:30914;122277569:21983;2049128:117906617;22066:30993;22022:102274034;122277668:119686,20120823.0,0.0,2012-08-23,2012,8
921137911,14081707736,50014278,50014815,21458:3326295;3803009:86145;25935:51746;2397831:16561295;22757:29230,1,2014-07-14,2014,7,0,1,21458:3326295;3803009:86145;25935:51746;2397831:16561295;22757:29230,20140714.0,1.0,2014-07-14,2014,7
224653845,21199179062,50012451,50008168,21458:108838;1633959:280936030;33030:29800;33162:33976;3156768:4195556;3156768:30731631;3156768:106779;3156768:3979320;3156768:3232480;3156768:3232478;3156768:30731632;3156768:24927057;3156768:28695579;25935:31381;13512069:117821971;1628324:3229493;1628324:3473865;1628665:3233939;1628665:29790;1628665:3233938;1628665:82340;22019:3228688;22019:3265977;22019:3340598;22019:34731;22019:2026,1,2013-09-22,2013,9,6,1,21458:108838;1633959:280936030;33030:29800;33162:33976;3156768:4195556;3156768:30731631;3156768:106779;3156768:3979320;3156768:3232480;3156768:3232478;3156768:30731632;3156768:24927057;3156768:28695579;25935:31381;13512069:117821971;1628324:3229493;1628324:3473865;1628665:3233939;1628665:29790;1628665:3233938;1628665:82340;22019:3228688;22019:3265977;22019:3340598;22019:34731;22019:2026,20111114.0,1.0,2011-11-14,2011,11
829440261,41878489605,50018831,50014815,21458:21899;7255169:3223183;7262195:72030672;122217774:29847;123923464:29775;25935:21991;7250727:21892;33337:248662299,2,2014-12-02,2014,12,1,2,21458:21899;7255169:3223183;7262195:72030672;122217774:29847;123923464:29775;25935:21991;7250727:21892;33337:248662299,20131218.0,0.0,2013-12-18,2013,12
1978481429,37359277254,121434042,50014815,21458:49341152;8021059:149664684;6851452:13986690,1,2014-07-04,2014,7,4,1,21458:49341152;8021059:149664684;6851452:13986690,20130829.0,1.0,2013-08-29,2013,8
674451014,15172512114,50014250,28,21458:3230195;1633959:64060607;29225803:64060607;1627584:28619;11684888:104528258;13420088:117266539;21475:137325,2,2014-01-10,2014,1,4,2,21458:3230195;1633959:64060607;29225803:64060607;1627584:28619;11684888:104528258;13420088:117266539;21475:137325,20110115.0,0.0,2011-01-15,2011,1
602646492,41909727679,50009550,50014815,21458:66402655;21479:50666323;5127936:8675204;2815901:99153081;13023209:85365165;15218320:85365165,1,2014-12-12,2014,12,4,1,21458:66402655;21479:50666323;5127936:8675204;2815901:99153081;13023209:85365165;15218320:85365165,20130712.0,1.0,2013-07-12,2013,7
280347691,14459780250,50016704,50022520,1628665:3233941;1628665:3233942;1628665:3233939;1628665:92012;1628665:29790;1628665:31614;1628665:61550;1628665:3233940;1628665:3233936;1628665:3233937;1628665:29798;1628665:29778;1628665:3233938;1628665:82340;1628665:29787;1628665:29784;1628665:29793;1628665:131622;1628665:29796;1628665:133527;1628665:108579;1628665:29785;1628665:29799;22142:31456;22142:31457;22142:31458;22142:31460;22142:31461;22142:31462;22142:31465;22142:31466;22142:31469;22142:31470;22142:31473;22142:31474;22142:82020;22142:82021;22142:82023;22142:82024;22142:82026;22142:82027;22142:82030;22142:82029;22142:82032;22142:82033;5261493:52265297;5261480:37474164;34394:29800;33017:104555;33016:104551;1629333:3271268;1629323:106664;1629341:3272628;1629335:3271277;1629337:117245;1629344:3271316;1629348:114412;1628366:3230095;6619922:65007541;16646653:17632913;21458:128213732;15015516:141384,1,2013-06-15,2013,6,5,1,1628665:3233941;1628665:3233942;1628665:3233939;1628665:92012;1628665:29790;1628665:31614;1628665:61550;1628665:3233940;1628665:3233936;1628665:3233937;1628665:29798;1628665:29778;1628665:3233938;1628665:82340;1628665:29787;1628665:29784;1628665:29793;1628665:131622;1628665:29796;1628665:133527;1628665:108579;1628665:29785;1628665:29799;22142:31456;22142:31457;22142:31458;22142:31460;22142:31461;22142:31462;22142:31465;22142:31466;22142:31469;22142:31470;22142:31473;22142:31474;22142:82020;22142:82021;22142:82023;22142:82024;22142:82026;22142:82027;22142:82030;22142:82029;22142:82032;22142:82033;5261493:52265297;5261480:37474164;34394:29800;33017:104555;33016:104551;1629333:3271268;1629323:106664;1629341:3272628;1629335:3271277;1629337:117245;1629344:3271316;1629348:114412;1628366:3230095;6619922:65007541;16646653:17632913;21458:128213732;15015516:141384,20130406.0,0.0,2013-04-06,2013,4
870525985,37163034185,50018831,50014815,21458:3223239;7255174:201375779;31136174:33527835;123923464:29773;25935:51746;7250727:21891;33337:70368813;122217774:34762;22757:29230,1,2014-10-05,2014,10,6,1,21458:3223239;7255174:201375779;31136174:33527835;123923464:29773;25935:51746;7250727:21891;33337:70368813;122217774:34762;22757:29230,20140903.0,0.0,2014-09-03,2014,9
330830,37313685773,50006602,50008168,10984217:21985;21479:106713;1628665:29790;1628665:29778;21475:3473865;21475:3229496;21475:38368874;21475:19811010;21967:29841;122217803:30914;25935:31381,6,2014-11-05,2014,11,2,6,10984217:21985;21479:106713;1628665:29790;1628665:29778;21475:3473865;21475:3229496;21475:38368874;21475:19811010;21967:29841;122217803:30914;25935:31381,,0.0,2009-10-07,2009,10
55867871,38258666401,50010558,50008168,25935:21990;1628665:29793;1628665:29796;1628665:29782;122217801:3340598;122217801:3284610;122217801:34731;122217801:2026;122217801:50793479;32047:93471;1628348:11468;10144346:29641136;22009:29800;122217965:3218241;122217803:30915;22066:3086;33069:104880;22061:14033338;33203:3502330;13023209:3500584;21458:306929682,1,2014-04-30,2014,4,2,1,25935:21990;1628665:29793;1628665:29796;1628665:29782;122217801:3340598;122217801:3284610;122217801:34731;122217801:2026;122217801:50793479;32047:93471;1628348:11468;10144346:29641136;22009:29800;122217965:3218241;122217803:30915;22066:3086;33069:104880;22061:14033338;33203:3502330;13023209:3500584;21458:306929682,20120623.0,1.0,2012-06-23,2012,6
101254996,17987826016,50023670,28,21458:21813;29195849:6047242;11684888:11468;21475:275708185;1628665:29784;1628665:29796;33969:30689,1,2014-08-02,2014,8,5,1,21458:21813;29195849:6047242;11684888:11468;21475:275708185;1628665:29784;1628665:29796;33969:30689,20130717.0,,2013-07-17,2013,7
12631429,7668402786,50012471,50014815,21458:3261935;35451:44652;2815901:76297386;13023209:3558300;122217952:21671,1,2014-07-07,2014,7,0,1,21458:3261935;35451:44652;2815901:76297386;13023209:3558300;122217952:21671,20130408.0,1.0,2013-04-08,2013,4
750833184,37665648092,50010557,50008168,25935:21991;1628665:3233941;1628665:29790;1628665:3233936;1628665:29778;1628665:108579;122217801:3265977;122217801:3248884;122217801:3284610;122217801:34731;32047:93471;1627368:3218565;122217965:3218241;22009:106713;22066:125202070,1,2014-04-23,2014,4,2,1,25935:21991;1628665:3233941;1628665:29790;1628665:3233936;1628665:29778;1628665:108579;122217801:3265977;122217801:3248884;122217801:3284610;122217801:34731;32047:93471;1627368:3218565;122217965:3218241;22009:106713;22066:125202070,20101104.0,0.0,2010-11-04,2010,11
62380766,14836460759,50014129,28,21458:117886;14964190:25607937;1628665:3233941;1628665:3233942;1628665:3233939;1628665:92012;1628665:29790;1628665:31614;11945782:8795791;12082847:6390579;11684888:104528258,1,2012-12-05,2012,12,2,1,21458:117886;14964190:25607937;1628665:3233941;1628665:3233942;1628665:3233939;1628665:92012;1628665:29790;1628665:31614;11945782:8795791;12082847:6390579;11684888:104528258,20120313.0,1.0,2012-03-13,2012,3
37613228,22205176670,50018831,50014815,21458:3218884;7255196:215404399;34833747:15911595;21487:29775;6798969:10797089;7250727:3218944;33337:3223235;33595:28481,1,2013-10-12,2013,10,5,1,21458:3218884;7255196:215404399;34833747:15911595;21487:29775;6798969:10797089;7250727:3218944;33337:3223235;33595:28481,20120321.0,0.0,2012-03-21,2012,3
1023634940,16297650924,50146022,50008168,1628665:23420;1628665:23424;1628665:29778;1628665:29785;33245:23416;8151548:11580;22019:34731;22019:2026;22019:50793479;13395135:21671;21458:6551041,1,2013-03-04,2013,3,0,1,1628665:23420;1628665:23424;1628665:29778;1628665:29785;33245:23416;8151548:11580;22019:34731;22019:2026;22019:50793479;13395135:21671;21458:6551041,20111228.0,0.0,2011-12-28,2011,12
23779676,35815090306,50012451,50008168,21458:108838;1633959:365047922;33030:44428977;33162:33976;3156768:4195556;3156768:30731631;3156768:106779;3156768:3979320;3156768:4069612;25935:31381;13512069:48867;1628324:3229558;1628324:3229505;1628324:3473865;1628324:3229496;1628324:38368874;1628324:19811010;1628324:104936;1628665:3233941;1628665:3233942;1628665:3233939;1628665:92012;1628665:29790;1628665:31614;1628665:61550;1628665:3233940;1628665:3233936;1628665:3233937;1628665:29798;1628665:29778;1628665:3233938;1628665:82340;1628665:29787;1628665:29784;1628665:29793;1628665:131622;1628665:29796;1628665:133527;1628665:108579;1628665:29785;1628665:29782;1628665:29799;22019:3340598;22019:34731;22019:2026;22019:50793479;22019:3287412;22019:3377924;22019:2375;22019:28232,1,2013-11-11,2013,11,0,1,21458:108838;1633959:365047922;33030:44428977;33162:33976;3156768:4195556;3156768:30731631;3156768:106779;3156768:3979320;3156768:4069612;25935:31381;13512069:48867;1628324:3229558;1628324:3229505;1628324:3473865;1628324:3229496;1628324:38368874;1628324:19811010;1628324:104936;1628665:3233941;1628665:3233942;1628665:3233939;1628665:92012;1628665:29790;1628665:31614;1628665:61550;1628665:3233940;1628665:3233936;1628665:3233937;1628665:29798;1628665:29778;1628665:3233938;1628665:82340;1628665:29787;1628665:29784;1628665:29793;1628665:131622;1628665:29796;1628665:133527;1628665:108579;1628665:29785;1628665:29782;1628665:29799;22019:3340598;22019:34731;22019:2026;22019:50793479;22019:3287412;22019:3377924;22019:2375;22019:28232,20100109.0,1.0,2010-01-09,2010,1
2176939646,37616480055,50012458,50014815,32972:103971;6904871:23417;1628665:133527;1628665:108579;1628665:29785;1628665:29799;21458:3862804;128773523:3371352,1,2014-11-11,2014,11,1,1,32972:103971;6904871:23417;1628665:133527;1628665:108579;1628665:29785;1628665:29799;21458:3862804;128773523:3371352,20140110.0,1.0,2014-01-10,2014,1
672166297,15781119704,50012360,122650008,21458:6362067;1633959:4111256;1628366:32799;2397831:16561212;8185014:3228727;8185017:31691;21972:29855;8185016:21828;8185021:3227759;8185020:14466341;25935:21991;1628665:3233938;1628665:29784;1628665:29785;1628665:29799;22007:30384;22007:30385;22007:30390;22007:30391;22007:30392;22007:30393;22007:30394;22007:30395;22007:30396;22007:30397;22007:30398;22007:30399;22007:30400;22007:30338;22007:30401;22007:186457463;39124336:29855,1,2013-12-03,2013,12,1,1,21458:6362067;1633959:4111256;1628366:32799;2397831:16561212;8185014:3228727;8185017:31691;21972:29855;8185016:21828;8185021:3227759;8185020:14466341;25935:21991;1628665:3233938;1628665:29784;1628665:29785;1628665:29799;22007:30384;22007:30385;22007:30390;22007:30391;22007:30392;22007:30393;22007:30394;22007:30395;22007:30396;22007:30397;22007:30398;22007:30399;22007:30400;22007:30338;22007:30401;22007:186457463;39124336:29855,20131024.0,1.0,2013-10-24,2013,10
53224585,25781688035,50009542,50014815,21458:21906;13227634:188618219;21489:82362;2191842:13613106;21475:114225;5229140:47386;1628665:3233941;1628665:3233942;21479:104453110,1,2013-06-21,2013,6,4,1,21458:21906;13227634:188618219;21489:82362;2191842:13613106;21475:114225;5229140:47386;1628665:3233941;1628665:3233942;21479:104453110,20110603.0,0.0,2011-06-03,2011,6
25807593,14593091524,50026459,50022520,21458:119256;122277538:97699,5,2014-07-22,2014,7,1,5,21458:119256;122277538:97699,20141122.0,1.0,2014-11-22,2014,11
43241697,19671833975,50012367,122650008,1628665:3233936;1628665:3233938;1628665:82340;1628665:29787;1628665:29784;1628665:29793;1628665:131622;1628665:29796;22007:30380;22007:30381;22007:30382;1628366:30916;8185015:3229359;8185016:31619;8185018:31686;25935:21991;25935:21990;25935:31381;1629251:47570;6833045:114779;21458:39744;1633959:309780114;2397831:16560972,1,2014-02-13,2014,2,3,1,1628665:3233936;1628665:3233938;1628665:82340;1628665:29787;1628665:29784;1628665:29793;1628665:131622;1628665:29796;22007:30380;22007:30381;22007:30382;1628366:30916;8185015:3229359;8185016:31619;8185018:31686;25935:21991;25935:21990;25935:31381;1629251:47570;6833045:114779;21458:39744;1633959:309780114;2397831:16560972,20120512.0,0.0,2012-05-12,2012,5
36134771,15770194630,50009542,50014815,21458:50087;5799689:138242266;21489:82362;1633959:138242266;2191842:13613106;5229140:50708;1628665:3233942;1628665:3233938;21479:104453110,1,2013-07-24,2013,7,2,1,21458:50087;5799689:138242266;21489:82362;1633959:138242266;2191842:13613106;5229140:50708;1628665:3233942;1628665:3233938;21479:104453110,20141117.0,1.0,2014-11-17,2014,11
898630655,38066384082,50010558,50008168,21458:30992;25935:21990;1628665:92012;1628665:29790;1628665:29798;1628665:29784;1628665:29793;1628665:29796;1628665:29782;122217801:125938;122217801:3238422;122217801:3263874;32047:93470;122217973:117133366;1628306:3229402;1628348:11468;10144346:29641136;22009:29800;122217965:3218241;122217803:30915;22066:3086;33069:104880;22061:14033338;33203:3502330;13023209:35798,9,2014-06-06,2014,6,4,9,21458:30992;25935:21990;1628665:92012;1628665:29790;1628665:29798;1628665:29784;1628665:29793;1628665:29796;1628665:29782;122217801:125938;122217801:3238422;122217801:3263874;32047:93470;122217973:117133366;1628306:3229402;1628348:11468;10144346:29641136;22009:29800;122217965:3218241;122217803:30915;22066:3086;33069:104880;22061:14033338;33203:3502330;13023209:35798,20121102.0,1.0,2012-11-02,2012,11
1771335722,37777584394,50012367,122650008,1628665:3233941;1628665:29790;1628665:3233936;1628665:3233938;22007:30389;22007:30390;22007:30391;22007:30392;22007:30393;22007:30394;22007:30395;22007:30396;122217803:30915;122218021:135738;122218019:31686;25935:21991;25935:21990;25935:31381;122277773:47570;122217973:104872;21458:559625610;2397831:16560944,1,2014-03-21,2014,3,4,1,1628665:3233941;1628665:29790;1628665:3233936;1628665:3233938;22007:30389;22007:30390;22007:30391;22007:30392;22007:30393;22007:30394;22007:30395;22007:30396;122217803:30915;122218021:135738;122218019:31686;25935:21991;25935:21990;25935:31381;122277773:47570;122217973:104872;21458:559625610;2397831:16560944,20120808.0,1.0,2012-08-08,2012,8
191994688,18824675650,50012788,28,2112993:32075;1628665:3233941;1628665:3233942;1628665:3233939;1628665:92012;1628665:29790;1628665:31614;1628665:61550;1628665:3233940;1628665:3233936;1628665:3233937;1628665:29798;1628665:3233938;1628665:82340;1628665:29787;1628665:29784;1628665:29793;1628665:131622;1628665:29796;1628665:133527;1628665:108579;1628665:29785;1628665:29782;1628665:29799;22757:28471;21475:135183931;6864839:41777353;6864839:33560;123273479:7797393;8561683:21671;21479:27613968;11684888:22986;13023209:139366;21458:4317964;116627554:9605457,1,2014-07-15,2014,7,1,1,2112993:32075;1628665:3233941;1628665:3233942;1628665:3233939;1628665:92012;1628665:29790;1628665:31614;1628665:61550;1628665:3233940;1628665:3233936;1628665:3233937;1628665:29798;1628665:3233938;1628665:82340;1628665:29787;1628665:29784;1628665:29793;1628665:131622;1628665:29796;1628665:133527;1628665:108579;1628665:29785;1628665:29782;1628665:29799;22757:28471;21475:135183931;6864839:41777353;6864839:33560;123273479:7797393;8561683:21671;21479:27613968;11684888:22986;13023209:139366;21458:4317964;116627554:9605457,20130319.0,1.0,2013-03-19,2013,3
783771062,18753199528,50012485,50014815,21458:3916195;35451:16427472;1628149:137592;6338640:589042437,1,2014-04-11,2014,4,4,1,21458:3916195;35451:16427472;1628149:137592;6338640:589042437,20121005.0,0.0,2012-10-05,2012,10
709021222,41601299670,50010566,50008168,21458:30992;13023209:89650638;25935:21990;1628665:29784;1628665:29796;122217801:3340598;122217801:34731;122217801:2026;122217801:50793479;32047:93472;1628348:3229644;33069:29447291;22121:21671;22009:9116395;122217803:30916;22066:29563;22061:30912;122217965:114518,1,2014-12-10,2014,12,2,1,21458:30992;13023209:89650638;25935:21990;1628665:29784;1628665:29796;122217801:3340598;122217801:34731;122217801:2026;122217801:50793479;32047:93472;1628348:3229644;33069:29447291;22121:21671;22009:9116395;122217803:30916;22066:29563;22061:30912;122217965:114518,20121101.0,1.0,2012-11-01,2012,11
678340978,21169723076,121406040,50022520,122218221:105007263;1628665:3233941;1628665:3233942;1628665:3233939;1628665:92012;1628665:29790;1628665:3233940;1628665:3233936;1628665:29798;1628665:29778;1628665:3233938;1628665:82340;1628665:29784;1628665:29793;1628665:29796;1628665:133527;1628665:29782;1628665:29799;21967:29774;21967:29773;22121:30905;122217806:30902;122277569:21983;33069:3269021;2049128:3228816;3732007:9117242;22009:9117242;21479:106713;22061:114477;22066:65007541;122217965:3218241;122217803:3230095;13023209:280254316;2397831:16560972,1,2014-05-30,2014,5,4,1,122218221:105007263;1628665:3233941;1628665:3233942;1628665:3233939;1628665:92012;1628665:29790;1628665:3233940;1628665:3233936;1628665:29798;1628665:29778;1628665:3233938;1628665:82340;1628665:29784;1628665:29793;1628665:29796;1628665:133527;1628665:29782;1628665:29799;21967:29774;21967:29773;22121:30905;122217806:30902;122277569:21983;33069:3269021;2049128:3228816;3732007:9117242;22009:9117242;21479:106713;22061:114477;22066:65007541;122217965:3218241;122217803:3230095;13023209:280254316;2397831:16560972,20140825.0,1.0,2014-08-25,2014,8
509990590,14995199480,50012548,50014815,21458:6439299;14271570:4398970,1,2014-06-02,2014,6,0,1,21458:6439299;14271570:4398970,20140404.0,1.0,2014-04-04,2014,4
53538638,39574997596,121408024,50008168,21458:41144668;13023209:634626299;22009:104582;122217803:3290137;21477:30731631;21477:106779;21477:3979320;21477:24927057;21477:28695579;21477:4069612;21475:493281615;21475:20145005;21475:234713719;21475:493281617;21475:493281618;21475:493281619;1628665:29790;1628665:31614;1628665:61550;1628665:3233940;1628665:3233936;1628665:3233937;1628665:29798;1628665:29778;1628665:3233938;1628665:82340;1628665:29787;1628665:29784;1628665:29793;1628665:131622;1628665:29796;1628665:133527;1628665:108579;1628665:29785;1628665:29782;1628665:29799;122217801:34731;122217801:3238422;122217801:3251926;122217801:3377924,1,2014-09-09,2014,9,1,1,21458:41144668;13023209:634626299;22009:104582;122217803:3290137;21477:30731631;21477:106779;21477:3979320;21477:24927057;21477:28695579;21477:4069612;21475:493281615;21475:20145005;21475:234713719;21475:493281617;21475:493281618;21475:493281619;1628665:29790;1628665:31614;1628665:61550;1628665:3233940;1628665:3233936;1628665:3233937;1628665:29798;1628665:29778;1628665:3233938;1628665:82340;1628665:29787;1628665:29784;1628665:29793;1628665:131622;1628665:29796;1628665:133527;1628665:108579;1628665:29785;1628665:29782;1628665:29799;122217801:34731;122217801:3238422;122217801:3251926;122217801:3377924,20131106.0,1.0,2013-11-06,2013,11
358097309,35594492739,50007140,28,21475:135183931;1628665:29790;1628665:31614;1628665:61550;1628665:3233940;1628665:3233936;1628665:3233937;1628665:29798;1628665:29778;1628665:3233938;1628665:82340;1628665:29787;1628665:29784;1628665:29793;1628665:131622;1628665:108579;1628665:29785;1628665:29782;1628665:29799;122218217:21671;11684888:11468;5742853:4269690;21458:183344125,1,2015-01-21,2015,1,2,1,21475:135183931;1628665:29790;1628665:31614;1628665:61550;1628665:3233940;1628665:3233936;1628665:3233937;1628665:29798;1628665:29778;1628665:3233938;1628665:82340;1628665:29787;1628665:29784;1628665:29793;1628665:131622;1628665:108579;1628665:29785;1628665:29782;1628665:29799;122218217:21671;11684888:11468;5742853:4269690;21458:183344125,20130915.0,1.0,2013-09-15,2013,9
925964568,37303254540,121424027,50008168,1628665:3233941;1628665:3233942;1628665:3233939;1628665:92012;1628665:29790;1628665:31614;1628665:61550;1628665:3233940;1628665:3233936;1628665:3233937;1628665:29798;1628665:29778;1628665:3233938;1628665:82340;1628665:29787;1628665:29784;1628665:29793;1628665:131622;1628665:29796;1628665:133527;1628665:108579;1628665:29785;1628665:29782;1628665:29799;122217801:3265977;122217801:3340598;122217801:34731;122217801:2026;122217801:3238422;122217801:50793479;122217801:3287412;122217801:3377924;122217801:2375;122217801:28232;122217801:138749;22009:21671;122217803:30915;21477:30731631;21477:106779;21477:3979320;21477:3232480;21477:3232478;21477:30731632;21477:24927057;21477:28695579;21477:4069612;25935:31381;21475:493281615;21475:493281616;21475:20145005;21475:234713719;21475:493281617;21475:493281618;21475:493281619;13023209:3389893;21458:19590334,1,2014-05-19,2014,5,0,1,1628665:3233941;1628665:3233942;1628665:3233939;1628665:92012;1628665:29790;1628665:31614;1628665:61550;1628665:3233940;1628665:3233936;1628665:3233937;1628665:29798;1628665:29778;1628665:3233938;1628665:82340;1628665:29787;1628665:29784;1628665:29793;1628665:131622;1628665:29796;1628665:133527;1628665:108579;1628665:29785;1628665:29782;1628665:29799;122217801:3265977;122217801:3340598;122217801:34731;122217801:2026;122217801:3238422;122217801:50793479;122217801:3287412;122217801:3377924;122217801:2375;122217801:28232;122217801:138749;22009:21671;122217803:30915;21477:30731631;21477:106779;21477:3979320;21477:3232480;21477:3232478;21477:30731632;21477:24927057;21477:28695579;21477:4069612;25935:31381;21475:493281615;21475:493281616;21475:20145005;21475:234713719;21475:493281617;21475:493281618;21475:493281619;13023209:3389893;21458:19590334,,1.0,2009-03-30,2009,3
113093326,16192594477,50006094,28,21458:49675776;10396039:14436055;11684888:104528257;24715:22829;24715:22831;24715:34108;1628665:3233941;1628665:3233942;1628665:3233939;1628665:92012;21475:137325,1,2013-05-27,2013,5,0,1,21458:49675776;10396039:14436055;11684888:104528257;24715:22829;24715:22831;24715:34108;1628665:3233941;1628665:3233942;1628665:3233939;1628665:92012;21475:137325,20121126.0,1.0,2012-11-26,2012,11
824754611,16740240802,50023591,50022520,21458:39865605;1633959:3334254;11697064:119686;11697039:72203476;11719942:22516235;22334:30915;22334:30914;11761801:119492;8151548:29800;1628665:3233941;1628665:3233942;1628665:3233939;1628665:29790;1628665:31614;1628665:61550;1628665:29798;1628665:29778;1628665:29787;1628665:29793;1628665:29782;21967:29774;21967:29775;21967:29841,1,2012-09-16,2012,9,6,1,21458:39865605;1633959:3334254;11697064:119686;11697039:72203476;11719942:22516235;22334:30915;22334:30914;11761801:119492;8151548:29800;1628665:3233941;1628665:3233942;1628665:3233939;1628665:29790;1628665:31614;1628665:61550;1628665:29798;1628665:29778;1628665:29787;1628665:29793;1628665:29782;21967:29774;21967:29775;21967:29841,20121108.0,0.0,2012-11-08,2012,11
264839494,12633743728,50013207,50008168,1628665:3233937;1628665:29798;1628665:3233938;1628665:29784;1628665:29782;1628665:29799;2904342:30905;22019:2026;22019:50793479;22019:3287412;22019:3377924;22019:2375;22019:46180;25935:31381;32047:93472;13394971:30993;13395135:33213;13512632:44718;21458:31302704;1633959:95879481,1,2013-09-07,2013,9,5,1,1628665:3233937;1628665:29798;1628665:3233938;1628665:29784;1628665:29782;1628665:29799;2904342:30905;22019:2026;22019:50793479;22019:3287412;22019:3377924;22019:2375;22019:46180;25935:31381;32047:93472;13394971:30993;13395135:33213;13512632:44718;21458:31302704;1633959:95879481,,0.0,2007-07-29,2007,7
728844788,16908779573,121394024,50008168,21458:7792162;13023209:193171813;22009:29800;122217803:30916;21477:4195556;21477:3979320;21477:24927057;21477:28695579;25935:31381;13512069:48867;21475:61944851;21475:20145005;13512069:40366865;1628665:3233939;1628665:92012;1628665:31614;1628665:3233940;1628665:3233937;1628665:29798;1628665:29784;1628665:29796;1628665:29782;122217801:3275004;122217801:3261251;122217801:3238327;122217801:3228688;122217801:3265977;122217801:3248884;122217801:3340598;122217801:34731,1,2014-10-15,2014,10,2,1,21458:7792162;13023209:193171813;22009:29800;122217803:30916;21477:4195556;21477:3979320;21477:24927057;21477:28695579;25935:31381;13512069:48867;21475:61944851;21475:20145005;13512069:40366865;1628665:3233939;1628665:92012;1628665:31614;1628665:3233940;1628665:3233937;1628665:29798;1628665:29784;1628665:29796;1628665:29782;122217801:3275004;122217801:3261251;122217801:3238327;122217801:3228688;122217801:3265977;122217801:3248884;122217801:3340598;122217801:34731,20140527.0,0.0,2014-05-27,2014,5
1671080225,18695694565,50010555,50008168,21458:6859710;9600272:3417949;13023209:3417949;25935:31381;122277773:38363839;22066:30993;122217803:30915;22009:29800;33069:104912;1628348:11468;122217806:30903;1628665:3233941;1628665:3233942;1628665:3233939;1628665:92012;122217801:3261251;122217801:3238327;122217801:3228688;122217801:3265977;122217801:3340598;32047:93471,1,2014-04-28,2014,4,0,1,21458:6859710;9600272:3417949;13023209:3417949;25935:31381;122277773:38363839;22066:30993;122217803:30915;22009:29800;33069:104912;1628348:11468;122217806:30903;1628665:3233941;1628665:3233942;1628665:3233939;1628665:92012;122217801:3261251;122217801:3238327;122217801:3228688;122217801:3265977;122217801:3340598;32047:93471,20140309.0,0.0,2014-03-09,2014,3
53917099,35857424331,50012451,50008168,1628665:29784;22019:3265977;22019:3340598;22019:34731;33030:29800;33162:33976;3156768:4195556;3156768:4069612;25935:21991;13512069:8087049;1628324:3473865;1628324:3229496;21458:366113642,1,2013-11-13,2013,11,2,1,1628665:29784;22019:3265977;22019:3340598;22019:34731;33030:29800;33162:33976;3156768:4195556;3156768:4069612;25935:21991;13512069:8087049;1628324:3473865;1628324:3229496;21458:366113642,20110921.0,0.0,2011-09-21,2011,9
155835737,40249904427,50012431,50014815,1628665:29784;1628665:29793;1628665:131622;1628665:29796;1628665:133527;1628665:108579;1628665:29785;1628665:29782;1628665:29799;122277773:37463482;122277773:37472463;122277773:3269160;22009:106713;122217803:30914;122218005:3611335;122218005:3930669;122218005:4276223;21967:29772;21967:29775;21967:29774;21475:493281616;21458:367939998,1,2014-09-27,2014,9,5,1,1628665:29784;1628665:29793;1628665:131622;1628665:29796;1628665:133527;1628665:108579;1628665:29785;1628665:29782;1628665:29799;122277773:37463482;122277773:37472463;122277773:3269160;22009:106713;122217803:30914;122218005:3611335;122218005:3930669;122218005:4276223;21967:29772;21967:29775;21967:29774;21475:493281616;21458:367939998,20140615.0,1.0,2014-06-15,2014,6
1089343761,41449997544,50013636,50008168,21458:216724052;36628385:4459186;1628665:82340;25935:21991;122217801:3265977;122217801:3248884;122217801:3340598;122217801:3284610;122217801:34731;122217803:30916;122277569:21983;22066:31379;22022:110150624;122277668:21984,1,2014-10-09,2014,10,3,1,21458:216724052;36628385:4459186;1628665:82340;25935:21991;122217801:3265977;122217801:3248884;122217801:3340598;122217801:3284610;122217801:34731;122217803:30916;122277569:21983;22066:31379;22022:110150624;122277668:21984,20131205.0,0.0,2013-12-05,2013,12
129162752,12757496000,50010566,50008168,21458:21599;1633959:120119385;25935:21990;1628665:3233941;1628665:3233942;1628665:3233939;1628665:92012;1628665:29790;1628665:31614;1628665:61550;1628665:3233940;1628665:3233936;1628665:3233937;1628665:29798;1628665:29778;1628665:3233938;1628665:82340;1628665:29787;1628665:29784;1628665:29793;1628665:131622;1628665:29796;1628665:133527;1628665:108579;1628665:29785;1628665:29782;1628665:29799;22019:3340598;22019:34731;22019:2026;22019:50793479;22019:3287412;22019:3377924;32047:93472;8151548:29800;1628366:32799;1627349:11462,1,2013-05-22,2013,5,2,1,21458:21599;1633959:120119385;25935:21990;1628665:3233941;1628665:3233942;1628665:3233939;1628665:92012;1628665:29790;1628665:31614;1628665:61550;1628665:3233940;1628665:3233936;1628665:3233937;1628665:29798;1628665:29778;1628665:3233938;1628665:82340;1628665:29787;1628665:29784;1628665:29793;1628665:131622;1628665:29796;1628665:133527;1628665:108579;1628665:29785;1628665:29782;1628665:29799;22019:3340598;22019:34731;22019:2026;22019:50793479;22019:3287412;22019:3377924;32047:93472;8151548:29800;1628366:32799;1627349:11462,20101113.0,0.0,2010-11-13,2010,11
139491685,35103787688,50023722,28,1628665:3233941;33969:31539;21475:11488282,1,2013-10-31,2013,10,3,1,1628665:3233941;33969:31539;21475:11488282,20120503.0,1.0,2012-05-03,2012,5
2391404843,40200591008,50010555,50008168,21458:32452777;13023209:3995609;137555538:45573;25935:31381;122277773:38363838;22066:30993;122217803:3230095;22009:29800;33069:104880;1628348:11468;122217806:30902;122277773:38363840;32047:93470;1628665:29790;1628665:29778;1628665:3233938;1628665:29784;1628665:29796;1628665:29782;122217801:3275004;122217801:3261251;122217801:3238327;122217801:3228688;122217801:3265977;122217801:3248884;122217801:3340598,1,2015-01-10,2015,1,5,1,21458:32452777;13023209:3995609;137555538:45573;25935:31381;122277773:38363838;22066:30993;122217803:3230095;22009:29800;33069:104880;1628348:11468;122217806:30902;122277773:38363840;32047:93470;1628665:29790;1628665:29778;1628665:3233938;1628665:29784;1628665:29796;1628665:29782;122217801:3275004;122217801:3261251;122217801:3238327;122217801:3228688;122217801:3265977;122217801:3248884;122217801:3340598,20140916.0,1.0,2014-09-16,2014,9
134536342,18519472878,50018831,50014815,21458:21899;7255169:3223183;7262195:99411110;21487:29774;6798969:7617029;7250727:21892;7263724:3283637;7263724:4361446;7263724:139386;7263724:6166331;33337:3218948,1,2012-09-12,2012,9,2,1,21458:21899;7255169:3223183;7262195:99411110;21487:29774;6798969:7617029;7250727:21892;7263724:3283637;7263724:4361446;7263724:139386;7263724:6166331;33337:3218948,20120521.0,0.0,2012-05-21,2012,5
332182758,14281728685,50006032,50022520,21458:77835136;3731429:3397761;5086642:129458837;2815901:124720991;1633959:127640517,1,2012-12-21,2012,12,4,1,21458:77835136;3731429:3397761;5086642:129458837;2815901:124720991;1633959:127640517,20120714.0,1.0,2012-07-14,2012,7
316263477,20742820532,211122,38,21458:138742;36816:56669919;6933553:3313377;17427295:3329357;5393572:75369289;33595:44902;21475:137319;6933666:68145978;14814533:44902,1,2012-11-11,2012,11,6,1,21458:138742;36816:56669919;6933553:3313377;17427295:3329357;5393572:75369289;33595:44902;21475:137319;6933666:68145978;14814533:44902,20110717.0,1.0,2011-07-17,2011,7
883771195,3720949076,211122,38,21458:21771;25843:153559857;6933553:3313169;19547478:3329357;33595:28869;21475:137313;6933666:68145978;14814533:28869,2,2013-08-20,2013,8,1,2,21458:21771;25843:153559857;6933553:3313169;19547478:3329357;33595:28869;21475:137313;6933666:68145978;14814533:28869,20120711.0,1.0,2012-07-11,2012,7
105361095,17973523949,50018831,50014815,21458:21897;7255172:30659;1828059:38481;21487:29773;6798969:10797089;7250727:3218944;33337:17911787,1,2013-01-28,2013,1,0,1,21458:21897;7255172:30659;1828059:38481;21487:29773;6798969:10797089;7250727:3218944;33337:17911787,20130116.0,1.0,2013-01-16,2013,1
71726532,38898923007,121466023,50008168,1628665:3233941;1628665:3233942;1628665:3233939;1628665:92012;1628665:29790;1628665:31614;1628665:61550;1628665:3233940;1628665:3233936;1628665:3233937;1628665:29798;1628665:29778;1628665:3233938;1628665:82340;25935:21991,1,2014-07-09,2014,7,2,1,1628665:3233941;1628665:3233942;1628665:3233939;1628665:92012;1628665:29790;1628665:31614;1628665:61550;1628665:3233940;1628665:3233936;1628665:3233937;1628665:29798;1628665:29778;1628665:3233938;1628665:82340;25935:21991,20110515.0,0.0,2011-05-15,2011,5
59265016,22117023208,50018831,50014815,21458:30992;23378:93646;21487:29774;6798969:51746;7250727:21891;33337:3218948;33595:29230;1556:34713,6,2013-12-26,2013,12,3,6,21458:30992;23378:93646;21487:29774;6798969:51746;7250727:21891;33337:3218948;33595:29230;1556:34713,20130215.0,1.0,2013-02-15,2013,2
51103674,20437260826,50007140,28,21458:19007608;12064437:188524163;21475:137325;2397831:16561295;4858609:48499109;11684888:104528258,1,2013-05-01,2013,5,2,1,21458:19007608;12064437:188524163;21475:137325;2397831:16561295;4858609:48499109;11684888:104528258,20110817.0,0.0,2011-08-17,2011,8
552289829,20724224674,211122,38,21458:28593;24693:19193719;6933553:3313169;17428353:3329357;33595:40732;21475:137313;6933666:68145978;14814533:40732;5393572:75369289,9,2013-03-03,2013,3,6,9,21458:28593;24693:19193719;6933553:3313169;17428353:3329357;33595:40732;21475:137313;6933666:68145978;14814533:40732;5393572:75369289,,0.0,2008-12-23,2008,12
52313002,38501683669,50016468,50008168,21458:374360295;13023209:65107368;122217803:30915;22009:27417714;25935:31381;22066:3225204;33069:104912;10144346:29641136;1628665:29798;1628665:29778;1628665:3233938;1628665:82340;122217801:2026;122217801:50793479;122217801:3287412;122217801:3377924;122217801:2375;122217801:28232;122217801:138749;122217801:46180,4,2014-06-24,2014,6,1,4,21458:374360295;13023209:65107368;122217803:30915;22009:27417714;25935:31381;22066:3225204;33069:104912;10144346:29641136;1628665:29798;1628665:29778;1628665:3233938;1628665:82340;122217801:2026;122217801:50793479;122217801:3287412;122217801:3377924;122217801:2375;122217801:28232;122217801:138749;122217801:46180,,0.0,2006-04-15,2006,4
56819773,19254982267,50010558,50008168,25935:21990;1628665:29784;1628665:29796;1628665:29799;22019:2026;22019:50793479;22019:3287412;22019:3377924;22019:2375;22019:28232;32047:93470;1628305:117133366;1628306:3229402;1628348:11468;3079382:29641138;8151548:106665;1627349:11462;1628366:32799;13394971:3086;3988915:29447291;13395135:30912;13399649:3315982;21458:84730579;1633959:288301667,1,2013-09-05,2013,9,3,1,25935:21990;1628665:29784;1628665:29796;1628665:29799;22019:2026;22019:50793479;22019:3287412;22019:3377924;22019:2375;22019:28232;32047:93470;1628305:117133366;1628306:3229402;1628348:11468;3079382:29641138;8151548:106665;1627349:11462;1628366:32799;13394971:3086;3988915:29447291;13395135:30912;13399649:3315982;21458:84730579;1633959:288301667,,1.0,2008-08-12,2008,8
56340436,15578534539,50023640,28,1628665:3233941;1628665:29790;11576056:94458171;11684888:104528258;11666049:62519847,1,2013-01-23,2013,1,2,1,1628665:3233941;1628665:29790;11576056:94458171;11684888:104528258;11666049:62519847,,1.0,2008-01-06,2008,1
1890948217,40622218547,121394024,50008168,1628665:29784;1628665:29785;122217801:3265977;122217801:3248884;122217801:3340598;122217801:34731;22009:29800;122217803:30914;25935:21991;13512069:48867;21475:234713719;13023209:4324797;21458:6256480,1,2014-09-18,2014,9,3,1,1628665:29784;1628665:29785;122217801:3265977;122217801:3248884;122217801:3340598;122217801:34731;22009:29800;122217803:30914;25935:21991;13512069:48867;21475:234713719;13023209:4324797;21458:6256480,20130917.0,0.0,2013-09-17,2013,9
371646807,40340954604,50010555,50008168,21458:33514;25935:31381;1628665:3233941;1628665:3233942;1628665:3233939;1628665:29790;1628665:31614;122217801:3238327;122217801:3228688;122277773:38363838;32047:93471;122217803:30916;22009:29800;33069:104912;1628348:11468;122217806:30902;13023209:3441746;8496769:3441746,1,2014-12-27,2014,12,5,1,21458:33514;25935:31381;1628665:3233941;1628665:3233942;1628665:3233939;1628665:29790;1628665:31614;122217801:3238327;122217801:3228688;122277773:38363838;32047:93471;122217803:30916;22009:29800;33069:104912;1628348:11468;122217806:30902;13023209:3441746;8496769:3441746,20140915.0,1.0,2014-09-15,2014,9
1132472679,35324195853,50018831,50014815,21458:28589;1628672:339833601;115043902:100097364;123923464:29773;25935:51746;7250727:21891;33337:46473310;22757:29230;122218054:100097364;122217774:2375,1,2015-01-31,2015,1,5,1,21458:28589;1628672:339833601;115043902:100097364;123923464:29773;25935:51746;7250727:21891;33337:46473310;22757:29230;122218054:100097364;122217774:2375,20141030.0,0.0,2014-10-30,2014,10
648783804,35109818370,50006602,50008168,21458:32270;1633959:3394108;30497:46155;30498:46160;5426651:29841;1628366:30916;25935:31381;1628665:3233941;1628665:3233942;1628665:3233939;1628665:92012;1628665:29790;1628665:31614;1628665:61550;1628665:3233940;1628665:3233936;1628665:3233937;1628665:29798;1628665:29778;1628665:3233938;1628665:82340;1628665:29787;1628665:29784;1628324:9319927;1628324:7202757;1628324:3472605;1628324:3473865,1,2013-10-15,2013,10,1,1,21458:32270;1633959:3394108;30497:46155;30498:46160;5426651:29841;1628366:30916;25935:31381;1628665:3233941;1628665:3233942;1628665:3233939;1628665:92012;1628665:29790;1628665:31614;1628665:61550;1628665:3233940;1628665:3233936;1628665:3233937;1628665:29798;1628665:29778;1628665:3233938;1628665:82340;1628665:29787;1628665:29784;1628324:9319927;1628324:7202757;1628324:3472605;1628324:3473865,,0.0,2007-06-09,2007,6
141595593,16902388198,50016243,28,21458:3818842;32258407:3392578;1628665:3233941;1628665:3233942;1628665:3233939;21475:135183931;11649846:104260753;11666049:40203,1,2014-04-25,2014,4,4,1,21458:3818842;32258407:3392578;1628665:3233941;1628665:3233942;1628665:3233939;21475:135183931;11649846:104260753;11666049:40203,,0.0,2008-12-22,2008,12
175524797,36260979423,50023531,28,1628665:3233941;1628665:3233942;1628665:3233939;1628665:92012;1628665:29790;1628665:31614;1628665:61550;1628665:3233940;21475:135183931;11666049:62519847,1,2014-02-24,2014,2,0,1,1628665:3233941;1628665:3233942;1628665:3233939;1628665:92012;1628665:29790;1628665:31614;1628665:61550;1628665:3233940;21475:135183931;11666049:62519847,,0.0,2009-05-16,2009,5
356049284,9875230962,50008875,28,1628665:3233942;1628665:3233939;1628665:29790;1628665:31614;1628665:61550;1628665:3233937;1628665:29798;1628665:3233938;1628665:82340;1628665:29787;1628665:29784;1628665:29793;1628665:29796;1628665:108579;1628665:29785;1628665:29782;1628665:29799;21475:135183931;2397831:40203,1,2014-05-06,2014,5,1,1,1628665:3233942;1628665:3233939;1628665:29790;1628665:31614;1628665:61550;1628665:3233937;1628665:29798;1628665:3233938;1628665:82340;1628665:29787;1628665:29784;1628665:29793;1628665:29796;1628665:108579;1628665:29785;1628665:29782;1628665:29799;21475:135183931;2397831:40203,,0.0,2009-07-15,2009,7
104211743,36115296871,50018824,38,21458:21783;1633959:15043953;21475:108284;6933666:4421827;33595:29230,2,2013-12-04,2013,12,2,2,21458:21783;1633959:15043953;21475:108284;6933666:4421827;33595:29230,20130219.0,0.0,2013-02-19,2013,2
381275366,35049183686,50014744,50014815,21458:3248534;3962420:3225939;5161413:75367555,1,2013-11-11,2013,11,0,1,21458:3248534;3962420:3225939;5161413:75367555,20130709.0,0.0,2013-07-09,2013,7
643563115,40568847479,50010549,50008168,21458:95461858;13023209:3361537;25935:21990;1628348:11468;122217965:114518;33069:104912;22121:31004;22066:31379;22009:21671;22061:30912;122218045:11337999;32047:93470;6863019:148660035;1628665:29793;1628665:29796;1628665:29785;1628665:29782;122217801:2026;122217801:50793479;122217801:3287412;122217801:3377924;122217801:2375,1,2014-12-12,2014,12,4,1,21458:95461858;13023209:3361537;25935:21990;1628348:11468;122217965:114518;33069:104912;22121:31004;22066:31379;22009:21671;22061:30912;122218045:11337999;32047:93470;6863019:148660035;1628665:29793;1628665:29796;1628665:29785;1628665:29782;122217801:2026;122217801:50793479;122217801:3287412;122217801:3377924;122217801:2375,20110808.0,1.0,2011-08-08,2011,8
54366478,25194340028,50023531,28,1628665:3233941;1628665:3233942;1628665:3233939;1628665:92012;1628665:29790;1628665:31614;1628665:61550;1628665:3233940;1628665:3233936;1628665:3233937;1628665:29798;1628665:29787;1628665:29784;1628665:131622;1628665:29796;1628665:108579;1628665:29785;32959:104361825;11684888:11468;21475:135183931;13023209:3352971;21458:305921832,1,2015-01-23,2015,1,4,1,1628665:3233941;1628665:3233942;1628665:3233939;1628665:92012;1628665:29790;1628665:31614;1628665:61550;1628665:3233940;1628665:3233936;1628665:3233937;1628665:29798;1628665:29787;1628665:29784;1628665:131622;1628665:29796;1628665:108579;1628665:29785;32959:104361825;11684888:11468;21475:135183931;13023209:3352971;21458:305921832,20101210.0,1.0,2010-12-10,2010,12
128693368,16317457631,50006602,50008168,30497:21985;30498:46160;1628665:29790;1628665:3233936;1628665:29778;1628665:133527;1628665:108579;1628665:29785;1628665:29799;1628324:3473865;1628324:3229496;1628324:19811010;1628324:56082775;5426651:29772;1628366:3230095;25935:31381,1,2013-07-20,2013,7,5,1,30497:21985;30498:46160;1628665:29790;1628665:3233936;1628665:29778;1628665:133527;1628665:108579;1628665:29785;1628665:29799;1628324:3473865;1628324:3229496;1628324:19811010;1628324:56082775;5426651:29772;1628366:3230095;25935:31381,20100720.0,0.0,2010-07-20,2010,7
22733878,27158088929,50023591,50022520,21458:105210926;1633959:3375353;11697064:31617684;11697039:21983;11719942:22516235;22334:30916;11761801:119492;1628665:29798;21967:29774;21967:29775;21967:29776,1,2013-12-23,2013,12,0,1,21458:105210926;1633959:3375353;11697064:31617684;11697039:21983;11719942:22516235;22334:30916;11761801:119492;1628665:29798;21967:29774;21967:29775;21967:29776,,1.0,2009-01-16,2009,1
54451652,19556758674,50006602,50008168,21458:128778281;13023209:7510992;10984217:21986;21479:106713;122217803:30914;25935:21991;21967:29774;1628665:3233941;1628665:3233942;1628665:3233939;1628665:92012;1628665:29790;1628665:31614;1628665:61550;1628665:3233940;1628665:3233936;1628665:3233937;1628665:29778;1628665:3233938;1628665:82340;1628665:29787;1628665:29784;1628665:29793;1628665:29799;21475:3472605;21475:3473865;21475:3229496;21475:38368874;21475:19811010,1,2014-12-30,2014,12,1,1,21458:128778281;13023209:7510992;10984217:21986;21479:106713;122217803:30914;25935:21991;21967:29774;1628665:3233941;1628665:3233942;1628665:3233939;1628665:92012;1628665:29790;1628665:31614;1628665:61550;1628665:3233940;1628665:3233936;1628665:3233937;1628665:29778;1628665:3233938;1628665:82340;1628665:29787;1628665:29784;1628665:29793;1628665:29799;21475:3472605;21475:3473865;21475:3229496;21475:38368874;21475:19811010,20100602.0,0.0,2010-06-02,2010,6
549274183,37038024448,50018831,50014815,21458:46166;7255177:62934420;26999621:86555641;123923464:29774;25935:51746;7250727:21891;33337:46475170;122217774:34713,1,2014-12-09,2014,12,1,1,21458:46166;7255177:62934420;26999621:86555641;123923464:29774;25935:51746;7250727:21891;33337:46475170;122217774:34713,20120928.0,0.0,2012-09-28,2012,9
769346515,13257725125,50005982,50014815,1628665:3233941;1628665:3233942;21458:120786063;13969143:3578077;2397831:16561025,1,2012-07-11,2012,7,2,1,1628665:3233941;1628665:3233942;21458:120786063;13969143:3578077;2397831:16561025,20140502.0,1.0,2014-05-02,2014,5
94472106,20550040389,50013711,50008168,21458:11580;1628665:29790;1628665:29799;22019:34731;22019:2026;22019:50793479;22019:3287412;22019:3377924;23181:31429;35779:131770;1628366:30916;25935:21991;8151548:29809;13394971:30993;13395135:30912,1,2012-12-24,2012,12,0,1,21458:11580;1628665:29790;1628665:29799;22019:34731;22019:2026;22019:50793479;22019:3287412;22019:3377924;23181:31429;35779:131770;1628366:30916;25935:21991;8151548:29809;13394971:30993;13395135:30912,,0.0,2009-11-05,2009,11
259538915,19545202238,50018825,38,21458:146506385;44111584:7768494;44111585:49285;6933666:137593;33595:29230;7145230:11582679,40,2014-02-18,2014,2,1,13,21458:146506385;44111584:7768494;44111585:49285;6933666:137593;33595:29230;7145230:11582679,20120423.0,0.0,2012-04-23,2012,4
85189793,21168240511,50013207,50008168,21458:21599;1628665:3233941;1628665:3233942;1628665:3233939;22019:3284610;22019:34731;22019:2026;22019:50793479;22019:3251926;25935:31381;32047:93470,1,2012-11-28,2012,11,2,1,21458:21599;1628665:3233941;1628665:3233942;1628665:3233939;22019:3284610;22019:34731;22019:2026;22019:50793479;22019:3251926;25935:31381;32047:93470,,1.0,2009-03-13,2009,3
45002392,37521844078,50018820,38,1628149:4421827;22757:21671;21458:3601081,1,2014-06-21,2014,6,5,1,1628149:4421827;22757:21671;21458:3601081,20131212.0,,2013-12-12,2013,12
1060518588,38695879533,50023789,28,21458:3570578;13023209:3251427;29835884:598859796;1628665:3233941;21475:275708185,1,2014-07-21,2014,7,0,1,21458:3570578;13023209:3251427;29835884:598859796;1628665:3233941;21475:275708185,20130815.0,,2013-08-15,2013,8
1593516816,25170396249,50023660,28,1628665:3233941;1628665:3233942;1628665:3233939;1628665:92012;1628665:29787;1628665:29784;1628665:29793;1628665:131622;1628665:29796;1628665:133527;1628665:108579;1628665:29785;1628665:29782;1628665:29799;11684888:104528258;9174839:3268239;21475:137325;21458:196759636;35370081:7892333;11666049:62519847,1,2013-05-25,2013,5,5,1,1628665:3233941;1628665:3233942;1628665:3233939;1628665:92012;1628665:29787;1628665:29784;1628665:29793;1628665:131622;1628665:29796;1628665:133527;1628665:108579;1628665:29785;1628665:29782;1628665:29799;11684888:104528258;9174839:3268239;21475:137325;21458:196759636;35370081:7892333;11666049:62519847,,1.0,2009-06-18,2009,6
571159301,40021926193,50014278,50014815,21458:11082186;137636413:42592034,1,2014-08-22,2014,8,4,1,21458:11082186;137636413:42592034,20110720.0,1.0,2011-07-20,2011,7
651493549,36506672264,50023692,28,1628665:3233941;32959:106536114;11684888:11468;21475:135183931;21458:13276627;51179524:3407318;13023209:472133824,1,2014-02-21,2014,2,4,1,1628665:3233941;32959:106536114;11684888:11468;21475:135183931;21458:13276627;51179524:3407318;13023209:472133824,20111108.0,1.0,2011-11-08,2011,11
606918860,10837123744,50018855,38,6933666:112911;33595:29230;21458:158693431,1,2013-06-23,2013,6,6,1,6933666:112911;33595:29230;21458:158693431,20120627.0,0.0,2012-06-27,2012,6
644854097,35461440284,50018831,50014815,21458:3223239;7255174:13288677;27006306:139117104;123923464:29773;25935:51746;7250727:21892;33337:70368813;22757:29230;122217774:3264396,1,2014-06-17,2014,6,1,1,21458:3223239;7255174:13288677;27006306:139117104;123923464:29773;25935:51746;7250727:21892;33337:70368813;22757:29230;122217774:3264396,20140318.0,0.0,2014-03-18,2014,3
36789289,17884536890,50016704,50022520,21458:122584927;14376961:43599359;1633959:43599359;5261493:52265299;5261480:37474164;34394:29800;33017:114414;33016:31484;1629333:3271269;1629323:106664;1629335:3271277;1629342:30912;1629344:3271316;1629348:114412;1628366:3230095;6619922:65007541;1628665:3233941;1628665:3233942;1628665:3233939;1628665:92012;1628665:29790;1628665:31614;1628665:61550;1628665:3233940;1628665:3233936;1628665:3233937;1628665:29798;1628665:29778;1628665:3233938;1628665:82340;1628665:29787;1628665:29784;1628665:29793;1628665:131622;1628665:29796;1628665:133527;1628665:108579;1628665:29785;1628665:29782;1628665:29799;22142:31483,1,2013-12-30,2013,12,0,1,21458:122584927;14376961:43599359;1633959:43599359;5261493:52265299;5261480:37474164;34394:29800;33017:114414;33016:31484;1629333:3271269;1629323:106664;1629335:3271277;1629342:30912;1629344:3271316;1629348:114412;1628366:3230095;6619922:65007541;1628665:3233941;1628665:3233942;1628665:3233939;1628665:92012;1628665:29790;1628665:31614;1628665:61550;1628665:3233940;1628665:3233936;1628665:3233937;1628665:29798;1628665:29778;1628665:3233938;1628665:82340;1628665:29787;1628665:29784;1628665:29793;1628665:131622;1628665:29796;1628665:133527;1628665:108579;1628665:29785;1628665:29782;1628665:29799;22142:31483,20130611.0,0.0,2013-06-11,2013,6
82413736,19047913391,50023661,28,21479:3262142;1628665:3233941;1628665:29790;1628665:3233936;32959:93862582;11684888:11468;21475:135183931;21458:3251251;13100666:116792555,1,2014-07-27,2014,7,6,1,21479:3262142;1628665:3233941;1628665:29790;1628665:3233936;32959:93862582;11684888:11468;21475:135183931;21458:3251251;13100666:116792555,20110920.0,0.0,2011-09-20,2011,9
156942952,37715622717,121414042,50022520,21458:271165763;13023209:3539527;2815901:3539527;22121:30905;33069:104880;2397831:16561164;22061:30912;22066:65007541;122217965:3227750;122217803:3230095;1628665:31614;1628665:133527;1628665:92012;1628665:3233937;1628665:3233936;1628665:82340;1628665:29790;1628665:29793;1628665:29787;1628665:29782;1628665:131622;1628665:29785;1628665:29784;1628665:29778;1628665:3233942;1628665:3233941;1628665:108579;1628665:3233938;1628665:29799;1628665:29796;21967:29841,1,2014-06-14,2014,6,5,1,21458:271165763;13023209:3539527;2815901:3539527;22121:30905;33069:104880;2397831:16561164;22061:30912;22066:65007541;122217965:3227750;122217803:3230095;1628665:31614;1628665:133527;1628665:92012;1628665:3233937;1628665:3233936;1628665:82340;1628665:29790;1628665:29793;1628665:29787;1628665:29782;1628665:131622;1628665:29785;1628665:29784;1628665:29778;1628665:3233942;1628665:3233941;1628665:108579;1628665:3233938;1628665:29799;1628665:29796;21967:29841,20131227.0,0.0,2013-12-27,2013,12
81793389,4192029603,50012396,50022520,21458:34713035;3886960:28185464;1633959:28185464;2397831:16561404;4870743:8290192;22334:33553046;1628665:29790;21967:29773;21967:29774;21967:29775,1,2013-03-18,2013,3,0,1,21458:34713035;3886960:28185464;1633959:28185464;2397831:16561404;4870743:8290192;22334:33553046;1628665:29790;21967:29773;21967:29774;21967:29775,20130904.0,0.0,2013-09-04,2013,9
98425070,40430138951,50007011,50008168,1628665:3233941;1628665:3233942;1628665:3233939;1628665:92012;1628665:29790;1628665:31614;1628665:61550;1628665:3233940;1628665:3233936;1628665:3233937;1628665:29798;1628665:29778;1628665:3233938;1628665:82340;1628665:29787;1628665:29784;1628665:29793;1628665:131622;1628665:29796;1628665:133527;1628665:108579;1628665:29785;1628665:29782;1628665:29799;21475:3472605;21475:3229494;21475:38370767;21967:29841,1,2014-12-12,2014,12,4,1,1628665:3233941;1628665:3233942;1628665:3233939;1628665:92012;1628665:29790;1628665:31614;1628665:61550;1628665:3233940;1628665:3233936;1628665:3233937;1628665:29798;1628665:29778;1628665:3233938;1628665:82340;1628665:29787;1628665:29784;1628665:29793;1628665:131622;1628665:29796;1628665:133527;1628665:108579;1628665:29785;1628665:29782;1628665:29799;21475:3472605;21475:3229494;21475:38370767;21967:29841,20140127.0,1.0,2014-01-27,2014,1
422641140,16012394220,50007140,28,21458:126484598;21475:114228;2397831:16561164;4858609:106526952;25658072:3335301,1,2012-09-27,2012,9,3,1,21458:126484598;21475:114228;2397831:16561164;4858609:106526952;25658072:3335301,20120820.0,1.0,2012-08-20,2012,8
168252385,36374695899,50007011,50008168,21458:134275464;1633959:16150818;3130834:20953716;35931:133199;2124281:12439576;25935:31381;1628165:30993;8151548:106665;1628665:3233941;1628665:3233942;1628665:3233939;1628665:92012;1628665:29790;1628665:31614;1628665:61550;1628665:3233940;1628665:3233936;1628665:3233937;1628665:29798;1628665:29778;1628665:3233938;1628665:82340;1628665:29787;1628665:29784;1628665:29793;1628665:131622;1628665:133527;1628665:108579;1628665:29785;1628665:29782;1628324:9319927;5426651:29772,1,2014-01-21,2014,1,1,1,21458:134275464;1633959:16150818;3130834:20953716;35931:133199;2124281:12439576;25935:31381;1628165:30993;8151548:106665;1628665:3233941;1628665:3233942;1628665:3233939;1628665:92012;1628665:29790;1628665:31614;1628665:61550;1628665:3233940;1628665:3233936;1628665:3233937;1628665:29798;1628665:29778;1628665:3233938;1628665:82340;1628665:29787;1628665:29784;1628665:29793;1628665:131622;1628665:133527;1628665:108579;1628665:29785;1628665:29782;1628324:9319927;5426651:29772,20130127.0,1.0,2013-01-27,2013,1
73973378,26396504540,50013078,28,21458:92670865;9932499:284792182;47257542:284792182;1627584:30689;11684888:104528258;1628665:3233941;21475:137325,1,2014-01-21,2014,1,1,1,21458:92670865;9932499:284792182;47257542:284792182;1627584:30689;11684888:104528258;1628665:3233941;21475:137325,20120404.0,0.0,2012-04-04,2012,4
260087412,37438845897,50018831,50014815,122217774:3248493;21458:4348502;1629846:4526907;1828369:21671;123923464:29774;25935:51746;7250727:21892;33337:46475170;22757:28481,1,2014-04-11,2014,4,4,1,122217774:3248493;21458:4348502;1629846:4526907;1828369:21671;123923464:29774;25935:51746;7250727:21892;33337:46475170;22757:28481,20130309.0,0.0,2013-03-09,2013,3
385135931,19162616509,50010545,50008168,21458:3694003;23150:45030;1628665:29784;25935:21990;22019:3265977;22019:3340598;22019:34731;22019:2026;22019:50793479;2101573:3218251;1628366:32799;8151548:29800;2904342:117128850;13394971:31379;13395135:30911,1,2013-02-21,2013,2,3,1,21458:3694003;23150:45030;1628665:29784;25935:21990;22019:3265977;22019:3340598;22019:34731;22019:2026;22019:50793479;2101573:3218251;1628366:32799;8151548:29800;2904342:117128850;13394971:31379;13395135:30911,20141104.0,0.0,2014-11-04,2014,11
1850552006,22455807963,50006602,50008168,30497:21985;30498:46160;1628665:3233941;1628665:3233942;1628665:3233939;1628665:92012;1628665:29790;1628665:29784;1628324:9319927;1628324:7202757;5426651:29841;1628366:30916;25935:31381;21458:93954609;1633959:3235582,2,2014-01-06,2014,1,0,2,30497:21985;30498:46160;1628665:3233941;1628665:3233942;1628665:3233939;1628665:92012;1628665:29790;1628665:29784;1628324:9319927;1628324:7202757;5426651:29841;1628366:30916;25935:31381;21458:93954609;1633959:3235582,20140125.0,1.0,2014-01-25,2014,1
292966044,16981151324,50010549,50008168,21458:46906;1633959:125924549;25935:21990;1628348:3229645;1627349:11462;3988915:104912;2904342:30905;13394971:31379;13395135:30912;1628665:29798;1628665:29796;22019:3340598;22019:34731;22019:2026;32047:93470,1,2012-11-11,2012,11,6,1,21458:46906;1633959:125924549;25935:21990;1628348:3229645;1627349:11462;3988915:104912;2904342:30905;13394971:31379;13395135:30912;1628665:29798;1628665:29796;22019:3340598;22019:34731;22019:2026;32047:93470,20100916.0,1.0,2010-09-16,2010,9
1040350341,19644870678,50023591,50022520,21458:19938336;1628665:29796;13023209:155600428;21967:29774;21967:29773;21967:29772;122277773:101801;122277569:21983;21477:11462;122217803:3290137;11761801:119493;22009:29801,1,2014-02-24,2014,2,0,1,21458:19938336;1628665:29796;13023209:155600428;21967:29774;21967:29773;21967:29772;122277773:101801;122277569:21983;21477:11462;122217803:3290137;11761801:119493;22009:29801,20140628.0,0.0,2014-06-28,2014,6
198772898,40590019735,121382051,50014815,21458:34925;13023209:675640336;122217803:30914;33969:11580;1628665:108579;1628665:131622,1,2014-09-09,2014,9,1,1,21458:34925;13023209:675640336;122217803:30914;33969:11580;1628665:108579;1628665:131622,20141115.0,0.0,2014-11-15,2014,11
787693926,16224279134,50013207,50008168,21458:30992;1628665:3233941;1628665:3233942;1628665:29790;1628665:61550;1628665:3233937;1628665:29798;1628665:29778;1628665:3233938;1628665:29787;1628665:29784;1628665:29793;1628665:29796;1628665:133527;1628665:108579;1628665:29785;1628665:29782;1628665:29799;2904342:30905;22019:3340598;22019:34731;22019:2026;22019:50793479;22019:3287412;25935:21990;32047:93472;8151548:29800;13394971:30993;13395135:33213;13512632:45026;1633959:155117734,1,2013-03-31,2013,3,6,1,21458:30992;1628665:3233941;1628665:3233942;1628665:29790;1628665:61550;1628665:3233937;1628665:29798;1628665:29778;1628665:3233938;1628665:29787;1628665:29784;1628665:29793;1628665:29796;1628665:133527;1628665:108579;1628665:29785;1628665:29782;1628665:29799;2904342:30905;22019:3340598;22019:34731;22019:2026;22019:50793479;22019:3287412;25935:21990;32047:93472;8151548:29800;13394971:30993;13395135:33213;13512632:45026;1633959:155117734,,1.0,2008-12-26,2008,12
67828543,14922603690,121448025,50008168,1628665:3233941;1628665:3233942;1628665:3233939;1628665:92012;1628665:29790;1628665:31614;1628665:61550;1628665:3233940;1628665:3233936;1628665:3233937;1628665:29798;1628665:29778;1628665:3233938;1628665:82340;1628665:29787;1628665:29793;1628665:131622;1628665:29796;1628665:133527;1628665:108579;1628665:29785;1628665:29782;1628665:29799;25935:31381,1,2014-09-16,2014,9,1,1,1628665:3233941;1628665:3233942;1628665:3233939;1628665:92012;1628665:29790;1628665:31614;1628665:61550;1628665:3233940;1628665:3233936;1628665:3233937;1628665:29798;1628665:29778;1628665:3233938;1628665:82340;1628665:29787;1628665:29793;1628665:131622;1628665:29796;1628665:133527;1628665:108579;1628665:29785;1628665:29782;1628665:29799;25935:31381,20121227.0,1.0,2012-12-27,2012,12
33062883,37219507191,50013207,50008168,1628665:3233941;1628665:3233942;1628665:3233939;1628665:92012;1628665:29790;1628665:31614;1628665:61550;1628665:3233940;1628665:3233936;1628665:3233937;22121:30905;122217801:34731;122217801:2026;122217801:50793479;122217801:3287412;122217801:3377924;25935:31381;32047:93471;22009:29800;22066:31379;22061:30912;122217806:30902;1628348:11468;13023209:3379112;21458:28911,1,2014-05-09,2014,5,4,1,1628665:3233941;1628665:3233942;1628665:3233939;1628665:92012;1628665:29790;1628665:31614;1628665:61550;1628665:3233940;1628665:3233936;1628665:3233937;22121:30905;122217801:34731;122217801:2026;122217801:50793479;122217801:3287412;122217801:3377924;25935:31381;32047:93471;22009:29800;22066:31379;22061:30912;122217806:30902;1628348:11468;13023209:3379112;21458:28911,20100814.0,1.0,2010-08-14,2010,8
287230352,36551323123,50023670,28,21458:3482061;21475:137325;29121644:3251544,1,2014-02-11,2014,2,1,1,21458:3482061;21475:137325;29121644:3251544,,1.0,2009-03-16,2009,3
153843973,24461432324,50023670,28,33969:184475658;21475:21793,1,2013-12-18,2013,12,2,1,33969:184475658;21475:21793,,1.0,2008-02-24,2008,2
143220732,36614249895,50010542,50008168,21458:30992;13023209:41568795;25935:21990;1628665:3233936;1628665:29798;1628665:3233938;1628665:29793;122217801:34731;122217801:2026;122217801:50793479;122217801:3287412;122217801:3377924;122217801:2375;32047:93472;122217803:30914;122217965:3227750;33069:104880;22066:30993;22061:30912,1,2014-10-10,2014,10,4,1,21458:30992;13023209:41568795;25935:21990;1628665:3233936;1628665:29798;1628665:3233938;1628665:29793;122217801:34731;122217801:2026;122217801:50793479;122217801:3287412;122217801:3377924;122217801:2375;32047:93472;122217803:30914;122217965:3227750;33069:104880;22066:30993;22061:30912,,1.0,2008-12-16,2008,12
1656319652,38249174431,50010558,50008168,21458:341899469;13023209:3316451;25935:21991;1628348:11468;10144346:29641136;22009:27417714;122217965:3227750;122217803:30915;22066:29563;33069:104880;22061:30912;33203:3502330;1628665:29787;1628665:29784;122217801:50793479;122217801:3287412;122217801:3377924;122217801:2375;122217801:28232;32047:93470;122217973:117133457;1628306:3229402,1,2014-04-16,2014,4,2,1,21458:341899469;13023209:3316451;25935:21991;1628348:11468;10144346:29641136;22009:27417714;122217965:3227750;122217803:30915;22066:29563;33069:104880;22061:30912;33203:3502330;1628665:29787;1628665:29784;122217801:50793479;122217801:3287412;122217801:3377924;122217801:2375;122217801:28232;32047:93470;122217973:117133457;1628306:3229402,20150108.0,1.0,2015-01-08,2015,1
75343881,17908085498,50013636,50008168,21458:30992;13658074:3235337;1628665:31614;25935:21991;32047:93471;22019:3228688;22019:3248884;22019:3265977;22019:3340598;22135:31410;1628366:30915;8151548:29800;13529746:21983;13529646:117906617;13394971:31379;22022:110150624;13539026:117942783,1,2013-04-13,2013,4,5,1,21458:30992;13658074:3235337;1628665:31614;25935:21991;32047:93471;22019:3228688;22019:3248884;22019:3265977;22019:3340598;22135:31410;1628366:30915;8151548:29800;13529746:21983;13529646:117906617;13394971:31379;22022:110150624;13539026:117942783,20120225.0,0.0,2012-02-25,2012,2
678827114,18882600035,50012730,50014815,21458:150320520;20327943:3420948;1628665:3233941;1628665:3233942,2,2012-11-03,2012,11,5,2,21458:150320520;20327943:3420948;1628665:3233941;1628665:3233942,20130119.0,0.0,2013-01-19,2013,1
649346959,19337772250,50014268,50014815,21458:21906;13229383:3399775;13230979:47140,1,2013-04-17,2013,4,2,1,21458:21906;13229383:3399775;13230979:47140,20130427.0,0.0,2013-04-27,2013,4
814243609,7942419411,50009540,50014815,21458:21906;13229910:7645360;2191928:47325;2191842:13613107;2815901:84304030;5168900:8871776;5173390:7089821;9285698:44208;1628665:29790;1628665:29778;1628665:108579,1,2012-12-20,2012,12,3,1,21458:21906;13229910:7645360;2191928:47325;2191842:13613107;2815901:84304030;5168900:8871776;5173390:7089821;9285698:44208;1628665:29790;1628665:29778;1628665:108579,20130110.0,1.0,2013-01-10,2013,1
107865814,8178914719,50023777,28,1628665:3233941;1628665:29793;1628665:29782;21475:275708185,1,2014-05-29,2014,5,3,1,1628665:3233941;1628665:29793;1628665:29782;21475:275708185,20120620.0,1.0,2012-06-20,2012,6
27488537,40537997104,50013207,50008168,1628665:29790;1628665:31614;1628665:29778;1628665:3233938;1628665:29782;22121:30905;122217801:3340598;122217801:34731;122217801:2026;122217801:50793479;122217801:3287412;25935:21991;32047:93471;22009:21671;22066:31379;22061:14033338;122217806:30902;1628348:11468;13023209:12983699;21458:64450589,1,2014-08-11,2014,8,0,1,1628665:29790;1628665:31614;1628665:29778;1628665:3233938;1628665:29782;22121:30905;122217801:3340598;122217801:34731;122217801:2026;122217801:50793479;122217801:3287412;25935:21991;32047:93471;22009:21671;22066:31379;22061:14033338;122217806:30902;1628348:11468;13023209:12983699;21458:64450589,,0.0,2009-06-16,2009,6
157720562,22257223300,50009547,50014815,21458:3279687;21475:108283;21479:21671;21489:35152;2815901:60539157;5254674:52765615;1628665:29782;1628665:29784;1628665:31614;1628665:92012;1628665:3233942;1628665:3233941,1,2015-01-24,2015,1,5,1,21458:3279687;21475:108283;21479:21671;21489:35152;2815901:60539157;5254674:52765615;1628665:29782;1628665:29784;1628665:31614;1628665:92012;1628665:3233942;1628665:3233941,20140831.0,0.0,2014-08-31,2014,8
460727512,26209400280,50018831,50014815,21458:3933699;1828167:43487022;7255176:3589480;21487:29773;6798969:51746;7250727:21892;33337:17911787;1556:44947,3,2013-12-22,2013,12,6,3,21458:3933699;1828167:43487022;7255176:3589480;21487:29773;6798969:51746;7250727:21892;33337:17911787;1556:44947,,0.0,2009-07-22,2009,7
779336988,19058008657,50012451,50008168,21458:11580;1628665:3233941;1628665:3233942;1628665:3233939;1628665:92012;1628665:29790;1628665:31614;1628665:61550;1628665:3233940;1628665:3233936;1628665:3233937;1628665:29798;1628665:29778;1628665:3233938;1628665:82340;1628665:29787;1628665:29784;1628665:29793;1628665:131622;1628665:29796;1628665:133527;1628665:108579;1628665:29785;1628665:29782;1628665:29799;1633959:10877780;22019:34731;22019:2026;22019:50793479;22019:3287412;22019:3377924;22019:2375;22019:28232;33030:31279;33162:30914;3156768:4195556;3156768:30731631;3156768:4069612;25935:31381;13512069:48867;1628324:3229558;1628324:3229505;1628324:3473865;1628324:3229496;1628324:38368874;1628324:19811010;1628324:104936,1,2012-09-07,2012,9,4,1,21458:11580;1628665:3233941;1628665:3233942;1628665:3233939;1628665:92012;1628665:29790;1628665:31614;1628665:61550;1628665:3233940;1628665:3233936;1628665:3233937;1628665:29798;1628665:29778;1628665:3233938;1628665:82340;1628665:29787;1628665:29784;1628665:29793;1628665:131622;1628665:29796;1628665:133527;1628665:108579;1628665:29785;1628665:29782;1628665:29799;1633959:10877780;22019:34731;22019:2026;22019:50793479;22019:3287412;22019:3377924;22019:2375;22019:28232;33030:31279;33162:30914;3156768:4195556;3156768:30731631;3156768:4069612;25935:31381;13512069:48867;1628324:3229558;1628324:3229505;1628324:3473865;1628324:3229496;1628324:38368874;1628324:19811010;1628324:104936,20100310.0,1.0,2010-03-10,2010,3
664444918,40719234627,50010558,50008168,21458:275497958;13023209:3359841;25935:31381;1628348:3229644;10144346:29641138;22009:27417714;122217965:114518;122217803:30916;22066:3086;33069:104880;22061:30912;33203:4141292;32047:93470;122217973:117133457;1628306:3229402;1628665:3233941;1628665:3233936;1628665:29785;122217801:2026;122217801:50793479;122217801:3287412;122217801:3377924;122217801:2375;122217801:28232,1,2014-09-20,2014,9,5,1,21458:275497958;13023209:3359841;25935:31381;1628348:3229644;10144346:29641138;22009:27417714;122217965:114518;122217803:30916;22066:3086;33069:104880;22061:30912;33203:4141292;32047:93470;122217973:117133457;1628306:3229402;1628665:3233941;1628665:3233936;1628665:29785;122217801:2026;122217801:50793479;122217801:3287412;122217801:3377924;122217801:2375;122217801:28232,20110927.0,1.0,2011-09-27,2011,9
775425752,37667489990,50013187,28,21458:32270;2979447:555413833;11988555:71108369;35833:21671;2397831:16561212;1628665:3233941;1628665:3233942;1628665:3233939;1628665:92012;21475:275708185;22891:106862020;2397831:16561343,1,2014-05-26,2014,5,0,1,21458:32270;2979447:555413833;11988555:71108369;35833:21671;2397831:16561212;1628665:3233941;1628665:3233942;1628665:3233939;1628665:92012;21475:275708185;22891:106862020;2397831:16561343,20140830.0,1.0,2014-08-30,2014,8
277629531,36579750374,50012437,50014815,21458:202019999;1628665:29793;13023209:3364508;3748803:11580;22891:8767140,15,2014-08-25,2014,8,0,13,21458:202019999;1628665:29793;13023209:3364508;3748803:11580;22891:8767140,20130830.0,,2013-08-30,2013,8
1862594497,17150876686,50023670,28,1628665:3233941;1628665:3233942;1628665:3233939;1628665:92012;1628665:29790;1628665:31614;11684888:104528257;33969:30689;21475:11488282,1,2013-12-18,2013,12,2,1,1628665:3233941;1628665:3233942;1628665:3233939;1628665:92012;1628665:29790;1628665:31614;11684888:104528257;33969:30689;21475:11488282,20100105.0,0.0,2010-01-05,2010,1
718858754,24395160617,50013636,50008168,21458:30992;13658074:41766118;1628665:92012;1628665:29790;1628665:29796;1628665:29782;25935:21990;1633959:3258532;32047:93471;22019:3228688;22019:3265977;22019:3248884;22019:3340598;22135:31412;1628366:30915;8151548:29800;13529746:31730;13529646:117906617;13394971:30993;22022:110150624;13539026:117942782,1,2013-05-13,2013,5,0,1,21458:30992;13658074:41766118;1628665:92012;1628665:29790;1628665:29796;1628665:29782;25935:21990;1633959:3258532;32047:93471;22019:3228688;22019:3265977;22019:3248884;22019:3340598;22135:31412;1628366:30915;8151548:29800;13529746:31730;13529646:117906617;13394971:30993;22022:110150624;13539026:117942782,20111015.0,1.0,2011-10-15,2011,10
83359531,25168468921,50009540,50014815,1628665:3233941;1628665:3233942;1628665:29790;1628665:31614;1628665:3233936;1628665:3233937;1628665:3233938;1628665:29793;1628665:108579;2191928:47253;2191842:13613106;21479:110556;5168900:6474327;5173390:51281948;21458:138385352;16735055:16735830,1,2013-07-26,2013,7,4,1,1628665:3233941;1628665:3233942;1628665:29790;1628665:31614;1628665:3233936;1628665:3233937;1628665:3233938;1628665:29793;1628665:108579;2191928:47253;2191842:13613106;21479:110556;5168900:6474327;5173390:51281948;21458:138385352;16735055:16735830,20110205.0,1.0,2011-02-05,2011,2
26629842,41721177698,50010544,50008168,21458:146972093;25935:31381;1628665:29793;1628665:29782;1628665:29799;122217801:3228688;122217801:3265977;122217801:3248884;122217801:3340598;122217801:3284610;122217801:34731;32047:93471;1628348:3229644;122218020:48960;33069:29447291;22121:21671;22066:29563;22009:109279;22061:30912;13510285:3450338;6863019:3269152;13023209:8099153,1,2014-12-12,2014,12,4,1,21458:146972093;25935:31381;1628665:29793;1628665:29782;1628665:29799;122217801:3228688;122217801:3265977;122217801:3248884;122217801:3340598;122217801:3284610;122217801:34731;32047:93471;1628348:3229644;122218020:48960;33069:29447291;22121:21671;22066:29563;22009:109279;22061:30912;13510285:3450338;6863019:3269152;13023209:8099153,20131124.0,0.0,2013-11-24,2013,11
376448732,18698129526,50010566,50008168,21458:46906;1633959:170134241;25935:21990;32047:93470;1628348:3229644;3988915:29447291;8151548:29807;1628366:32799;13394971:31379;13395135:21671;1627349:11462;1628665:3233942;1628665:29793;22019:3287412;22019:3377924;22019:2375;22019:28232;22019:138748,1,2013-09-09,2013,9,0,1,21458:46906;1633959:170134241;25935:21990;32047:93470;1628348:3229644;3988915:29447291;8151548:29807;1628366:32799;13394971:31379;13395135:21671;1627349:11462;1628665:3233942;1628665:29793;22019:3287412;22019:3377924;22019:2375;22019:28232;22019:138748,,1.0,2006-03-07,2006,3
838547338,24881140136,50010558,50008168,21458:94850881;1633959:3381839;25935:21991;1628348:11468;3079382:29641134;8151548:44428977;1627349:3218241;1628366:30915;13394971:29563;3988915:7197959;13395135:109080;13399649:3315982;1628665:3233942;1628665:29778;1628665:29784;22019:34731;22019:2026;22019:50793479;22019:3287412;22019:3377924;22019:2375,1,2013-06-07,2013,6,4,1,21458:94850881;1633959:3381839;25935:21991;1628348:11468;3079382:29641134;8151548:44428977;1627349:3218241;1628366:30915;13394971:29563;3988915:7197959;13395135:109080;13399649:3315982;1628665:3233942;1628665:29778;1628665:29784;22019:34731;22019:2026;22019:50793479;22019:3287412;22019:3377924;22019:2375,20121218.0,0.0,2012-12-18,2012,12
367595379,24285048902,50012451,50008168,21458:30992;1628665:3233941;1628665:3233942;1628665:3233939;1628665:92012;1628665:29790;1628665:31614;122217801:3265977;122217801:3340598;122217801:34731;122217801:2026;22009:29800;122217803:3290137;21477:30731631;21477:106779;21477:28695579;21477:4069612;25935:31381;13512069:31494;21475:61944851;21475:20145005;21475:234713719;13023209:53815585,1,2014-02-27,2014,2,3,1,21458:30992;1628665:3233941;1628665:3233942;1628665:3233939;1628665:92012;1628665:29790;1628665:31614;122217801:3265977;122217801:3340598;122217801:34731;122217801:2026;22009:29800;122217803:3290137;21477:30731631;21477:106779;21477:28695579;21477:4069612;25935:31381;13512069:31494;21475:61944851;21475:20145005;21475:234713719;13023209:53815585,20100923.0,1.0,2010-09-23,2010,9
34296803,2871416722,50008875,28,21475:137325;2397831:16561025,1,2013-09-24,2013,9,1,1,21475:137325;2397831:16561025,,0.0,2009-04-14,2009,4
102571912,14243394387,50006602,50008168,21458:9537177;25935:21991;30497:46155;30498:46160;1628324:3473865;1628366:3230095;1628665:92012;1628665:3233939;1628665:3233941;1628665:3233942;5426651:29841,1,2012-08-02,2012,8,3,1,21458:9537177;25935:21991;30497:46155;30498:46160;1628324:3473865;1628366:3230095;1628665:92012;1628665:3233939;1628665:3233941;1628665:3233942;5426651:29841,20101116.0,0.0,2010-11-16,2010,11
799287214,24289020782,50014274,50014815,3748803:3984338;21458:76040725;40408364:3557875;40408365:4058179,1,2013-06-25,2013,6,1,1,3748803:3984338;21458:76040725;40408364:3557875;40408365:4058179,20120813.0,0.0,2012-08-13,2012,8
20087991,37848480268,50016706,50022520,1628665:3233941;1628665:3233942;1628665:3233939;1628665:92012;1628665:29790;1628665:31614;1628665:61550;1628665:3233940;1628665:3233936;1628665:3233937;1628665:29798;1628665:29778;1628665:3233938;1628665:82340;1628665:29787;1628665:29784;1628665:29793;1628665:131622;1628665:29796;21967:29773;21967:29774;21967:29775;21967:29776;21967:85955;122218232:7137359;122218233:3559330;5316831:7106884;22135:31410;122218237:109756589;21479:29800;21477:22516235;21458:128213732;15385552:4462424,1,2014-06-01,2014,6,6,1,1628665:3233941;1628665:3233942;1628665:3233939;1628665:92012;1628665:29790;1628665:31614;1628665:61550;1628665:3233940;1628665:3233936;1628665:3233937;1628665:29798;1628665:29778;1628665:3233938;1628665:82340;1628665:29787;1628665:29784;1628665:29793;1628665:131622;1628665:29796;21967:29773;21967:29774;21967:29775;21967:29776;21967:85955;122218232:7137359;122218233:3559330;5316831:7106884;22135:31410;122218237:109756589;21479:29800;21477:22516235;21458:128213732;15385552:4462424,20100808.0,0.0,2010-08-08,2010,8
867290915,25354416045,50013636,50008168,21458:30992;1628665:3233937;1628665:82340;1628665:29787;1628665:108579;1628665:29785;1628665:29782;25935:21991;32047:93470;122217801:34731;122217801:125938;122217801:50793479;122217801:3287412;122217801:3377924;122217801:2375;122217801:28232;22135:31412;122217803:30915;22009:29800;122277569:21982;2049128:117906617;22066:29563;22022:102274034;122277668:119686;13023209:269312281;13658074:269312281,1,2014-07-04,2014,7,4,1,21458:30992;1628665:3233937;1628665:82340;1628665:29787;1628665:108579;1628665:29785;1628665:29782;25935:21991;32047:93470;122217801:34731;122217801:125938;122217801:50793479;122217801:3287412;122217801:3377924;122217801:2375;122217801:28232;22135:31412;122217803:30915;22009:29800;122277569:21982;2049128:117906617;22066:29563;22022:102274034;122277668:119686;13023209:269312281;13658074:269312281,,0.0,2007-02-07,2007,2
515908401,40106626875,50013207,50008168,1628665:3233941;1628665:3233942;1628665:3233939;1628665:92012;1628665:31614;1628665:3233936;1628665:3233937;1628665:29798;1628665:29778;1628665:3233938;1628665:82340;1628665:29784;1628665:29793;1628665:29796;1628665:29785;1628665:29782;1628665:29799;22121:30905;122217801:34731;122217801:2026;122217801:50793479;122217801:3287412;122217801:3377924;122217801:2375;122217801:28232;25935:21991;32047:93470;22009:29800;22066:30993;22061:30912;122217806:30902;1628348:11468;13023209:3759183;21458:177457500,1,2014-08-08,2014,8,4,1,1628665:3233941;1628665:3233942;1628665:3233939;1628665:92012;1628665:31614;1628665:3233936;1628665:3233937;1628665:29798;1628665:29778;1628665:3233938;1628665:82340;1628665:29784;1628665:29793;1628665:29796;1628665:29785;1628665:29782;1628665:29799;22121:30905;122217801:34731;122217801:2026;122217801:50793479;122217801:3287412;122217801:3377924;122217801:2375;122217801:28232;25935:21991;32047:93470;22009:29800;22066:30993;22061:30912;122217806:30902;1628348:11468;13023209:3759183;21458:177457500,20110714.0,0.0,2011-07-14,2011,7
279787751,37469126057,50023715,28,21931:21671;21458:98728562,1,2014-03-20,2014,3,3,1,21931:21671;21458:98728562,20130914.0,1.0,2013-09-14,2013,9
721803445,27541700398,50013636,50008168,21458:27890181;1628665:3233936;1628665:29799;25935:21991;32047:93470;22019:34731;22019:2026;22019:50793479;22019:3287412;22019:3377924;22019:2375;22135:31412;1628366:30916;8151548:44428977;13529746:21983;13529646:117906617;13394971:30993;22022:102274034;13539026:117942783;13585235:70146046;1633959:70146046,1,2013-12-30,2013,12,0,1,21458:27890181;1628665:3233936;1628665:29799;25935:21991;32047:93470;22019:34731;22019:2026;22019:50793479;22019:3287412;22019:3377924;22019:2375;22135:31412;1628366:30916;8151548:44428977;13529746:21983;13529646:117906617;13394971:30993;22022:102274034;13539026:117942783;13585235:70146046;1633959:70146046,,0.0,2008-08-08,2008,8
403168768,38978433711,50018831,50014815,21458:3374702;7633825:215388406;116848043:75466306;123923464:29775;25935:21991;7250727:3218944;33337:293329956;22757:28481;122217774:29846,1,2014-07-19,2014,7,5,1,21458:3374702;7633825:215388406;116848043:75466306;123923464:29775;25935:21991;7250727:3218944;33337:293329956;22757:28481;122217774:29846,20131217.0,0.0,2013-12-17,2013,12
714919791,12605082527,50228021,50014815,21458:21909;3097668:62955240;33604:110563;33602:110556;33603:110560;33605:110567;33606:110569;2815901:26583431;5168900:6474327;1628665:3233941;1628665:3233942;6478880:29772;6478880:29773;6478880:29774;6478880:29775;31174030:201515649,1,2013-01-11,2013,1,4,1,21458:21909;3097668:62955240;33604:110563;33602:110556;33603:110560;33605:110567;33606:110569;2815901:26583431;5168900:6474327;1628665:3233941;1628665:3233942;6478880:29772;6478880:29773;6478880:29774;6478880:29775;31174030:201515649,20120316.0,1.0,2012-03-16,2012,3
733070564,42557673678,50010549,50008168,21458:148783807;13023209:61917623;115931637:36783070;25935:31381;1628348:3229645;122217965:114518;33069:104912;22121:30907;22066:30993;22009:27417714;122218045:55366;22061:14033338;32047:93471;6863019:21671;1628665:3233936;1628665:133527;122217801:3228688;122217801:3265977;122217801:3340598,1,2015-01-17,2015,1,5,1,21458:148783807;13023209:61917623;115931637:36783070;25935:31381;1628348:3229645;122217965:114518;33069:104912;22121:30907;22066:30993;22009:27417714;122218045:55366;22061:14033338;32047:93471;6863019:21671;1628665:3233936;1628665:133527;122217801:3228688;122217801:3265977;122217801:3340598,20141217.0,1.0,2014-12-17,2014,12
87526273,19733405881,50013636,50008168,1628665:3233941;1628665:3233942;1628665:3233939;1628665:92012;1628665:29790;1628665:31614;1628665:61550;1628665:3233940;1628665:3233936;1628665:3233937;1628665:29798;1628665:29778;1628665:3233938;1628665:82340;1628665:29787;1628665:29784;1628665:29793;1628665:131622;1628665:29796;1628665:108579;1628665:29785;1628665:29782;25935:21991;32047:93471;22019:3340598;22019:34731;22019:2026;22019:50793479;22019:3287412;22019:3377924;22019:2375;22135:31412;1628366:32799;8151548:29809;13529746:21983;22022:102274034;13539026:35534883;21458:107400509;14164428:3281842,1,2013-11-26,2013,11,1,1,1628665:3233941;1628665:3233942;1628665:3233939;1628665:92012;1628665:29790;1628665:31614;1628665:61550;1628665:3233940;1628665:3233936;1628665:3233937;1628665:29798;1628665:29778;1628665:3233938;1628665:82340;1628665:29787;1628665:29784;1628665:29793;1628665:131622;1628665:29796;1628665:108579;1628665:29785;1628665:29782;25935:21991;32047:93471;22019:3340598;22019:34731;22019:2026;22019:50793479;22019:3287412;22019:3377924;22019:2375;22135:31412;1628366:32799;8151548:29809;13529746:21983;22022:102274034;13539026:35534883;21458:107400509;14164428:3281842,20101101.0,0.0,2010-11-01,2010,11
272757969,43352070226,50010544,50008168,21458:47824190;13023209:780283639;25935:21991;1628348:3229644;122218020:46055;33069:29447291;22121:21671;22066:29563;22009:29813;22061:30912;13510285:3450338;6863019:3269153;32047:93470;1628665:29784;122217801:50793479;122217801:3287412,1,2015-01-21,2015,1,2,1,21458:47824190;13023209:780283639;25935:21991;1628348:3229644;122218020:46055;33069:29447291;22121:21671;22066:29563;22009:29813;22061:30912;13510285:3450338;6863019:3269153;32047:93470;1628665:29784;122217801:50793479;122217801:3287412,20110224.0,0.0,2011-02-24,2011,2
14510892,35241818543,203527,28,21974:29869;22724:40168;22729:40249;21458:21817;2444468:17122097;21475:21793,1,2013-11-22,2013,11,4,1,21974:29869;22724:40168;22729:40249;21458:21817;2444468:17122097;21475:21793,20140812.0,1.0,2014-08-12,2014,8
1817973372,15283087345,50016454,28,21458:3924303;1628665:3233941;1628665:3233942;1628665:3233939;1628665:92012;1628665:29790;1628665:31614;1628665:61550;1628665:3233937;13023209:399817498;21475:135183931,1,2014-08-03,2014,8,6,1,21458:3924303;1628665:3233941;1628665:3233942;1628665:3233939;1628665:92012;1628665:29790;1628665:31614;1628665:61550;1628665:3233937;13023209:399817498;21475:135183931,20120223.0,1.0,2012-02-23,2012,2
80273467,39230402076,50018831,50014815,21458:3218884;7255196:71014002;28403553:71038200;123923464:29772;25935:51746;7250727:21892;33337:114011021;22757:28481;122218054:71038200,1,2014-11-11,2014,11,1,1,21458:3218884;7255196:71014002;28403553:71038200;123923464:29772;25935:51746;7250727:21892;33337:114011021;22757:28481;122218054:71038200,20150125.0,,2015-01-25,2015,1
99519637,4101836471,50012777,50014815,1628665:3233941;1628665:3233942;1628665:3233939;1628665:92012;1628665:29790;1628665:31614;1628665:61550;1628665:3233940;1628665:3233936;1628665:3233937;1628665:29798;1628665:29778;1628665:3233938;1628665:82340;1628665:29787;1628665:29784;1628665:29793;1628665:131622;1628665:29796;1628665:133527;1628665:108579;1628665:29785;1628665:29782;1628665:29799;21458:8535341;1633959:3234462,1,2013-10-07,2013,10,0,1,1628665:3233941;1628665:3233942;1628665:3233939;1628665:92012;1628665:29790;1628665:31614;1628665:61550;1628665:3233940;1628665:3233936;1628665:3233937;1628665:29798;1628665:29778;1628665:3233938;1628665:82340;1628665:29787;1628665:29784;1628665:29793;1628665:131622;1628665:29796;1628665:133527;1628665:108579;1628665:29785;1628665:29782;1628665:29799;21458:8535341;1633959:3234462,20140806.0,0.0,2014-08-06,2014,8
131802832,37536988312,50013207,50008168,1628665:3233941;1628665:3233942;1628665:3233939;1628665:29790;1628665:31614;1628665:61550;1628665:3233940;1628665:3233936;1628665:3233937;1628665:29798;1628665:29778;1628665:3233938;1628665:82340;1628665:29787;1628665:29784;1628665:29793;1628665:131622;1628665:29796;1628665:133527;1628665:29785;1628665:29782;1628665:29799;22121:30905;122217801:34731;122217801:2026;122217801:3238422;122217801:50793479;122217801:3251926;122217801:3287412;122217801:3263874;122217801:3377924;122217801:3385599;122217801:2375;122217801:3226274;122217801:28232;25935:21990;32047:93470;22009:29800;22066:29563;22061:30912;122217806:30902;1628348:11468;21458:42256,1,2014-09-20,2014,9,5,1,1628665:3233941;1628665:3233942;1628665:3233939;1628665:29790;1628665:31614;1628665:61550;1628665:3233940;1628665:3233936;1628665:3233937;1628665:29798;1628665:29778;1628665:3233938;1628665:82340;1628665:29787;1628665:29784;1628665:29793;1628665:131622;1628665:29796;1628665:133527;1628665:29785;1628665:29782;1628665:29799;22121:30905;122217801:34731;122217801:2026;122217801:3238422;122217801:50793479;122217801:3251926;122217801:3287412;122217801:3263874;122217801:3377924;122217801:3385599;122217801:2375;122217801:3226274;122217801:28232;25935:21990;32047:93470;22009:29800;22066:29563;22061:30912;122217806:30902;1628348:11468;21458:42256,20120405.0,1.0,2012-04-05,2012,4
849430227,22604419844,50006602,50008168,30497:30035;30498:46160;1628665:3233941;1628665:3233942;1628324:9319927;5426651:29841;1628366:30916;25935:31381,2,2013-12-11,2013,12,2,2,30497:30035;30498:46160;1628665:3233941;1628665:3233942;1628324:9319927;5426651:29841;1628366:30916;25935:31381,20140619.0,0.0,2014-06-19,2014,6
504846829,43161044611,50012564,50014815,21458:30992;1628149:48509498;15054114:9609256;8456532:4244397;122217774:34731;21956:3254431,5,2015-01-19,2015,1,0,5,21458:30992;1628149:48509498;15054114:9609256;8456532:4244397;122217774:34731;21956:3254431,20131024.0,1.0,2013-10-24,2013,10
86731623,36255777443,50010557,50008168,21458:80465867;1633959:4451999;25935:31381;1628665:3233941;1628665:3233942;1628665:3233939;1628665:92012;22019:3284610;22019:34731;22019:2026;22019:50793479;22019:3287412;32047:93470;1627368:3218564;1627349:114518;1628432:3230662;13394971:29563;3988915:7197959;2904342:31004;13395135:30912;1628348:11468,1,2013-12-13,2013,12,4,1,21458:80465867;1633959:4451999;25935:31381;1628665:3233941;1628665:3233942;1628665:3233939;1628665:92012;22019:3284610;22019:34731;22019:2026;22019:50793479;22019:3287412;32047:93470;1627368:3218564;1627349:114518;1628432:3230662;13394971:29563;3988915:7197959;2904342:31004;13395135:30912;1628348:11468,20131226.0,0.0,2013-12-26,2013,12
124333754,4347434860,50018824,38,6940834:29865;21458:48927;1628149:96059;22757:21671,1,2014-10-21,2014,10,1,1,6940834:29865;21458:48927;1628149:96059;22757:21671,20140323.0,1.0,2014-03-23,2014,3
653290859,15201138534,50010558,50008168,21458:149603010;25935:21990;1633959:3334293;1628665:29796;1628665:29782;22019:34731;22019:2026;22019:50793479;22019:3287412;22019:3377924;32047:93470;1628305:117133366;1628306:3229398;1628348:3229644;3079382:29641138;8151548:29800;1627349:3227750;1628366:32799;13394971:3086;3988915:7197959;13395135:33213;13399649:3315982,1,2012-09-14,2012,9,4,1,21458:149603010;25935:21990;1633959:3334293;1628665:29796;1628665:29782;22019:34731;22019:2026;22019:50793479;22019:3287412;22019:3377924;32047:93470;1628305:117133366;1628306:3229398;1628348:3229644;3079382:29641138;8151548:29800;1627349:3227750;1628366:32799;13394971:3086;3988915:7197959;13395135:33213;13399649:3315982,,1.0,2007-08-20,2007,8
47742510,13518730030,121398035,50022520,21458:21049220;12874634:114510315;13023209:657433776;19213301:27521063;21477:105416591;122217803:3290137;22009:104585;122217965:3227750;1628665:3233941;1628665:3233942;1628665:3233939;1628665:92012;1628665:29790;1628665:31614;1628665:61550;1628665:3233940;1628665:3233936;1628665:3233937;1628665:29778;1628665:82340;1628665:29784;1628665:131622;1628665:29796;1628665:133527;1628665:108579;1628665:29785;1628665:29782;1628665:29799;21967:29774;21967:29775;21967:29776,1,2014-10-19,2014,10,6,1,21458:21049220;12874634:114510315;13023209:657433776;19213301:27521063;21477:105416591;122217803:3290137;22009:104585;122217965:3227750;1628665:3233941;1628665:3233942;1628665:3233939;1628665:92012;1628665:29790;1628665:31614;1628665:61550;1628665:3233940;1628665:3233936;1628665:3233937;1628665:29778;1628665:82340;1628665:29784;1628665:131622;1628665:29796;1628665:133527;1628665:108579;1628665:29785;1628665:29782;1628665:29799;21967:29774;21967:29775;21967:29776,20140727.0,0.0,2014-07-27,2014,7
112175464,39475654625,50008845,28,21458:211472372;13023209:12173;43825597:12173;2397831:16560944;11684888:11468;1628665:3233941;21475:275708185;2397831:16561164,1,2014-07-29,2014,7,1,1,21458:211472372;13023209:12173;43825597:12173;2397831:16560944;11684888:11468;1628665:3233941;21475:275708185;2397831:16561164,20140101.0,0.0,2014-01-01,2014,1
1672630998,36962807964,50006602,50008168,10984217:30035;13023209:23506;21479:106713;1628665:31614;1628665:3233936;1628665:29787;1628665:29784;1628665:108579;1628665:29782;21475:9319927;122217803:30916;25935:31381,3,2014-03-25,2014,3,1,3,10984217:30035;13023209:23506;21479:106713;1628665:31614;1628665:3233936;1628665:29787;1628665:29784;1628665:108579;1628665:29782;21475:9319927;122217803:30916;25935:31381,20140302.0,1.0,2014-03-02,2014,3
442973445,8949249584,50023663,28,21475:137325;11666049:40203;11684888:104528258;11760785:4023751;11760865:38327843;1628665:3233941;1628665:3233942;1628665:3233939;1628665:92012;1628665:29790;1628665:31614;1628665:61550;1628665:3233940;1628665:3233936;1628665:3233937;1628665:29798;1628665:29778;1628665:3233938;1628665:82340;1628665:29787;1628665:29784;1628665:29793;1628665:131622;1628665:29796;1628665:133527;1628665:108579;1628665:29785;1628665:29782;1628665:29799,1,2013-11-13,2013,11,2,1,21475:137325;11666049:40203;11684888:104528258;11760785:4023751;11760865:38327843;1628665:3233941;1628665:3233942;1628665:3233939;1628665:92012;1628665:29790;1628665:31614;1628665:61550;1628665:3233940;1628665:3233936;1628665:3233937;1628665:29798;1628665:29778;1628665:3233938;1628665:82340;1628665:29787;1628665:29784;1628665:29793;1628665:131622;1628665:29796;1628665:133527;1628665:108579;1628665:29785;1628665:29782;1628665:29799,20130520.0,1.0,2013-05-20,2013,5
18382012,27095116998,50002524,28,21458:30992;36598402:2998;22914:43304,1,2013-12-31,2013,12,1,1,21458:30992;36598402:2998;22914:43304,,1.0,2009-05-30,2009,5
274379633,41639051049,50013881,28,21458:211472372;13023209:11575;140655817:639554169;21475:275708185;1628665:3233941;1628665:3233942;1628665:3233939;1628665:92012;1628665:29790;1628665:31614;1628665:61550;1628665:3233940;1628665:3233936;1628665:3233937;1628665:29798;1628665:29778;1628665:3233938;1628665:82340;1628665:29787;1628665:29784;1628665:29793;1628665:131622;1628665:29796,1,2015-01-18,2015,1,6,1,21458:211472372;13023209:11575;140655817:639554169;21475:275708185;1628665:3233941;1628665:3233942;1628665:3233939;1628665:92012;1628665:29790;1628665:31614;1628665:61550;1628665:3233940;1628665:3233936;1628665:3233937;1628665:29798;1628665:29778;1628665:3233938;1628665:82340;1628665:29787;1628665:29784;1628665:29793;1628665:131622;1628665:29796,20140627.0,1.0,2014-06-27,2014,6
705109899,35673255097,50024842,50008168,21458:3239178;1628665:29784;1628665:29796;1628665:29782;1628665:29799;2246106:4375059;25935:31381;13545112:15077438,1,2013-11-15,2013,11,4,1,21458:3239178;1628665:29784;1628665:29796;1628665:29782;1628665:29799;2246106:4375059;25935:31381;13545112:15077438,20150318.0,0.0,2015-03-18,2015,3
633734925,35723840617,50010236,50014815,21458:39608130;1628665:3233942;1628665:3233939;1628665:92012;1628665:29790;1628665:31614;1628665:3233940;1628665:3233937;1628665:82340;1628665:29787;1628665:133527;1628665:29785;1628665:29799;5434312:9742895;5434423:6480840;38087806:3790228;3091143:29821536,1,2014-01-17,2014,1,4,1,21458:39608130;1628665:3233942;1628665:3233939;1628665:92012;1628665:29790;1628665:31614;1628665:3233940;1628665:3233937;1628665:82340;1628665:29787;1628665:133527;1628665:29785;1628665:29799;5434312:9742895;5434423:6480840;38087806:3790228;3091143:29821536,20120324.0,0.0,2012-03-24,2012,3
1822398971,41617854706,211122,38,21458:21771;25843:110652294;6933553:3313169;15898801:10833226;3346378:23409;22757:3298105;21475:3472605;1628149:112911;122277714:40945;6940834:29865;122517771:10833226,1,2014-10-22,2014,10,2,1,21458:21771;25843:110652294;6933553:3313169;15898801:10833226;3346378:23409;22757:3298105;21475:3472605;1628149:112911;122277714:40945;6940834:29865;122517771:10833226,20130508.0,0.0,2013-05-08,2013,5
306716492,41171540130,50012432,50014815,1628665:3233941;1628665:3233942;1628665:3233939;1628665:29790;1628665:31614;1628665:61550;1628665:3233940;1628665:3233936;1628665:3233937;1628665:29798;22009:106713;13023209:192561898;21458:766506231,1,2015-01-12,2015,1,0,1,1628665:3233941;1628665:3233942;1628665:3233939;1628665:29790;1628665:31614;1628665:61550;1628665:3233940;1628665:3233936;1628665:3233937;1628665:29798;22009:106713;13023209:192561898;21458:766506231,20150301.0,1.0,2015-03-01,2015,3
108083003,37933952657,211122,38,21458:138742;36816:141627536;6933553:4099393;17427297:3329357;22757:44902;21475:39835993;1628149:112911;6940834:29865;122277714:44902,1,2014-11-26,2014,11,2,1,21458:138742;36816:141627536;6933553:4099393;17427297:3329357;22757:44902;21475:39835993;1628149:112911;6940834:29865;122277714:44902,20141206.0,1.0,2014-12-06,2014,12
217491793,40733937812,50023777,28,21458:34928;12381980:3238092;11666049:41107024;11666049:104390027;21475:135183931;1628665:29798;1628665:29778;1628665:82340;1628665:29787;1628665:29784;1628665:29793,1,2014-11-11,2014,11,1,1,21458:34928;12381980:3238092;11666049:41107024;11666049:104390027;21475:135183931;1628665:29798;1628665:29778;1628665:82340;1628665:29787;1628665:29784;1628665:29793,20130210.0,0.0,2013-02-10,2013,2
52971251,14733059304,50012449,50008168,21458:46896;6593053:11468;1628665:3233941;1628665:3233942;1628665:31614;1628665:3233937;1628665:3233938;1628665:82340;25935:31381;122217801:3275004,1,2014-02-26,2014,2,2,1,21458:46896;6593053:11468;1628665:3233941;1628665:3233942;1628665:31614;1628665:3233937;1628665:3233938;1628665:82340;25935:31381;122217801:3275004,20130617.0,0.0,2013-06-17,2013,6
299196791,38217159047,50013187,28,1628665:3233941;1628665:3233942;1628665:3233939;1628665:92012;1628665:29790;1628665:31614;1628665:61550;1628665:3233940;1628665:3233936;1628665:3233937;1628665:29798;1628665:29778;1628665:3233938;1628665:82340;21475:275708185;11988555:59661751;35833:7534777;22891:106862020;22891:106862021;22891:106862022;22891:106862023;22891:57328981;22891:106862024;21458:3372530;19416217:582896032;2397831:40203,26,2014-05-21,2014,5,2,13,1628665:3233941;1628665:3233942;1628665:3233939;1628665:92012;1628665:29790;1628665:31614;1628665:61550;1628665:3233940;1628665:3233936;1628665:3233937;1628665:29798;1628665:29778;1628665:3233938;1628665:82340;21475:275708185;11988555:59661751;35833:7534777;22891:106862020;22891:106862021;22891:106862022;22891:106862023;22891:57328981;22891:106862024;21458:3372530;19416217:582896032;2397831:40203,20140331.0,0.0,2014-03-31,2014,3
224292962,18387768742,50228021,50014815,21458:21906;3097674:622777781;21475:46107683;21475:7202757;21475:108284;1628149:110568;21479:110556;31174030:201515649;1628665:108579;1628665:131622;1628665:29778;1628665:29782;6478880:11580,3,2015-01-20,2015,1,1,3,21458:21906;3097674:622777781;21475:46107683;21475:7202757;21475:108284;1628149:110568;21479:110556;31174030:201515649;1628665:108579;1628665:131622;1628665:29778;1628665:29782;6478880:11580,20121213.0,1.0,2012-12-13,2012,12
1577585731,19799317492,50010558,50008168,21458:15042106;1633959:184324242;25935:21991;1628665:29790;1628665:31614;1628665:3233936;1628665:3233937;1628665:29798;1628665:29778;22019:3228688;22019:3265977;22019:3248884;22019:3340598;32047:93471;1628305:3229391;1628306:3229398;1628348:11468;3079382:29641138;8151548:29800;1627349:114518;1628366:30916;13394971:31393;3988915:104912;13395135:109080;13399649:3315982,1,2014-01-06,2014,1,0,1,21458:15042106;1633959:184324242;25935:21991;1628665:29790;1628665:31614;1628665:3233936;1628665:3233937;1628665:29798;1628665:29778;22019:3228688;22019:3265977;22019:3248884;22019:3340598;32047:93471;1628305:3229391;1628306:3229398;1628348:11468;3079382:29641138;8151548:29800;1627349:114518;1628366:30916;13394971:31393;3988915:104912;13395135:109080;13399649:3315982,20130321.0,0.0,2013-03-21,2013,3
1836568285,41204717346,50010566,50008168,25935:21991;1628665:3233938;122217801:3340598;122217801:34731;122217801:2026;122217801:50793479;122217801:3287412;32047:93470;1628348:11468;33069:104911;22121:20530705;22009:27417714;122217803:30914;22066:3381725;22061:30912;122217965:29431631,1,2014-10-19,2014,10,6,1,25935:21991;1628665:3233938;122217801:3340598;122217801:34731;122217801:2026;122217801:50793479;122217801:3287412;32047:93470;1628348:11468;33069:104911;22121:20530705;22009:27417714;122217803:30914;22066:3381725;22061:30912;122217965:29431631,20111123.0,0.0,2011-11-23,2011,11
517793335,16719576868,50006843,38,21458:33304;1746883:6831759;5345980:42526768;2815901:26749777;21476:21797;21475:108283;6933666:4421827,2,2012-07-10,2012,7,1,2,21458:33304;1746883:6831759;5345980:42526768;2815901:26749777;21476:21797;21475:108283;6933666:4421827,20110710.0,1.0,2011-07-10,2011,7
69889555,25137540538,50006602,50008168,10984217:46154;21479:106713;1628665:3233942;1628665:29778;1628665:3233938;21475:3473865;21475:3229496;21475:38368874;122217803:30915;25935:21991,1,2014-05-24,2014,5,5,1,10984217:46154;21479:106713;1628665:3233942;1628665:29778;1628665:3233938;21475:3473865;21475:3229496;21475:38368874;122217803:30915;25935:21991,20101111.0,0.0,2010-11-11,2010,11
31465015,15284214987,50006823,28,1628665:3233941;1628665:3233942;21475:137325;1627584:30689;12062989:98129102;2397831:16560881,1,2013-12-02,2013,12,0,1,1628665:3233941;1628665:3233942;21475:137325;1627584:30689;12062989:98129102;2397831:16560881,20120601.0,1.0,2012-06-01,2012,6
42687654,36544264727,50010538,50008168,21458:389094110;25935:21991;1628665:29778;1628665:29784;1628665:29782;22019:50793479;22019:3287412;22019:3377924;22019:2375;22019:28232;32047:93471;1628348:11468;1627349:36783070;2919054:11337999;3988915:104912;13394971:29563;2904342:30905;13395135:30912;1628366:30916;8151548:9116395,1,2014-01-06,2014,1,0,1,21458:389094110;25935:21991;1628665:29778;1628665:29784;1628665:29782;22019:50793479;22019:3287412;22019:3377924;22019:2375;22019:28232;32047:93471;1628348:11468;1627349:36783070;2919054:11337999;3988915:104912;13394971:29563;2904342:30905;13395135:30912;1628366:30916;8151548:9116395,,1.0,2009-05-15,2009,5
401026519,20175111454,50015841,28,21458:19588708;1628665:3233941;1628665:3233942;1628665:3233939;1628665:29790;1628665:61550;1628665:3233940;1628665:3233936;1628665:3233937;1628665:29798;1628665:29778;1628665:3233938;1628665:29784;1628665:29793;1628665:29796;1628665:133527;1628665:108579;1628665:29782;1628665:29799;3914866:23415;11684888:104528257;21475:11488282,1,2013-06-04,2013,6,1,1,21458:19588708;1628665:3233941;1628665:3233942;1628665:3233939;1628665:29790;1628665:61550;1628665:3233940;1628665:3233936;1628665:3233937;1628665:29798;1628665:29778;1628665:3233938;1628665:29784;1628665:29793;1628665:29796;1628665:133527;1628665:108579;1628665:29782;1628665:29799;3914866:23415;11684888:104528257;21475:11488282,20110320.0,0.0,2011-03-20,2011,3
58463787,35348722557,203527,28,21458:89742396;1633959:8040799;21974:32608;22724:40168;22729:40278;2444468:17122099;6725953:48332;7831991:20451167;21956:29743;11684888:104528257;1628665:3233941;1628665:3233942;1628665:3233939;1628665:92012;1628665:29790;1628665:31614;1628665:61550;1628665:3233940;1628665:3233936;1628665:3233937;1628665:29798;1628665:29778;1628665:3233938;1628665:82340;1628665:29787;1628665:29784;1628665:29796;1628665:133527;1628665:108579;1628665:29785;1628665:29782;1628665:29799;21475:137325,1,2013-10-26,2013,10,5,1,21458:89742396;1633959:8040799;21974:32608;22724:40168;22729:40278;2444468:17122099;6725953:48332;7831991:20451167;21956:29743;11684888:104528257;1628665:3233941;1628665:3233942;1628665:3233939;1628665:92012;1628665:29790;1628665:31614;1628665:61550;1628665:3233940;1628665:3233936;1628665:3233937;1628665:29798;1628665:29778;1628665:3233938;1628665:82340;1628665:29787;1628665:29784;1628665:29796;1628665:133527;1628665:108579;1628665:29785;1628665:29782;1628665:29799;21475:137325,20100928.0,1.0,2010-09-28,2010,9
126581934,17509603102,50010544,50008168,21458:46888;1633959:178230294;25935:21991;1628021:46055;3988915:104912;2904342:30907;13394971:31377;8151548:109279;13395135:3256499;13510285:3450338;2919706:3269152;1628665:3233938;22019:3340598;22019:34731;22019:2026;22019:50793479,1,2012-12-08,2012,12,5,1,21458:46888;1633959:178230294;25935:21991;1628021:46055;3988915:104912;2904342:30907;13394971:31377;8151548:109279;13395135:3256499;13510285:3450338;2919706:3269152;1628665:3233938;22019:3340598;22019:34731;22019:2026;22019:50793479,20110519.0,0.0,2011-05-19,2011,5
1070284684,26778408178,50013207,50008168,21458:214845883;1628665:3233942;1628665:61550;1628665:29778;1628665:3233938;2904342:30905;22019:3238327;22019:3228688;22019:3265977;22019:3248884;25935:31381;1633959:28890;8151548:29800;13394971:29563;13395135:33213;13512632:45026;1628348:11468,1,2013-09-27,2013,9,4,1,21458:214845883;1628665:3233942;1628665:61550;1628665:29778;1628665:3233938;2904342:30905;22019:3238327;22019:3228688;22019:3265977;22019:3248884;25935:31381;1633959:28890;8151548:29800;13394971:29563;13395135:33213;13512632:45026;1628348:11468,20111229.0,0.0,2011-12-29,2011,12
67985523,20193534613,50014271,50014815,21458:21593;5544705:3334854;5544709:6373477;3748803:82310;3730821:93669;5260764:28471;2815901:5758970,1,2014-01-02,2014,1,3,1,21458:21593;5544705:3334854;5544709:6373477;3748803:82310;3730821:93669;5260764:28471;2815901:5758970,20120713.0,0.0,2012-07-13,2012,7
1076986436,15117929670,50013636,50008168,21458:94702980;1633959:242048179;13682048:242048179;25935:31381;32047:93472;22135:31412;1628366:30915;8151548:29800;13529746:21982;13529646:117906617;13394971:3256567;22022:110150624;13539026:23751657;1628665:3233941;1628665:3233942;1628665:82340;1628665:29787;22019:3238327;22019:3228688;22019:3265977;22019:3248884;22019:3340598;22019:34731,1,2013-05-29,2013,5,2,1,21458:94702980;1633959:242048179;13682048:242048179;25935:31381;32047:93472;22135:31412;1628366:30915;8151548:29800;13529746:21982;13529646:117906617;13394971:3256567;22022:110150624;13539026:23751657;1628665:3233941;1628665:3233942;1628665:82340;1628665:29787;22019:3238327;22019:3228688;22019:3265977;22019:3248884;22019:3340598;22019:34731,20120320.0,0.0,2012-03-20,2012,3
886997790,14575287408,50013207,50008168,21458:4424017;1633959:8710443;2904342:65820315;25935:21990;8151548:29800;13394971:30993;13395135:30912;13512632:44718;1628665:29790;1628665:29798;1628665:29778;22019:3377924;22019:2375;22019:28232;22019:138749;32047:93470,1,2013-05-08,2013,5,2,1,21458:4424017;1633959:8710443;2904342:65820315;25935:21990;8151548:29800;13394971:30993;13395135:30912;13512632:44718;1628665:29790;1628665:29798;1628665:29778;22019:3377924;22019:2375;22019:28232;22019:138749;32047:93470,20141130.0,0.0,2014-11-30,2014,11
1052158519,25605368474,50023637,28,21458:30992;11576056:94458171;1628665:3233936;1628665:3233938;1628665:131622;1628665:29782;11684888:104528258;9174839:3268237;21475:21793;37703468:102699724;11666049:40203,1,2014-01-14,2014,1,1,1,21458:30992;11576056:94458171;1628665:3233936;1628665:3233938;1628665:131622;1628665:29782;11684888:104528258;9174839:3268237;21475:21793;37703468:102699724;11666049:40203,20120329.0,0.0,2012-03-29,2012,3
468484747,14659086347,50010558,50008168,25935:21990;1628665:29790;1628665:31614;1628665:61550;1628665:3233940;22019:3340598;22019:34731;22019:2026;22019:50793479;22019:3287412;22019:3377924;32047:93472;1628305:3229394;1628306:3229399;1628348:11468;3079382:29641136;1627349:3218241;1628366:30915;13394971:30993;3988915:7197959;13395135:33213;13399649:3315982;21458:97079677;1633959:4980481,1,2013-05-20,2013,5,0,1,25935:21990;1628665:29790;1628665:31614;1628665:61550;1628665:3233940;22019:3340598;22019:34731;22019:2026;22019:50793479;22019:3287412;22019:3377924;32047:93472;1628305:3229394;1628306:3229399;1628348:11468;3079382:29641136;1627349:3218241;1628366:30915;13394971:30993;3988915:7197959;13395135:33213;13399649:3315982;21458:97079677;1633959:4980481,20110531.0,1.0,2011-05-31,2011,5
62879667,35633055239,121394024,50008168,1628665:3233941;1628665:3233942;1628665:3233939;1628665:92012;1628665:29790;1628665:31614;1628665:61550;1628665:3233940;1628665:3233936;1628665:3233937;1628665:29798;1628665:29778;1628665:3233938;1628665:82340;1628665:29787;1628665:29784;1628665:29793;1628665:131622;1628665:29796;1628665:133527;1628665:108579;122217801:3238327;122217801:3228688;122217801:3265977;122217801:3340598;122217801:34731;122217801:2026;22009:29800;122217803:30914;21477:4195556;21477:30731631;21477:28695579;21477:4069612;25935:31381;13512069:117821971;21475:61944851;21475:20145005;21458:11811877,1,2014-12-12,2014,12,4,1,1628665:3233941;1628665:3233942;1628665:3233939;1628665:92012;1628665:29790;1628665:31614;1628665:61550;1628665:3233940;1628665:3233936;1628665:3233937;1628665:29798;1628665:29778;1628665:3233938;1628665:82340;1628665:29787;1628665:29784;1628665:29793;1628665:131622;1628665:29796;1628665:133527;1628665:108579;122217801:3238327;122217801:3228688;122217801:3265977;122217801:3340598;122217801:34731;122217801:2026;22009:29800;122217803:30914;21477:4195556;21477:30731631;21477:28695579;21477:4069612;25935:31381;13512069:117821971;21475:61944851;21475:20145005;21458:11811877,20111205.0,0.0,2011-12-05,2011,12
54925736,12310877181,50006602,50008168,21458:3375978;30497:46156;1633959:183823641;1628665:92012;1628665:3233939;1628665:3233941;1628665:3233942;1628324:3472605;1628324:7202757;1628324:9319927,1,2013-10-19,2013,10,5,1,21458:3375978;30497:46156;1633959:183823641;1628665:92012;1628665:3233939;1628665:3233941;1628665:3233942;1628324:3472605;1628324:7202757;1628324:9319927,20130428.0,0.0,2013-04-28,2013,4
200849884,17009939906,50012451,50008168,21458:11580;1628665:3233941;1628665:3233942;1628665:3233939;1628665:92012;1628665:29790;1628665:31614;1628665:61550;1628665:3233940;1628665:3233936;1628665:3233937;1628665:29798;1628665:29778;1628665:3233938;1628665:82340;1628665:29787;1628665:29784;1628665:29793;1628665:131622;1628665:29796;22019:2026;22019:50793479;22019:3287412;22019:3377924;22019:2375;22019:28232,1,2012-11-12,2012,11,0,1,21458:11580;1628665:3233941;1628665:3233942;1628665:3233939;1628665:92012;1628665:29790;1628665:31614;1628665:61550;1628665:3233940;1628665:3233936;1628665:3233937;1628665:29798;1628665:29778;1628665:3233938;1628665:82340;1628665:29787;1628665:29784;1628665:29793;1628665:131622;1628665:29796;22019:2026;22019:50793479;22019:3287412;22019:3377924;22019:2375;22019:28232,,1.0,2006-01-13,2006,1
296255521,35594754309,50012365,122650008,21458:12881798;1633959:125784;1628366:30916;2397831:16561404;23346:46084;8185015:18340619;8185016:31619;8185018:31686;1629233:3269393;3034215:3224847;8185021:117233;8185017:31691;2232918:14466536;25935:21991;25935:21990;25935:31381;1628665:3233939;1628665:3233940;1628665:3233938;1628665:29784;1628665:133527;1628665:29799;22007:30391;22007:30392;22007:30393;22007:30394;22007:30395;22007:30396;22007:30397;22007:30398;22007:30399;22007:30400;22007:30338;22007:30401;39124336:18340619,2,2014-01-12,2014,1,6,2,21458:12881798;1633959:125784;1628366:30916;2397831:16561404;23346:46084;8185015:18340619;8185016:31619;8185018:31686;1629233:3269393;3034215:3224847;8185021:117233;8185017:31691;2232918:14466536;25935:21991;25935:21990;25935:31381;1628665:3233939;1628665:3233940;1628665:3233938;1628665:29784;1628665:133527;1628665:29799;22007:30391;22007:30392;22007:30393;22007:30394;22007:30395;22007:30396;22007:30397;22007:30398;22007:30399;22007:30400;22007:30338;22007:30401;39124336:18340619,20120915.0,0.0,2012-09-15,2012,9
59069103,10491058986,251725,28,1628665:29778;1628665:29782;1628665:29784;1628665:29785;1628665:29787;1628665:29790;1628665:29793;1628665:29796;1628665:29798;1628665:29799;1628665:31614;1628665:61550;1628665:82340;1628665:92012;1628665:108579;1628665:131622;1628665:133527;1628665:3233936;1628665:3233937;1628665:3233938;1628665:3233939;1628665:3233940;1628665:3233941;1628665:3233942;2397831:40203,1,2012-07-19,2012,7,3,1,1628665:29778;1628665:29782;1628665:29784;1628665:29785;1628665:29787;1628665:29790;1628665:29793;1628665:29796;1628665:29798;1628665:29799;1628665:31614;1628665:61550;1628665:82340;1628665:92012;1628665:108579;1628665:131622;1628665:133527;1628665:3233936;1628665:3233937;1628665:3233938;1628665:3233939;1628665:3233940;1628665:3233941;1628665:3233942;2397831:40203,,0.0,2006-04-13,2006,4
379910739,12881672070,50012451,50008168,1628665:3233941;22019:3228688;22019:3265977;22019:3340598;22019:34731;33030:31160;33162:30914;3156768:4195556;25935:31381;13512069:117821971;1628324:3229493;1628324:3473865;21458:118784072,2,2012-09-04,2012,9,1,2,1628665:3233941;22019:3228688;22019:3265977;22019:3340598;22019:34731;33030:31160;33162:30914;3156768:4195556;25935:31381;13512069:117821971;1628324:3229493;1628324:3473865;21458:118784072,20110226.0,0.0,2011-02-26,2011,2
67443207,18921322045,50012360,122650008,21458:59122972;1628665:29778;1628665:3233938;1628665:82340;1628665:29784;1628665:108579;1628665:29785;1628665:29782;1628665:29799;1633959:280654456;22007:30376;22007:30377;22007:30391;22007:30392;22007:30393;22007:30394;22007:30395;22007:30396;22007:30397;22007:30398;22007:30399;22007:30400;22007:30338;22007:30401;1628366:32799;2397831:16561212;8185014:3228727;8185017:31691;21972:29855;8185016:31619;8185021:3227759;8185020:14466340;25935:21991;39124336:29855,1,2013-08-02,2013,8,4,1,21458:59122972;1628665:29778;1628665:3233938;1628665:82340;1628665:29784;1628665:108579;1628665:29785;1628665:29782;1628665:29799;1633959:280654456;22007:30376;22007:30377;22007:30391;22007:30392;22007:30393;22007:30394;22007:30395;22007:30396;22007:30397;22007:30398;22007:30399;22007:30400;22007:30338;22007:30401;1628366:32799;2397831:16561212;8185014:3228727;8185017:31691;21972:29855;8185016:31619;8185021:3227759;8185020:14466340;25935:21991;39124336:29855,,0.0,2008-01-01,2008,1
685332320,12781785338,50018831,50014815,21458:4348502;1629846:4344686;1828368:39447633;21487:29774;6798969:51746;7250727:3218944;33337:3218948;1556:29851;33595:28481,2,2013-06-01,2013,6,5,2,21458:4348502;1629846:4344686;1828368:39447633;21487:29774;6798969:51746;7250727:3218944;33337:3218948;1556:29851;33595:28481,20120223.0,0.0,2012-02-23,2012,2
389326420,17164967407,50006820,28,21458:125625318;50167493:3366864;21475:275708185;11646255:26929190;21479:3262142;11684888:11468,1,2014-09-16,2014,9,1,1,21458:125625318;50167493:3366864;21475:275708185;11646255:26929190;21479:3262142;11684888:11468,20130717.0,0.0,2013-07-17,2013,7
359840716,17513925908,50013207,50008168,1628665:3233941;1628665:3233942;1628665:3233939;2904342:30905;22019:2026;22019:50793479;22019:3287412;22019:3377924;22019:2375;22019:28232;22019:138748;25935:21991;32047:93470;8151548:106665;13394971:3269223;13395135:114477;13512632:3218237;1628348:11468,1,2013-03-18,2013,3,0,1,1628665:3233941;1628665:3233942;1628665:3233939;2904342:30905;22019:2026;22019:50793479;22019:3287412;22019:3377924;22019:2375;22019:28232;22019:138748;25935:21991;32047:93470;8151548:106665;13394971:3269223;13395135:114477;13512632:3218237;1628348:11468,,0.0,2009-01-20,2009,1
1372572,16915013171,50008845,28,21458:30992;1628665:3233941;1628665:3233942;1628665:3233939;1628665:92012;1628665:29790;1628665:31614;1628665:61550;1628665:3233940;1628665:3233936;1628665:3233937;1628665:29798;1628665:29778;1628665:3233938;1628665:82340;1628665:29787;1628665:29784;1628665:29793;1628665:131622;1628665:29796;1628665:133527;1628665:108579;1628665:29785;1628665:29782;1628665:29799;21475:11488282;5851534:3245869;2397831:40203,1,2013-03-27,2013,3,2,1,21458:30992;1628665:3233941;1628665:3233942;1628665:3233939;1628665:92012;1628665:29790;1628665:31614;1628665:61550;1628665:3233940;1628665:3233936;1628665:3233937;1628665:29798;1628665:29778;1628665:3233938;1628665:82340;1628665:29787;1628665:29784;1628665:29793;1628665:131622;1628665:29796;1628665:133527;1628665:108579;1628665:29785;1628665:29782;1628665:29799;21475:11488282;5851534:3245869;2397831:40203,20120130.0,1.0,2012-01-30,2012,1
54855720,39635136808,50018436,50014815,1628665:3233941;1628665:3233942;1628665:3233939;1628665:92012;1628665:29790;1628665:31614;1628665:61550;1628665:3233940;1628665:3233936;1628665:3233937;1628665:29798;1628665:29778;1628665:3233938;1628665:82340;1628665:29787;1628665:29784;1628665:29793;1628665:131622;1628665:29796;1628665:133527;1628665:108579;1628665:29785,2,2014-09-13,2014,9,5,2,1628665:3233941;1628665:3233942;1628665:3233939;1628665:92012;1628665:29790;1628665:31614;1628665:61550;1628665:3233940;1628665:3233936;1628665:3233937;1628665:29798;1628665:29778;1628665:3233938;1628665:82340;1628665:29787;1628665:29784;1628665:29793;1628665:131622;1628665:29796;1628665:133527;1628665:108579;1628665:29785,20130128.0,0.0,2013-01-28,2013,1
